0,0,0,0.400025,0.674949,1
0,0,1,0.400016,0.197235,1
0,0,2,0.400016,0.469338,1
0,0,3,0.400016,0.570191,1
0,0,4,0.400016,0.537189,1
0,0,5,0.400016,0.0314219,1
0,0,6,0.400016,0.000112254,1
0,0,7,0.400016,0.711473,1
0,0,8,0.400016,0.0341174,1
0,0,9,0.400016,0.372941,0
0,1,0,0.308462,0.731737,1
0,1,1,0.281588,0.694748,1
0,1,2,0.288995,0.703482,1
0,1,3,0.300355,0.719488,1
0,1,4,0.249609,0.642362,1
0,1,5,0.222474,0.536644,1
0,1,6,0.222229,0.206013,1
0,1,7,0.22223,0.522699,1
0,1,8,0.222229,0.153794,1
0,1,9,0.314065,0.742794,0
0,2,0,0.370238,0.793904,1
0,2,1,0.328644,0.751373,1
0,2,2,0.34772,0.771455,1
0,2,3,0.352944,0.774992,1
0,2,4,0.174244,0.512521,1
0,2,5,0.154677,0.441732,1
0,2,6,0.153851,0.129626,1
0,2,7,0.153851,0.377035,1
0,2,8,0.153851,0.0804396,1
0,2,9,0.374781,0.79859,0
0,3,0,0.426032,0.834211,1
0,3,1,0.379002,0.796466,1
0,3,2,0.403968,0.816814,1
0,3,3,0.405351,0.816737,1
0,3,4,0.134546,0.433731,1
0,3,5,0.118485,0.364101,1
0,3,6,0.117651,0.0965335,1
0,3,7,0.117651,0.305906,1
0,3,8,0.117651,0.0596147,1
0,3,9,0.429535,0.837418,0
0,4,0,0.475428,0.863457,1
0,4,1,0.438176,0.842213,1
0,4,2,0.457911,0.853547,1
0,4,3,0.459747,0.854198,1
0,4,4,0.106483,0.348867,1
0,4,5,0.0957745,0.287964,1
0,4,6,0.0952415,0.124292,1
0,4,7,0.0952416,0.255463,1
0,4,8,0.0952415,0.0666955,1
0,4,9,0.477726,0.864935,0
0,5,0,0.518459,0.884871,1
0,5,1,0.489652,0.87093,1
0,5,2,0.505228,0.87885,1
0,5,3,0.506848,0.87942,1
0,5,4,0.0876435,0.274305,1
0,5,5,0.0803571,0.241725,1
0,5,6,0.0800033,0.132902,1
0,5,7,0.0800034,0.202852,1
0,5,8,0.0800033,0.0572805,1
0,5,9,0.519749,0.885137,0
0,6,0,0.555777,0.900497,1
0,6,1,0.533859,0.891387,1
0,6,2,0.545993,0.89669,1
0,6,3,0.547419,0.897104,1
0,6,4,0.0744674,0.239728,1
0,6,5,0.0692148,0.209515,1
0,6,6,0.0689688,0.112957,1
0,6,7,0.0689688,0.174517,1
0,6,8,0.0689688,0.0480538,1
0,6,9,0.556341,0.900431,0
0,7,0,0.588246,0.912583,1
0,7,1,0.571842,0.906582,1
0,7,2,0.581198,0.910202,1
0,7,3,0.582457,0.910512,1
0,7,4,0.0647347,0.206309,1
0,7,5,0.0602491,0.17843,1
0,7,6,0.0600283,0.0944557,1
0,7,7,0.0600283,0.147612,1
0,7,8,0.0600283,0.0397076,1
0,7,9,0.588283,0.912332,0
0,8,0,0.616635,0.92217,1
0,8,1,0.604621,0.918234,1
0,8,2,0.611754,0.920734,1
0,8,3,0.61287,0.920972,1
0,8,4,0.0563229,0.174999,1
0,8,5,0.0523795,0.149872,1
0,8,6,0.052182,0.0780328,1
0,8,7,0.052182,0.123205,1
0,8,8,0.052182,0.0324625,1
0,8,9,0.616289,0.921812,0
0,9,0,0.641599,0.929936,1
0,9,1,0.633078,0.927413,1
0,9,2,0.638435,0.929145,1
0,9,3,0.63943,0.929331,1
0,9,4,0.0489469,0.146273,1
0,9,5,0.0454879,0.123958,1
0,9,6,0.045312,0.0635843,1
0,9,7,0.045312,0.101312,1
0,9,8,0.045312,0.026212,1
0,9,9,0.640971,0.929519,0
0,10,0,0.663677,0.936342,1
0,10,1,0.657945,0.934809,1
0,10,2,0.661878,0.936,1
0,10,3,0.662771,0.936147,1
0,10,4,0.0424933,0.120263,1
0,10,5,0.0394653,0.100756,1
0,10,6,0.0393091,0.0509994,1
0,10,7,0.0393091,0.0819131,1
0,10,8,0.0393091,0.0208592,1
0,10,9,0.662842,0.935894,0
0,11,0,0.683314,0.941708,1
0,11,1,0.679817,0.940883,1
0,11,2,0.682606,0.941684,1
0,11,3,0.683411,0.941802,1
0,11,4,0.0368576,0.0970469,1
0,11,5,0.0342115,0.0802878,1
0,11,6,0.0340733,0.040164,1
0,11,7,0.0340733,0.0649593,1
0,11,8,0.0340733,0.0163174,1
0,11,9,0.682327,0.941246,0
0,12,0,0.700875,0.946263,1
0,12,1,0.699177,0.945953,1
0,12,2,0.70104,0.946467,1
0,12,3,0.70177,0.946563,1
0,12,4,0.0319444,0.0766582,1
0,12,5,0.0296355,0.0625353,1
0,12,6,0.0295136,0.0309632,1
0,12,7,0.0295136,0.0503765,1
0,12,8,0.0295136,0.0125082,1
0,12,9,0.699776,0.945798,0
0,13,0,0.716659,0.950175,1
0,13,1,0.716416,0.950243,1
0,13,2,0.717527,0.950544,1
0,13,3,0.718192,0.950623,1
0,13,4,0.0276673,0.0590824,1
0,13,5,0.0256553,0.0474401,1
0,13,6,0.0255481,0.0232808,1
0,13,7,0.0255481,0.0380666,1
0,13,8,0.0255481,0.00936051,1
0,13,9,0.715479,0.949713,0
0,14,0,0.730913,0.953569,1
0,14,1,0.731851,0.953918,1
0,14,2,0.732348,0.954058,1
0,14,3,0.732957,0.954123,1
0,14,4,0.0239486,0.0442585,1
0,14,5,0.0221974,0.0349024,1
0,14,6,0.0221035,0.0169978,1
0,14,7,0.0221035,0.0279072,1
0,14,8,0.0221035,0.00680812,1
0,14,9,0.729675,0.953113,0
0,15,0,0.743843,0.95654,1
0,15,1,0.745742,0.957099,1
0,15,2,0.745736,0.957116,1
0,15,3,0.746296,0.95717,1
0,15,4,0.0207192,0.0320751,1
0,15,5,0.0191964,0.0247772,1
0,15,6,0.0191144,0.0119887,1
0,15,7,0.0191144,0.0197479,1
0,15,8,0.0191144,0.00478723,1
0,15,9,0.742564,0.956093,0
0,16,0,0.75562,0.95916,1
0,16,1,0.758304,0.959878,1
0,16,2,0.757884,0.9598,1
0,16,3,0.7584,0.959845,1
0,16,4,0.0179172,0.0223669,1
0,16,5,0.0165943,0.0168711,1
0,16,6,0.0165229,0.00811863,1
0,16,7,0.0165229,0.013407,1
0,16,8,0.0165229,0.00323425,1
0,16,9,0.754314,0.958725,0
0,17,0,0.766389,0.961488,1
0,17,1,0.769714,0.962325,1
0,17,2,0.768952,0.962174,1
0,17,3,0.769431,0.962212,1
0,17,4,0.0154881,0.0149115,1
0,17,5,0.0143397,0.0109415,1
0,17,6,0.0142778,0.00524089,1
0,17,7,0.0142778,0.00867115,1
0,17,8,0.0142778,0.00208419,1
0,17,9,0.765066,0.961064,0
0,18,0,0.776269,0.96357,1
0,18,1,0.78012,0.964496,1
0,18,2,0.779076,0.964288,1
0,18,3,0.77952,0.96432,1
0,18,4,0.0133839,0.00943302,1
0,18,5,0.0123877,0.00670362,1
0,18,6,0.0123341,0.00319816,1
0,18,7,0.0123341,0.00529854,1
0,18,8,0.0123341,0.00127027,1
0,18,9,0.774938,0.963158,0
0,19,0,0.785366,0.965442,1
0,19,1,0.789647,0.966435,1
0,19,2,0.788368,0.966182,1
0,19,3,0.788782,0.966209,1
0,19,4,0.0115622,0.00561289,1
0,19,5,0.0106987,0.00384324,1
0,19,6,0.0106523,0.00182696,1
0,19,7,0.0106523,0.00302954,1
0,19,8,0.0106523,0.000725046,1
0,19,9,0.784032,0.965041,0
1,0,0,0.583569,0.913498,1
1,0,1,0.578673,0.911214,1
1,0,2,0.581474,0.914208,1
1,0,3,0.585506,0.915648,1
1,0,4,0.267054,0.638024,1
1,0,5,0.250331,0.567314,1
1,0,6,0.250007,0.293704,1
1,0,7,0.250016,0.548157,1
1,0,8,0.250007,0.143596,1
1,0,9,0.499122,0.862341,0
1,1,0,0.647289,0.935335,1
1,1,1,0.646964,0.937101,1
1,1,2,0.646063,0.936538,1
1,1,3,0.649324,0.937279,1
1,1,4,0.17426,0.463899,1
1,1,5,0.166799,0.411881,1
1,1,6,0.166673,0.272664,1
1,1,7,0.166676,0.396629,1
1,1,8,0.166673,0.0821376,1
1,1,9,0.35617,0.780472,0
1,2,0,0.696763,0.949375,1
1,2,1,0.697845,0.95104,1
1,2,2,0.696364,0.950603,1
1,2,3,0.698365,0.950643,1
1,2,4,0.129343,0.377936,1
1,2,5,0.125056,0.316589,1
1,2,6,0.125006,0.214624,1
1,2,7,0.125007,0.321807,1
1,2,8,0.125006,0.0688146,1
1,2,9,0.42103,0.83101,0
1,3,0,0.735775,0.959249,1
1,3,1,0.734564,0.958411,1
1,3,2,0.7352,0.95972,1
1,3,3,0.736988,0.960074,1
1,3,4,0.104792,0.342659,1
1,3,5,0.100146,0.304209,1
1,3,6,0.100005,0.109816,1
1,3,7,0.100006,0.268438,1
1,3,8,0.100005,0.0430795,1
1,3,9,0.477476,0.864675,0
1,4,0,0.766522,0.966183,1
1,4,1,0.765663,0.965794,1
1,4,2,0.766172,0.966164,1
1,4,3,0.76735,0.966361,1
1,4,4,0.0864678,0.269667,1
1,4,5,0.0834592,0.255125,1
1,4,6,0.0833385,0.1222,1
1,4,7,0.0833385,0.210955,1
1,4,8,0.0833385,0.0366155,1
1,4,9,0.525736,0.888022,0
1,5,0,0.79111,0.970895,1
1,5,1,0.790497,0.970595,1
1,5,2,0.790908,0.970902,1
1,5,3,0.791668,0.971007,1
1,5,4,0.0735949,0.235863,1
1,5,5,0.0715381,0.222321,1
1,5,6,0.0714336,0.104036,1
1,5,7,0.0714334,0.182337,1
1,5,8,0.0714336,0.0307282,1
1,5,9,0.5669,0.904937,0
1,6,0,0.811166,0.974483,1
1,6,1,0.810729,0.974244,1
1,6,2,0.811065,0.974505,1
1,6,3,0.811531,0.974553,1
1,6,4,0.0640566,0.202954,1
1,6,5,0.0623063,0.190156,1
1,6,6,0.0621948,0.0870202,1
1,6,7,0.0621947,0.154734,1
1,6,8,0.0621948,0.0253641,1
1,6,9,0.602135,0.91765,0
1,7,0,0.827807,0.977301,1
1,7,1,0.827499,0.977105,1
1,7,2,0.827776,0.977331,1
1,7,3,0.828032,0.977343,1
1,7,4,0.0557869,0.172168,1
1,7,5,0.0541962,0.160463,1
1,7,6,0.0540816,0.0719571,1
1,7,7,0.0540814,0.129619,1
1,7,8,0.0540816,0.020732,1
1,7,9,0.632481,0.927499,0
1,8,0,0.841819,0.979569,1
1,8,1,0.841607,0.979405,1
1,8,2,0.841837,0.979604,1
1,8,3,0.841942,0.979592,1
1,8,4,0.0485295,0.143938,1
1,8,5,0.0470887,0.133387,1
1,8,6,0.0469738,0.0587311,1
1,8,7,0.0469737,0.107019,1
1,8,8,0.0469738,0.0167518,1
1,8,9,0.658798,0.935326,0
1,9,0,0.853769,0.981432,1
1,9,1,0.85363,0.981293,1
1,9,2,0.853822,0.98147,1
1,9,3,0.853815,0.981442,1
1,9,4,0.0421743,0.118387,1
1,9,5,0.040873,0.109021,1
1,9,6,0.0407601,0.0472237,1
1,9,7,0.04076,0.0869259,1
1,9,8,0.0407601,0.0133531,1
1,9,9,0.681786,0.941681,0
1,10,0,0.864074,0.982989,1
1,10,1,0.863991,0.982869,1
1,10,2,0.864153,0.983029,1
1,10,3,0.864062,0.982989,1
1,10,4,0.0366193,0.0955852,1
1,10,5,0.0354472,0.0874098,1
1,10,6,0.0353381,0.0373175,1
1,10,7,0.035338,0.0692979,1
1,10,8,0.0353381,0.010474,1
1,10,9,0.702004,0.946933,0
1,11,0,0.873047,0.984309,1
1,11,1,0.873007,0.984203,1
1,11,2,0.873144,0.984349,1
1,11,3,0.872991,0.984302,1
1,11,4,0.0317718,0.075561,1
1,11,5,0.0307186,0.0685562,1
1,11,6,0.0306145,0.0288974,1
1,11,7,0.0306144,0.0540678,1
1,11,8,0.0306145,0.00806008,1
1,11,9,0.719903,0.951341,0
1,12,0,0.880928,0.985441,1
1,12,1,0.880921,0.985348,1
1,12,2,0.881038,0.985481,1
1,12,3,0.880837,0.98543,1
1,12,4,0.0275477,0.0582964,1
1,12,5,0.0266033,0.0524198,1
1,12,6,0.0265051,0.0218511,1
1,12,7,0.026505,0.0411444,1
1,12,8,0.0265051,0.00606305,1
1,12,9,0.735846,0.955091,0
1,13,0,0.887901,0.986423,1
1,13,1,0.887921,0.98634,1
1,13,2,0.888021,0.986463,1
1,13,3,0.887785,0.986408,1
1,13,4,0.0238713,0.0437288,1
1,13,5,0.0230262,0.038917,1
1,13,6,0.0229344,0.0160668,1
1,13,7,0.0229344,0.0304118,1
1,13,8,0.0229344,0.00443913,1
1,13,9,0.750125,0.958316,0
1,14,0,0.894115,0.987283,1
1,14,1,0.894155,0.987208,1
1,14,2,0.894241,0.987322,1
1,14,3,0.893978,0.987265,1
1,14,4,0.0206752,0.0317475,1
1,14,5,0.0199203,0.0279178,1
1,14,6,0.0198352,0.0114303,1
1,14,7,0.0198351,0.0217272,1
1,14,8,0.0198352,0.00314738,1
1,14,9,0.762982,0.961118,0
1,15,0,0.899685,0.988041,1
1,15,1,0.899742,0.987973,1
1,15,2,0.899816,0.988079,1
1,15,3,0.899532,0.988021,1
1,15,4,0.0178992,0.0221893,1
1,15,5,0.0172259,0.0192417,1
1,15,6,0.0171476,0.00782169,1
1,15,7,0.0171475,0.0149169,1
1,15,8,0.0171476,0.00214806,1
1,15,9,0.774614,0.963574,0
1,16,0,0.904705,0.988715,1
1,16,1,0.904775,0.988653,1
1,16,2,0.904839,0.988752,1
1,16,3,0.904541,0.988694,1
1,16,4,0.01549,0.0148369,1
1,16,5,0.0148904,0.0126567,1
1,16,6,0.0148188,0.00511276,1
1,16,7,0.0148188,0.0097749,1
1,16,8,0.0148188,0.00140134,1
1,16,9,0.785183,0.965744,0
1,17,0,0.909253,0.989318,1
1,17,1,0.909334,0.989261,1
1,17,2,0.909389,0.989354,1
1,17,3,0.90908,0.989295,1
1,17,4,0.0134007,0.00942151,1
1,17,5,0.0128674,0.00788325,1
1,17,6,0.0128024,0.00316675,1
1,17,7,0.0128024,0.00606522,1
1,17,8,0.0128024,0.000866736,1
1,17,9,0.794827,0.967674,0
1,18,0,0.913392,0.98986,1
1,18,1,0.913481,0.989808,1
1,18,2,0.913528,0.989896,1
1,18,3,0.913211,0.989837,1
1,18,4,0.0115899,0.00563318,1
1,18,5,0.0111161,0.00460711,1
1,18,6,0.0110574,0.00184114,1
1,18,7,0.0110574,0.00353061,1
1,18,8,0.0110574,0.000503434,1
1,18,9,0.803659,0.969401,0
1,19,0,0.917173,0.990351,1
1,19,1,0.917269,0.990302,1
1,19,2,0.91731,0.990385,1
1,19,3,0.916988,0.990327,1
1,19,4,0.0100213,0.00313982,1
1,19,5,0.00960089,0.00249949,1
1,19,6,0.00954822,0.000993854,1
1,19,7,0.0095482,0.00190732,1
1,19,8,0.00954822,0.000271588,1
1,19,9,0.811777,0.970956,0
2,0,0,0.586542,0.91594,1
2,0,1,0.578654,0.911713,1
2,0,2,0.584904,0.914885,1
2,0,3,0.57929,0.911816,1
2,0,4,0.35649,0.781029,1
2,0,5,0.349573,0.772452,1
2,0,6,0.352466,0.776683,1
2,0,7,0.352553,0.776632,1
2,0,8,0.347049,0.772841,1
2,0,9,0.432657,0.803264,0
2,1,0,0.651551,0.937957,1
2,1,1,0.646293,0.93651,1
2,1,2,0.650972,0.93804,1
2,1,3,0.647322,0.937062,1
2,1,4,0.420712,0.828567,1
2,1,5,0.41636,0.827955,1
2,1,6,0.417494,0.828886,1
2,1,7,0.416976,0.827965,1
2,1,8,0.41317,0.824305,1
2,1,9,0.32331,0.748481,0
2,2,0,0.700626,0.951307,1
2,2,1,0.697157,0.950567,1
2,2,2,0.700518,0.951482,1
2,2,3,0.698149,0.950995,1
2,2,4,0.476839,0.86238,1
2,2,5,0.47425,0.862989,1
2,2,6,0.474427,0.863203,1
2,2,7,0.473704,0.862349,1
2,2,8,0.471171,0.860152,1
2,2,9,0.386417,0.805033,0
2,3,0,0.738425,0.960132,1
2,3,1,0.736154,0.959753,1
2,3,2,0.738533,0.960322,1
2,3,3,0.737002,0.960082,1
2,3,4,0.525032,0.886038,1
2,3,5,0.52363,0.887134,1
2,3,6,0.523317,0.887092,1
2,3,7,0.522578,0.886371,1
2,3,8,0.520965,0.884971,1
2,3,9,0.443403,0.844116,0
2,4,0,0.768199,0.966346,1
2,4,1,0.766741,0.966165,1
2,4,2,0.768405,0.966528,1
2,4,3,0.767435,0.966421,1
2,4,4,0.566244,0.903241,1
2,4,5,0.565643,0.904513,1
2,4,6,0.565094,0.904384,1
2,4,7,0.564417,0.90379,1
2,4,8,0.563464,0.902852,1
2,4,9,0.49332,0.871592,0
2,5,0,0.792147,0.970936,1
2,5,1,0.79125,0.97087,1
2,5,2,0.792394,0.971103,1
2,5,3,0.791807,0.971072,1
2,5,4,0.601574,0.916191,1
2,5,5,0.601519,0.917501,1
2,5,6,0.600868,0.917351,1
2,5,7,0.600282,0.916862,1
2,5,8,0.599801,0.916208,1
2,5,9,0.536532,0.891536,0
2,6,0,0.811769,0.974453,1
2,6,1,0.811267,0.974457,1
2,6,2,0.81203,0.974606,1
2,6,3,0.811711,0.97462,1
2,6,4,0.632024,0.926232,1
2,6,5,0.632346,0.92752,1
2,6,6,0.631665,0.927374,1
2,6,7,0.631173,0.926966,1
2,6,8,0.631035,0.926495,1
2,6,9,0.573862,0.906484,0
2,7,0,0.828109,0.977228,1
2,7,1,0.827891,0.977276,1
2,7,2,0.82837,0.977367,1
2,7,3,0.828242,0.97741,1
2,7,4,0.658444,0.934214,1
2,7,5,0.659027,0.935453,1
2,7,6,0.658353,0.935319,1
2,7,7,0.657951,0.934977,1
2,7,8,0.658062,0.934629,1
2,7,9,0.606197,0.918016,0
2,8,0,0.841909,0.979471,1
2,8,1,0.841896,0.979547,1
2,8,2,0.842163,0.979598,1
2,8,3,0.842171,0.979659,1
2,8,4,0.681525,0.940694,1
2,8,5,0.682289,0.941875,1
2,8,6,0.681642,0.941756,1
2,8,7,0.681319,0.941465,1
2,8,8,0.681612,0.941202,1
2,8,9,0.634343,0.927139,0
2,9,0,0.853706,0.98132,1
2,9,1,0.853844,0.981413,1
2,9,2,0.853949,0.981436,1
2,9,3,0.854058,0.981507,1
2,9,4,0.701825,0.94605,1
2,9,5,0.702716,0.94717,1
2,9,6,0.702104,0.947066,1
2,9,7,0.70185,0.946815,1
2,9,8,0.702278,0.946614,1
2,9,9,0.658987,0.93451,0
2,10,0,0.8639,0.982868,1
2,10,1,0.864149,0.982972,1
2,10,2,0.864131,0.982975,1
2,10,3,0.864314,0.983053,1
2,10,4,0.719794,0.950544,1
2,10,5,0.720773,0.951606,1
2,10,6,0.7202,0.951514,1
2,10,7,0.720005,0.951297,1
2,10,8,0.720532,0.95114,1
2,10,9,0.680695,0.940577,0
2,11,0,0.872792,0.984183,1
2,11,1,0.873124,0.984295,1
2,11,2,0.873011,0.984282,1
2,11,3,0.873248,0.984364,1
2,11,4,0.735797,0.954366,1
2,11,5,0.736834,0.955371,1
2,11,6,0.736301,0.955291,1
2,11,7,0.736156,0.955101,1
2,11,8,0.736756,0.954978,1
2,11,9,0.699932,0.945649,0
2,12,0,0.880613,0.985314,1
2,12,1,0.881006,0.985429,1
2,12,2,0.88082,0.985406,1
2,12,3,0.881097,0.98549,1
2,12,4,0.750129,0.957652,1
2,12,5,0.751204,0.958606,1
2,12,6,0.750708,0.958536,1
2,12,7,0.750607,0.958368,1
2,12,8,0.75126,0.958271,1
2,12,9,0.717075,0.949947,0
2,13,0,0.887543,0.986296,1
2,13,1,0.887982,0.986413,1
2,13,2,0.887739,0.986381,1
2,13,3,0.888046,0.986466,1
2,13,4,0.763029,0.960507,1
2,13,5,0.764128,0.961412,1
2,13,6,0.763668,0.961351,1
2,13,7,0.763603,0.961201,1
2,13,8,0.764295,0.961125,1
2,13,9,0.732436,0.953631,0
2,14,0,0.893725,0.987156,1
2,14,1,0.894198,0.987274,1
2,14,2,0.893909,0.987236,1
2,14,3,0.894239,0.987321,1
2,14,4,0.774698,0.963009,1
2,14,5,0.775809,0.963869,1
2,14,6,0.775382,0.963816,1
2,14,7,0.775349,0.963682,1
2,14,8,0.776068,0.963621,1
2,14,9,0.746268,0.956823,0
2,15,0,0.899272,0.987916,1
2,15,1,0.89977,0.988034,1
2,15,2,0.899446,0.987992,1
2,15,3,0.899791,0.988076,1
2,15,4,0.785299,0.965218,1
2,15,5,0.786414,0.966038,1
2,15,6,0.786017,0.965991,1
2,15,7,0.786011,0.96587,1
2,15,8,0.786749,0.965822,1
2,15,9,0.758781,0.959613,0
2,16,0,0.904276,0.988593,1
2,16,1,0.904791,0.988709,1
2,16,2,0.904441,0.988663,1
2,16,3,0.904797,0.988747,1
2,16,4,0.794969,0.967183,1
2,16,5,0.796082,0.967965,1
2,16,6,0.795714,0.967924,1
2,16,7,0.79573,0.967814,1
2,16,8,0.79648,0.967776,1
2,16,9,0.770152,0.962071,0
2,17,0,0.908812,0.989198,1
2,17,1,0.90934,0.989313,1
2,17,2,0.908969,0.989265,1
2,17,3,0.909333,0.989347,1
2,17,4,0.803824,0.968941,1
2,17,5,0.80493,0.969689,1
2,17,6,0.804587,0.969652,1
2,17,7,0.804623,0.969552,1
2,17,8,0.80538,0.969523,1
2,17,9,0.780525,0.964253,0
2,18,0,0.912944,0.989743,1
2,18,1,0.91348,0.989856,1
2,18,2,0.913092,0.989806,1
2,18,3,0.913461,0.989887,1
2,18,4,0.81196,0.970524,1
2,18,5,0.813057,0.971239,1
2,18,6,0.812737,0.971207,1
2,18,7,0.81279,0.971115,1
2,18,8,0.81355,0.971093,1
2,18,9,0.790023,0.966202,0
2,19,0,0.916721,0.990236,1
2,19,1,0.917262,0.990347,1
2,19,2,0.916862,0.990296,1
2,19,3,0.917234,0.990375,1
2,19,4,0.819461,0.971955,1
2,19,5,0.820545,0.972641,1
2,19,6,0.820247,0.972612,1
2,19,7,0.820314,0.972528,1
2,19,8,0.821074,0.972511,1
2,19,9,0.798751,0.967953,0
3,0,0,0.585173,0.914032,1
3,0,1,0.586301,0.915543,1
3,0,2,0.585307,0.91338,1
3,0,3,0.579166,0.913283,1
3,0,4,0.581309,0.911822,1
3,0,5,0.587505,0.916477,1
3,0,6,0.587711,0.916635,1
3,0,7,0.586236,0.915101,1
3,0,8,0.584811,0.914946,1
3,0,9,0.413392,0.790467,0
3,1,0,0.651024,0.937716,1
3,1,1,0.651051,0.93712,1
3,1,2,0.650684,0.93767,1
3,1,3,0.64722,0.936656,1
3,1,4,0.648269,0.936966,1
3,1,5,0.652627,0.938394,1
3,1,6,0.652978,0.938637,1
3,1,7,0.651215,0.937396,1
3,1,8,0.65115,0.938217,1
3,1,9,0.315165,0.743064,0
3,2,0,0.700491,0.951207,1
3,2,1,0.700139,0.950652,1
3,2,2,0.700037,0.951135,1
3,2,3,0.69807,0.950676,1
3,2,4,0.698552,0.950787,1
3,2,5,0.701582,0.951644,1
3,2,6,0.701909,0.951819,1
3,2,7,0.700333,0.95089,1
3,2,8,0.700763,0.951638,1
3,2,9,0.376145,0.799298,0
3,3,0,0.738474,0.96009,1
3,3,1,0.738004,0.959596,1
3,3,2,0.73803,0.960029,1
3,3,3,0.736944,0.959827,1
3,3,4,0.737133,0.959858,1
3,3,5,0.739206,0.960379,1
3,3,6,0.739482,0.960515,1
3,3,7,0.738187,0.959793,1
3,3,8,0.738775,0.960453,1
3,3,9,0.432082,0.838865,0
3,4,0,0.768335,0.966327,1
3,4,1,0.767844,0.965898,1
3,4,2,0.767938,0.966285,1
3,4,3,0.767392,0.966206,1
3,4,4,0.767426,0.966208,1
3,4,5,0.76881,0.966522,1
3,4,6,0.769041,0.966639,1
3,4,7,0.768012,0.966058,1
3,4,8,0.768622,0.966636,1
3,4,9,0.481618,0.867006,0
3,5,0,0.792323,0.970928,1
3,5,1,0.791855,0.970555,1
3,5,2,0.791982,0.970898,1
3,5,3,0.791777,0.970889,1
3,5,4,0.791723,0.970874,1
3,5,5,0.792618,0.971068,1
3,5,6,0.792806,0.971164,1
3,5,7,0.792003,0.970692,1
3,5,8,0.792582,0.971194,1
3,5,9,0.524844,0.887559,0
3,6,0,0.811962,0.974451,1
3,6,1,0.811533,0.974124,1
3,6,2,0.811673,0.97443,1
3,6,3,0.81169,0.97446,1
3,6,4,0.811585,0.974437,1
3,6,5,0.812128,0.974554,1
3,6,6,0.812279,0.974634,1
3,6,7,0.81166,0.974242,1
3,6,8,0.81219,0.974682,1
3,6,9,0.562403,0.903018,0
3,7,0,0.828306,0.977229,1
3,7,1,0.82792,0.97694,1
3,7,2,0.828063,0.977216,1
3,7,3,0.828227,0.977268,1
3,7,4,0.828093,0.977242,1
3,7,5,0.828379,0.977307,1
3,7,6,0.8285,0.977374,1
3,7,7,0.828028,0.977044,1
3,7,8,0.828505,0.977433,1
3,7,9,0.59508,0.914969,0
3,8,0,0.842104,0.979474,1
3,8,1,0.841758,0.979216,1
3,8,2,0.8419,0.979466,1
3,8,3,0.842162,0.979531,1
3,8,4,0.842012,0.979504,1
3,8,5,0.842108,0.979533,1
3,8,6,0.842203,0.979591,1
3,8,7,0.841849,0.979307,1
3,8,8,0.842276,0.979655,1
3,8,9,0.62362,0.924433,0
3,9,0,0.853895,0.981323,1
3,9,1,0.853587,0.981091,1
3,9,2,0.853725,0.981319,1
3,9,3,0.854053,0.981392,1
3,9,4,0.853894,0.981364,1
3,9,5,0.853849,0.981369,1
3,9,6,0.853924,0.981419,1
3,9,7,0.853664,0.981173,1
3,9,8,0.854044,0.981486,1
3,9,9,0.648677,0.932086,0
3,10,0,0.864082,0.982871,1
3,10,1,0.863807,0.982661,1
3,10,2,0.86394,0.982871,1
3,10,3,0.864311,0.982948,1
3,10,4,0.86415,0.98292,1
3,10,5,0.863998,0.982907,1
3,10,6,0.864055,0.982951,1
3,10,7,0.863872,0.982735,1
3,10,8,0.864211,0.98302,1
3,10,9,0.670796,0.938386,0
3,11,0,0.872966,0.984187,1
3,11,1,0.87272,0.983994,1
3,11,2,0.872847,0.984189,1
3,11,3,0.873248,0.984267,1
3,11,4,0.873086,0.98424,1
3,11,5,0.872854,0.984215,1
3,11,6,0.872897,0.984254,1
3,11,7,0.872775,0.984062,1
3,11,8,0.873078,0.984322,1
3,11,9,0.690432,0.943653,0
3,12,0,0.880779,0.985317,1
3,12,1,0.880559,0.98514,1
3,12,2,0.88068,0.985321,1
3,12,3,0.881099,0.9854,1
3,12,4,0.880939,0.985374,1
3,12,5,0.880645,0.985339,1
3,12,6,0.880677,0.985374,1
3,12,7,0.880605,0.985202,1
3,12,8,0.880876,0.985442,1
3,12,9,0.707959,0.948117,0
3,13,0,0.887701,0.986299,1
3,13,1,0.887504,0.986135,1
3,13,2,0.887619,0.986305,1
3,13,3,0.888049,0.986382,1
3,13,4,0.887891,0.986358,1
3,13,5,0.887551,0.986316,1
3,13,6,0.887573,0.986347,1
3,13,7,0.887542,0.986192,1
3,13,8,0.887785,0.986414,1
3,13,9,0.723682,0.951943,0
3,14,0,0.893875,0.987159,1
3,14,1,0.893697,0.987007,1
3,14,2,0.893807,0.987166,1
3,14,3,0.894243,0.987243,1
3,14,4,0.894089,0.987219,1
3,14,5,0.893713,0.987172,1
3,14,6,0.893727,0.987201,1
3,14,7,0.893729,0.98706,1
3,14,8,0.893948,0.987266,1
3,14,9,0.737857,0.955258,0
3,15,0,0.899414,0.987919,1
3,15,1,0.899255,0.987777,1
3,15,2,0.899359,0.987927,1
3,15,3,0.899796,0.988002,1
3,15,4,0.899646,0.987979,1
3,15,5,0.899244,0.987929,1
3,15,6,0.899251,0.987955,1
3,15,7,0.899281,0.987827,1
3,15,8,0.899478,0.988019,1
3,15,9,0.750693,0.958155,0
3,16,0,0.904411,0.988595,1
3,16,1,0.904267,0.988462,1
3,16,2,0.904367,0.988603,1
3,16,3,0.904803,0.988677,1
3,16,4,0.904657,0.988655,1
3,16,5,0.904234,0.988602,1
3,16,6,0.904236,0.988626,1
3,16,7,0.904289,0.988508,1
3,16,8,0.904467,0.988688,1
3,16,9,0.762367,0.960707,0
3,17,0,0.908942,0.9892,1
3,17,1,0.908811,0.989076,1
3,17,2,0.908906,0.989209,1
3,17,3,0.909339,0.989281,1
3,17,4,0.909197,0.98926,1
3,17,5,0.90876,0.989206,1
3,17,6,0.908757,0.989227,1
3,17,7,0.908829,0.989119,1
3,17,8,0.90899,0.989288,1
3,17,9,0.773024,0.962972,0
3,18,0,0.913067,0.989745,1
3,18,1,0.912949,0.989627,1
3,18,2,0.913039,0.989754,1
3,18,3,0.913468,0.989824,1
3,18,4,0.91333,0.989804,1
3,18,5,0.912882,0.989749,1
3,18,6,0.912875,0.989769,1
3,18,7,0.912963,0.989668,1
3,18,8,0.913109,0.989828,1
3,18,9,0.782789,0.964995,0
3,19,0,0.916839,0.990238,1
3,19,1,0.916731,0.990127,1
3,19,2,0.916818,0.990248,1
3,19,3,0.917241,0.990316,1
3,19,4,0.917107,0.990296,1
3,19,5,0.916652,0.99024,1
3,19,6,0.916642,0.990259,1
3,19,7,0.916743,0.990165,1
3,19,8,0.916875,0.990316,1
3,19,9,0.791767,0.966812,0
4,0,0,0.587225,0.916783,1
4,0,1,0.584222,0.914922,1
4,0,2,0.586962,0.916677,1
4,0,3,0.587282,0.916474,1
4,0,4,0.585091,0.915221,1
4,0,5,0.580744,0.913653,1
4,0,6,0.585403,0.915159,1
4,0,7,0.581743,0.914402,1
4,0,8,0.587385,0.916432,1
4,0,9,0.40062,0.749951,0
4,1,0,0.65225,0.938319,1
4,1,1,0.650347,0.938025,1
4,1,2,0.652075,0.938393,1
4,1,3,0.652015,0.938021,1
4,1,4,0.651143,0.938204,1
4,1,5,0.647911,0.937118,1
4,1,6,0.651314,0.937942,1
4,1,7,0.648666,0.937519,1
4,1,8,0.652787,0.938671,1
4,1,9,0.309815,0.737236,0
4,2,0,0.701217,0.951572,1
4,2,1,0.700018,0.951496,1
4,2,2,0.701099,0.951643,1
4,2,3,0.70091,0.951314,1
4,2,4,0.700656,0.951603,1
4,2,5,0.698346,0.950954,1
4,2,6,0.70075,0.951378,1
4,2,7,0.698886,0.951218,1
4,2,8,0.7018,0.951864,1
4,2,9,0.368801,0.793111,0
4,3,0,0.738893,0.960329,1
4,3,1,0.738149,0.960355,1
4,3,2,0.738817,0.960396,1
4,3,3,0.738597,0.960118,1
4,3,4,0.738639,0.960417,1
4,3,5,0.737013,0.960008,1
4,3,6,0.738688,0.960222,1
4,3,7,0.737396,0.960199,1
4,3,8,0.739422,0.960564,1
4,3,9,0.423592,0.83309,0
4,4,0,0.76856,0.966497,1
4,4,1,0.768116,0.966572,1
4,4,2,0.768511,0.966559,1
4,4,3,0.768297,0.966321,1
4,4,4,0.768484,0.966605,1
4,4,5,0.767354,0.966341,1
4,4,6,0.768506,0.966434,1
4,4,7,0.767623,0.966483,1
4,4,8,0.769011,0.966685,1
4,4,9,0.472592,0.861869,0
4,5,0,0.79242,0.971053,1
4,5,1,0.79218,0.971152,1
4,5,2,0.792392,0.97111,1
4,5,3,0.792195,0.970905,1
4,5,4,0.792453,0.971167,1
4,5,5,0.791683,0.970994,1
4,5,6,0.792458,0.971016,1
4,5,7,0.791869,0.971105,1
4,5,8,0.792795,0.971207,1
4,5,9,0.515652,0.883037,0
4,6,0,0.811974,0.974547,1
4,6,1,0.811874,0.974657,1
4,6,2,0.811959,0.974599,1
4,6,3,0.811784,0.97442,1
4,6,4,0.812073,0.974659,1
4,6,5,0.811567,0.974547,1
4,6,6,0.812067,0.974524,1
4,6,7,0.811692,0.974635,1
4,6,8,0.812281,0.974674,1
4,6,9,0.553263,0.89903,0
4,7,0,0.82826,0.977305,1
4,7,1,0.828259,0.97742,1
4,7,2,0.828255,0.977354,1
4,7,3,0.828101,0.977196,1
4,7,4,0.828401,0.977414,1
4,7,5,0.828091,0.977342,1
4,7,6,0.828388,0.977292,1
4,7,7,0.828171,0.977415,1
4,7,8,0.828511,0.977412,1
4,7,9,0.586117,0.911425,0
4,8,0,0.842017,0.979535,1
4,8,1,0.842086,0.97965,1
4,8,2,0.842019,0.97958,1
4,8,3,0.841885,0.979439,1
4,8,4,0.842184,0.979639,1
4,8,5,0.84202,0.979595,1
4,8,6,0.842166,0.979528,1
4,8,7,0.842066,0.979656,1
4,8,8,0.84222,0.979626,1
4,8,9,0.614902,0.921259,0
4,9,0,0.85378,0.981373,1
4,9,1,0.8539,0.981487,1
4,9,2,0.853788,0.981415,1
4,9,3,0.85367,0.981288,1
4,9,4,0.853963,0.981472,1
4,9,5,0.85391,0.981449,1
4,9,6,0.853942,0.98137,1
4,9,7,0.853931,0.981501,1
4,9,8,0.853945,0.981452,1
4,9,9,0.640236,0.92922,0
4,10,0,0.863947,0.982914,1
4,10,1,0.864103,0.983025,1
4,10,2,0.863959,0.982953,1
4,10,3,0.863856,0.982838,1
4,10,4,0.864139,0.983007,1
4,10,5,0.864172,0.982999,1
4,10,6,0.864116,0.982913,1
4,10,7,0.864172,0.983044,1
4,10,8,0.864079,0.982982,1
4,10,9,0.662647,0.935779,0
4,11,0,0.872818,0.984222,1
4,11,1,0.873,0.984331,1
4,11,2,0.872833,0.984259,1
4,11,3,0.872742,0.984154,1
4,11,4,0.873014,0.984311,1
4,11,5,0.873112,0.984314,1
4,11,6,0.87299,0.984224,1
4,11,7,0.873097,0.984353,1
4,11,8,0.872923,0.984283,1
4,11,9,0.682576,0.941266,0
4,12,0,0.880621,0.985348,1
4,12,1,0.880823,0.985453,1
4,12,2,0.880638,0.985383,1
4,12,3,0.880559,0.985286,1
4,12,4,0.880819,0.985432,1
4,12,5,0.880967,0.985443,1
4,12,6,0.880794,0.985351,1
4,12,7,0.88094,0.985477,1
4,12,8,0.880704,0.985401,1
4,12,9,0.700389,0.945917,0
4,13,0,0.887537,0.986325,1
4,13,1,0.887752,0.986427,1
4,13,2,0.887556,0.986358,1
4,13,3,0.887486,0.986269,1
4,13,4,0.887735,0.986406,1
4,13,5,0.887922,0.986423,1
4,13,6,0.887709,0.98633,1
4,13,7,0.887886,0.986453,1
4,13,8,0.887601,0.986373,1
4,13,9,0.71639,0.949907,0
4,14,0,0.893707,0.987182,1
4,14,1,0.893932,0.987281,1
4,14,2,0.893727,0.987214,1
4,14,3,0.893665,0.98713,1
4,14,4,0.893903,0.987259,1
4,14,5,0.894121,0.98728,1
4,14,6,0.893877,0.987187,1
4,14,7,0.894078,0.987308,1
4,14,8,0.893755,0.987225,1
4,14,9,0.730829,0.953364,0
4,15,0,0.899245,0.987939,1
4,15,1,0.899476,0.988034,1
4,15,2,0.899265,0.987969,1
4,15,3,0.899211,0.987891,1
4,15,4,0.899438,0.988012,1
4,15,5,0.899679,0.988038,1
4,15,6,0.899412,0.987945,1
4,15,7,0.89963,0.988062,1
4,15,8,0.89928,0.987978,1
4,15,9,0.743917,0.956385,0
4,16,0,0.904241,0.988613,1
4,16,1,0.904476,0.988705,1
4,16,2,0.904263,0.988641,1
4,16,3,0.904214,0.988568,1
4,16,4,0.904431,0.988683,1
4,16,5,0.904691,0.98871,1
4,16,6,0.904406,0.988619,1
4,16,7,0.904637,0.988733,1
4,16,8,0.904265,0.988649,1
4,16,9,0.755829,0.959046,0
4,17,0,0.908772,0.989216,1
4,17,1,0.909009,0.989305,1
4,17,2,0.908793,0.989243,1
4,17,3,0.908751,0.989174,1
4,17,4,0.908958,0.989283,1
4,17,5,0.909232,0.989313,1
4,17,6,0.908933,0.989222,1
4,17,7,0.909175,0.989333,1
4,17,8,0.908786,0.989249,1
4,17,9,0.766712,0.961408,0
4,18,0,0.912898,0.989759,1
4,18,1,0.913136,0.989845,1
4,18,2,0.91292,0.989785,1
4,18,3,0.912882,0.98972,1
4,18,4,0.91308,0.989823,1
4,18,5,0.913365,0.989854,1
4,18,6,0.913055,0.989765,1
4,18,7,0.913305,0.989873,1
4,18,8,0.912903,0.989789,1
4,18,9,0.776691,0.963518,0
4,19,0,0.916671,0.990251,1
4,19,1,0.916909,0.990334,1
4,19,2,0.916693,0.990276,1
4,19,3,0.916659,0.990214,1
4,19,4,0.916849,0.990312,1
4,19,5,0.917142,0.990344,1
4,19,6,0.916825,0.990257,1
4,19,7,0.91708,0.990361,1
4,19,8,0.91667,0.990278,1
4,19,9,0.785871,0.965413,0
5,0,0,0.585401,0.915843,1
5,0,1,0.58243,0.913014,1
5,0,2,0.587117,0.916436,1
5,0,3,0.58743,0.916807,1
5,0,4,0.582139,0.912851,1
5,0,5,0.583143,0.912994,1
5,0,6,0.576256,0.910349,1
5,0,7,0.586097,0.914426,1
5,0,8,0.585536,0.914826,1
5,0,9,0.441119,0.798255,0
5,1,0,0.651056,0.938205,1
5,1,1,0.649577,0.937562,1
5,1,2,0.651534,0.938166,1
5,1,3,0.65236,0.938219,1
5,1,4,0.649258,0.937534,1
5,1,5,0.649996,0.937766,1
5,1,6,0.645254,0.936491,1
5,1,7,0.651716,0.938015,1
5,1,8,0.651109,0.937565,1
5,1,9,0.328234,0.750648,0
5,2,0,0.70045,0.951566,1
5,2,1,0.699751,0.951283,1
5,2,2,0.700295,0.951384,1
5,2,3,0.701254,0.951476,1
5,2,4,0.699465,0.95125,1
5,2,5,0.699967,0.95136,1
5,2,6,0.696815,0.950747,1
5,2,7,0.700972,0.951453,1
5,2,8,0.70045,0.951021,1
5,2,9,0.392406,0.807171,0
5,3,0,0.738405,0.960383,1
5,3,1,0.738123,0.960214,1
5,3,2,0.738038,0.960189,1
5,3,3,0.738902,0.960245,1
5,3,4,0.73789,0.960202,1
5,3,5,0.738237,0.960274,1
5,3,6,0.736118,0.95995,1
5,3,7,0.738809,0.960242,1
5,3,8,0.738389,0.95994,1
5,3,9,0.449636,0.845945,0
5,4,0,0.76826,0.966576,1
5,4,1,0.768211,0.966474,1
5,4,2,0.767822,0.966393,1
5,4,3,0.768553,0.966422,1
5,4,4,0.768028,0.966473,1
5,4,5,0.768264,0.966515,1
5,4,6,0.76685,0.966358,1
5,4,7,0.768564,0.966437,1
5,4,8,0.768236,0.966198,1
5,4,9,0.499377,0.873029,0
5,5,0,0.79225,0.971144,1
5,5,1,0.792336,0.971079,1
5,5,2,0.791803,0.970979,1
5,5,3,0.792406,0.970986,1
5,5,4,0.792194,0.971085,1
5,5,5,0.792351,0.971108,1
5,5,6,0.791428,0.97105,1
5,5,7,0.792476,0.97101,1
5,5,8,0.792224,0.970815,1
5,5,9,0.542233,0.892639,0
5,6,0,0.811894,0.974641,1
5,6,1,0.812059,0.974599,1
5,6,2,0.811463,0.974494,1
5,6,3,0.811955,0.974487,1
5,6,4,0.81195,0.974608,1
5,6,5,0.812051,0.974621,1
5,6,6,0.811476,0.974622,1
5,6,7,0.81206,0.974514,1
5,6,8,0.811868,0.974351,1
5,6,9,0.579149,0.907331,0
5,7,0,0.828244,0.9774,1
5,7,1,0.828456,0.977369,1
5,7,2,0.827844,0.977271,1
5,7,3,0.82824,0.977253,1
5,7,4,0.828373,0.977381,1
5,7,5,0.828433,0.977389,1
5,7,6,0.828109,0.977425,1
5,7,7,0.828363,0.977277,1
5,7,8,0.828219,0.977143,1
5,7,9,0.611072,0.918672,0
5,8,0,0.842046,0.979628,1
5,8,1,0.842286,0.979605,1
5,8,2,0.84168,0.979515,1
5,8,3,0.841997,0.979488,1
5,8,4,0.842224,0.979619,1
5,8,5,0.842253,0.979623,1
5,8,6,0.842112,0.979682,1
5,8,7,0.842129,0.97951,1
5,8,8,0.842023,0.979397,1
5,8,9,0.638833,0.927649,0
5,9,0,0.853842,0.981464,1
5,9,1,0.854098,0.981444,1
5,9,2,0.85351,0.981364,1
5,9,3,0.853761,0.981331,1
5,9,4,0.854052,0.98146,1
5,9,5,0.854058,0.981464,1
5,9,6,0.854052,0.981534,1
5,9,7,0.853897,0.981348,1
5,9,8,0.853821,0.981257,1
5,9,9,0.663124,0.934909,0
5,10,0,0.864033,0.983002,1
5,10,1,0.864296,0.982987,1
5,10,2,0.863732,0.982911,1
5,10,3,0.863929,0.982874,1
5,10,4,0.864263,0.983003,1
5,10,5,0.864253,0.983003,1
5,10,6,0.864348,0.983084,1
5,10,7,0.864066,0.982892,1
5,10,8,0.864014,0.982811,1
5,10,9,0.684516,0.940892,0
5,11,0,0.872922,0.984308,1
5,11,1,0.873186,0.984296,1
5,11,2,0.872647,0.984225,1
5,11,3,0.8728,0.984186,1
5,11,4,0.873164,0.984313,1
5,11,5,0.87314,0.984311,1
5,11,6,0.873313,0.984398,1
5,11,7,0.872936,0.984203,1
5,11,8,0.872904,0.984131,1
5,11,9,0.703469,0.945899,0
5,12,0,0.880738,0.98543,1
5,12,1,0.881002,0.985421,1
5,12,2,0.880487,0.985355,1
5,12,3,0.880604,0.985314,1
5,12,4,0.880989,0.985437,1
5,12,5,0.880954,0.985434,1
5,12,6,0.881186,0.985526,1
5,12,7,0.880738,0.985331,1
5,12,8,0.880722,0.985266,1
5,12,9,0.720361,0.950146,0
5,13,0,0.887664,0.986404,1
5,13,1,0.887924,0.986398,1
5,13,2,0.887433,0.986335,1
5,13,3,0.88752,0.986294,1
5,13,4,0.887918,0.986414,1
5,13,5,0.887876,0.986409,1
5,13,6,0.888152,0.986503,1
5,13,7,0.887652,0.986311,1
5,13,8,0.887649,0.986251,1
5,13,9,0.735496,0.95379,0
5,14,0,0.893841,0.987258,1
5,14,1,0.894096,0.987253,1
5,14,2,0.893629,0.987195,1
5,14,3,0.893691,0.987153,1
5,14,4,0.894096,0.987269,1
5,14,5,0.894047,0.987263,1
5,14,6,0.894359,0.987358,1
5,14,7,0.89382,0.987169,1
5,14,8,0.893827,0.987114,1
5,14,9,0.749127,0.95695,0
5,15,0,0.899383,0.988012,1
5,15,1,0.899633,0.988009,1
5,15,2,0.899188,0.987954,1
5,15,3,0.899229,0.987911,1
5,15,4,0.899638,0.988024,1
5,15,5,0.899584,0.988018,1
5,15,6,0.899922,0.988113,1
5,15,7,0.899355,0.987927,1
5,15,8,0.89937,0.987877,1
5,15,9,0.761461,0.959713,0
5,16,0,0.904383,0.988685,1
5,16,1,0.904626,0.988679,1
5,16,2,0.904203,0.988627,1
5,16,3,0.904225,0.988585,1
5,16,4,0.904636,0.988696,1
5,16,5,0.904578,0.988683,1
5,16,6,0.904934,0.988778,1
5,16,7,0.904348,0.988595,1
5,16,8,0.904371,0.988552,1
5,16,9,0.772669,0.96215,0
5,17,0,0.908916,0.989285,1
5,17,1,0.909152,0.98928,1
5,17,2,0.908749,0.989232,1
5,17,3,0.908756,0.98919,1
5,17,4,0.909165,0.989297,1
5,17,5,0.909105,0.989284,1
5,17,6,0.909474,0.989377,1
5,17,7,0.908876,0.9892,1
5,17,8,0.908905,0.98916,1
5,17,9,0.782896,0.964314,0
5,18,0,0.913044,0.989826,1
5,18,1,0.913273,0.989821,1
5,18,2,0.912888,0.989776,1
5,18,3,0.912882,0.989734,1
5,18,4,0.913289,0.989838,1
5,18,5,0.913227,0.989825,1
5,18,6,0.913606,0.989917,1
5,18,7,0.912999,0.989744,1
5,18,8,0.913033,0.989707,1
5,18,9,0.792262,0.966249,0
5,19,0,0.916818,0.990315,1
5,19,1,0.91704,0.990311,1
5,19,2,0.916672,0.990268,1
5,19,3,0.916656,0.990227,1
5,19,4,0.917058,0.990327,1
5,19,5,0.916995,0.990314,1
5,19,6,0.917381,0.990405,1
5,19,7,0.91677,0.990236,1
5,19,8,0.916807,0.990202,1
5,19,9,0.800871,0.967987,0
6,0,0,0.577424,0.912157,1
6,0,1,0.530995,0.876262,1
6,0,2,0.550628,0.895483,1
6,0,3,0.576132,0.909454,1
6,0,4,0.511347,0.870244,1
6,0,5,0.490064,0.848937,1
6,0,6,0.505314,0.861129,1
6,0,7,0.556851,0.898691,1
6,0,8,0.583112,0.91343,1
6,0,9,0.400024,0.718954,0
6,1,0,0.646306,0.936378,1
6,1,1,0.613066,0.925083,1
6,1,2,0.627979,0.931288,1
6,1,3,0.645558,0.936621,1
6,1,4,0.597595,0.919852,1
6,1,5,0.351831,0.775966,1
6,1,6,0.592853,0.918732,1
6,1,7,0.631707,0.932318,1
6,1,8,0.649808,0.937569,1
6,1,9,0.309622,0.737195,0
6,2,0,0.697588,0.950563,1
6,2,1,0.67347,0.943856,1
6,2,2,0.684847,0.947844,1
6,2,3,0.697146,0.950822,1
6,2,4,0.661145,0.940565,1
6,2,5,0.416857,0.827398,1
6,2,6,0.657297,0.939906,1
6,2,7,0.687249,0.948341,1
6,2,8,0.699766,0.9512,1
6,2,9,0.36873,0.793108,0
6,3,0,0.736699,0.959776,1
6,3,1,0.718797,0.955442,1
6,3,2,0.727652,0.958231,1
6,3,3,0.736436,0.960023,1
6,3,4,0.708752,0.95316,1
6,3,5,0.473503,0.861762,1
6,3,6,0.705534,0.952724,1
6,3,7,0.729303,0.958501,1
6,3,8,0.738052,0.960142,1
6,3,9,0.423535,0.833146,0
6,4,0,0.767284,0.966188,1
6,4,1,0.75369,0.963208,1
6,4,2,0.760739,0.965284,1
6,4,3,0.767131,0.966417,1
6,4,4,0.745315,0.961514,1
6,4,5,0.522044,0.885678,1
6,4,6,0.742557,0.961201,1
6,4,7,0.761934,0.965442,1
6,4,8,0.768105,0.966407,1
6,4,9,0.472495,0.861909,0
6,5,0,0.79175,0.970887,1
6,5,1,0.781217,0.968738,1
6,5,2,0.786947,0.970357,1
6,5,3,0.791668,0.971097,1
6,5,4,0.774092,0.967419,1
6,5,5,0.563507,0.903012,1
6,5,6,0.771684,0.96718,1
6,5,7,0.787849,0.970455,1
6,5,8,0.792218,0.971019,1
6,5,9,0.515502,0.883053,0
6,6,0,0.811714,0.974467,1
6,6,1,0.803409,0.972862,1
6,6,2,0.808154,0.974169,1
6,6,3,0.811678,0.974659,1
6,6,4,0.797244,0.971795,1
6,6,5,0.599028,0.916035,1
6,6,6,0.795107,0.971605,1
6,6,7,0.808859,0.974232,1
6,6,8,0.811941,0.974545,1
6,6,9,0.553063,0.899025,0
6,7,0,0.828283,0.97728,1
6,7,1,0.821638,0.976047,1
6,7,2,0.825631,0.977132,1
6,7,3,0.828278,0.977456,1
6,7,4,0.816226,0.975159,1
6,7,5,0.629635,0.926119,1
6,7,6,0.814308,0.975003,1
6,7,7,0.826199,0.977172,1
6,7,8,0.828342,0.977323,1
6,7,9,0.585873,0.911406,0
6,8,0,0.842237,0.979546,1
6,8,1,0.836855,0.978576,1
6,8,2,0.840263,0.979496,1
6,8,3,0.842255,0.979708,1
6,8,4,0.832047,0.977822,1
6,8,5,0.656186,0.934127,1
6,8,6,0.830307,0.97769,1
6,8,7,0.840731,0.979523,1
6,8,8,0.842179,0.979566,1
6,8,9,0.614623,0.92123,0
6,9,0,0.854141,0.981408,1
6,9,1,0.849737,0.980632,1
6,9,2,0.85268,0.981426,1
6,9,3,0.854173,0.981558,1
6,9,4,0.845419,0.979978,1
6,9,5,0.679381,0.940625,1
6,9,6,0.843828,0.979865,1
6,9,7,0.853073,0.981443,1
6,9,8,0.853997,0.981412,1
6,9,9,0.63993,0.929184,0
6,10,0,0.864407,0.982964,1
6,10,1,0.860772,0.982334,1
6,10,2,0.863342,0.983029,1
6,10,3,0.86445,0.983104,1
6,10,4,0.856862,0.98176,1
6,10,5,0.699783,0.945993,1
6,10,6,0.855396,0.981661,1
6,10,7,0.863678,0.98304,1
6,10,8,0.864203,0.982957,1
6,10,9,0.662321,0.935739,0
6,11,0,0.873348,0.984284,1
6,11,1,0.870327,0.983765,1
6,11,2,0.872591,0.984381,1
6,11,3,0.873399,0.984415,1
6,11,4,0.866758,0.983255,1
6,11,5,0.717844,0.950496,1
6,11,6,0.8654,0.983167,1
6,11,7,0.872883,0.984388,1
6,11,8,0.8731,0.984269,1
6,11,9,0.682234,0.941225,0
6,12,0,0.881202,0.985416,1
6,12,1,0.878676,0.984985,1
6,12,2,0.880688,0.985537,1
6,12,3,0.881257,0.985539,1
6,12,4,0.875398,0.984526,1
6,12,5,0.733929,0.954324,1
6,12,6,0.874132,0.984448,1
6,12,7,0.880944,0.98554,1
6,12,8,0.880922,0.985396,1
6,12,9,0.700036,0.945874,0
6,13,0,0.888153,0.986399,1
6,13,1,0.886032,0.986037,1
6,13,2,0.887832,0.986535,1
6,13,3,0.888212,0.986514,1
6,13,4,0.883002,0.985621,1
6,13,5,0.748336,0.957616,1
6,13,6,0.881818,0.98555,1
6,13,7,0.888059,0.986536,1
6,13,8,0.88785,0.986374,1
6,13,9,0.71603,0.949862,0
6,14,0,0.894346,0.987259,1
6,14,1,0.892559,0.986953,1
6,14,2,0.894181,0.987407,1
6,14,3,0.894408,0.987368,1
6,14,4,0.889745,0.986573,1
6,14,5,0.761307,0.960474,1
6,14,6,0.888632,0.986508,1
6,14,7,0.894385,0.987406,1
6,14,8,0.894027,0.987231,1
6,14,9,0.730465,0.953316,0
6,15,0,0.899899,0.988018,1
6,15,1,0.89839,0.987757,1
6,15,2,0.899859,0.988173,1
6,15,3,0.899962,0.988121,1
6,15,4,0.895764,0.987408,1
6,15,5,0.77304,0.962979,1
6,15,6,0.894715,0.987349,1
6,15,7,0.900043,0.988171,1
6,15,8,0.899569,0.987988,1
6,15,9,0.743551,0.956337,0
6,16,0,0.904904,0.988692,1
6,16,1,0.903628,0.988469,1
6,16,2,0.904967,0.988853,1
6,16,3,0.904968,0.98879,1
6,16,4,0.901169,0.988147,1
6,16,5,0.783701,0.96519,1
6,16,6,0.900175,0.988092,1
6,16,7,0.905134,0.98885,1
6,16,8,0.904567,0.988662,1
6,16,9,0.755463,0.958999,0
6,17,0,0.909439,0.989296,1
6,17,1,0.908359,0.989104,1
6,17,2,0.909584,0.989459,1
6,17,3,0.909503,0.989389,1
6,17,4,0.906047,0.988805,1
6,17,5,0.793427,0.967157,1
6,17,6,0.905105,0.988754,1
6,17,7,0.909738,0.989455,1
6,17,8,0.909097,0.989264,1
6,17,9,0.766347,0.961362,0
6,18,0,0.913566,0.989839,1
6,18,1,0.912653,0.989673,1
6,18,2,0.913779,0.990004,1
6,18,3,0.913629,0.989928,1
6,18,4,0.910472,0.989394,1
6,18,5,0.802334,0.968917,1
6,18,6,0.909576,0.989346,1
6,18,7,0.913921,0.989999,1
6,18,8,0.913222,0.989806,1
6,18,9,0.776328,0.963472,0
6,19,0,0.917337,0.99033,1
6,19,1,0.916567,0.990186,1
6,19,2,0.917606,0.990495,1
6,19,3,0.9174,0.990415,1
6,19,4,0.914504,0.989925,1
6,19,5,0.810519,0.970501,1
6,19,6,0.913649,0.98988,1
6,19,7,0.917737,0.990491,1
6,19,8,0.916993,0.990297,1
6,19,9,0.78551,0.965368,0
7,0,0,0.586933,0.916454,1
7,0,1,0.587226,0.916593,1
7,0,2,0.587331,0.916715,1
7,0,3,0.586823,0.916151,1
7,0,4,0.587721,0.916864,1
7,0,5,0.586506,0.916118,1
7,0,6,0.585928,0.916219,1
7,0,7,0.586874,0.91555,1
7,0,8,0.587068,0.91581,1
7,0,9,0.424938,0.79304,0
7,1,0,0.652067,0.938462,1
7,1,1,0.652461,0.938521,1
7,1,2,0.652387,0.938513,1
7,1,3,0.652311,0.938459,1
7,1,4,0.652806,0.938623,1
7,1,5,0.65187,0.938356,1
7,1,6,0.651327,0.938091,1
7,1,7,0.65177,0.937666,1
7,1,8,0.652208,0.938285,1
7,1,9,0.321094,0.746466,0
7,2,0,0.701106,0.951666,1
7,2,1,0.701413,0.951652,1
7,2,2,0.701362,0.951728,1
7,2,3,0.701426,0.951712,1
7,2,4,0.701708,0.951791,1
7,2,5,0.700886,0.95154,1
7,2,6,0.700612,0.951476,1
7,2,7,0.700773,0.950919,1
7,2,8,0.701222,0.951553,1
7,2,9,0.383946,0.803412,0
7,3,0,0.738831,0.960427,1
7,3,1,0.739074,0.960411,1
7,3,2,0.739022,0.960461,1
7,3,3,0.739144,0.960462,1
7,3,4,0.739298,0.960504,1
7,3,5,0.738655,0.960339,1
7,3,6,0.738505,0.960285,1
7,3,7,0.738518,0.959822,1
7,3,8,0.738915,0.960325,1
7,3,9,0.440604,0.842523,0
7,4,0,0.768528,0.966586,1
7,4,1,0.768717,0.966566,1
7,4,2,0.768667,0.966604,1
7,4,3,0.768808,0.966611,1
7,4,4,0.76888,0.966632,1
7,4,5,0.768395,0.96652,1
7,4,6,0.768317,0.966485,1
7,4,7,0.768256,0.966083,1
7,4,8,0.768588,0.966495,1
7,4,9,0.490236,0.870074,0
7,5,0,0.792406,0.971145,1
7,5,1,0.792561,0.971139,1
7,5,2,0.792503,0.971142,1
7,5,3,0.79265,0.971151,1
7,5,4,0.792668,0.971161,1
7,5,5,0.792333,0.971109,1
7,5,6,0.792269,0.971056,1
7,5,7,0.79218,0.970754,1
7,5,8,0.792452,0.971048,1
7,5,9,0.533228,0.890069,0
7,6,0,0.811972,0.97463,1
7,6,1,0.812096,0.97462,1
7,6,2,0.812038,0.974622,1
7,6,3,0.81218,0.974631,1
7,6,4,0.812163,0.974634,1
7,6,5,0.811938,0.974605,1
7,6,6,0.811889,0.974559,1
7,6,7,0.811785,0.974291,1
7,6,8,0.812006,0.974543,1
7,6,9,0.570417,0.905114,0
7,7,0,0.828266,0.977381,1
7,7,1,0.828365,0.977369,1
7,7,2,0.828309,0.97737,1
7,7,3,0.828442,0.977378,1
7,7,4,0.828402,0.977376,1
7,7,5,0.828258,0.977363,1
7,7,6,0.828223,0.977323,1
7,7,7,0.828113,0.977082,1
7,7,8,0.828292,0.977302,1
7,7,9,0.602675,0.91674,0
7,8,0,0.842029,0.979605,1
7,8,1,0.842106,0.979592,1
7,8,2,0.842053,0.979592,1
7,8,3,0.842178,0.979599,1
7,8,4,0.842122,0.979594,1
7,8,5,0.842039,0.979592,1
7,8,6,0.842016,0.979557,1
7,8,7,0.841904,0.97934,1
7,8,8,0.842047,0.979532,1
7,8,9,0.630792,0.925949,0
7,9,0,0.853796,0.981438,1
7,9,1,0.853856,0.981424,1
7,9,2,0.853807,0.981424,1
7,9,3,0.853922,0.98143,1
7,9,4,0.853856,0.981424,1
7,9,5,0.853819,0.981428,1
7,9,6,0.853806,0.981397,1
7,9,7,0.853695,0.981199,1
7,9,8,0.853809,0.981371,1
7,9,9,0.65544,0.933399,0
7,10,0,0.863966,0.982974,1
7,10,1,0.864011,0.98296,1
7,10,2,0.863967,0.98296,1
7,10,3,0.864072,0.982965,1
7,10,4,0.863999,0.982957,1
7,10,5,0.863998,0.982966,1
7,10,6,0.863993,0.982939,1
7,10,7,0.863884,0.982757,1
7,10,8,0.863974,0.982911,1
7,10,9,0.677178,0.939537,0
7,11,0,0.872838,0.98428,1
7,11,1,0.872872,0.984267,1
7,11,2,0.872831,0.984263,1
7,11,3,0.872928,0.984268,1
7,11,4,0.87285,0.984259,1
7,11,5,0.872877,0.984275,1
7,11,6,0.872877,0.984248,1
7,11,7,0.872773,0.984088,1
7,11,8,0.872843,0.984219,1
7,11,9,0.69646,0.944669,0
7,12,0,0.880643,0.985401,1
7,12,1,0.880667,0.985388,1
7,12,2,0.880629,0.985385,1
7,12,3,0.880718,0.985389,1
7,12,4,0.880638,0.98538,1
7,12,5,0.880686,0.985398,1
7,12,6,0.880692,0.985374,1
7,12,7,0.880591,0.985224,1
7,12,8,0.880645,0.985345,1
7,12,9,0.71366,0.949024,0
7,13,0,0.88756,0.986376,1
7,13,1,0.887575,0.986363,1
7,13,2,0.887541,0.98636,1
7,13,3,0.887623,0.986363,1
7,13,4,0.887541,0.986354,1
7,13,5,0.887606,0.986374,1
7,13,6,0.887616,0.986351,1
7,13,7,0.887519,0.986212,1
7,13,8,0.887559,0.986323,1
7,13,9,0.729086,0.952761,0
7,14,0,0.893731,0.98723,1
7,14,1,0.893739,0.987217,1
7,14,2,0.893707,0.987214,1
7,14,3,0.893783,0.987217,1
7,14,4,0.8937,0.987207,1
7,14,5,0.893779,0.987228,1
7,14,6,0.893792,0.987208,1
7,14,7,0.893699,0.987077,1
7,14,8,0.893728,0.98718,1
7,14,9,0.742987,0.956,0
7,15,0,0.899268,0.987984,1
7,15,1,0.899271,0.987971,1
7,15,2,0.899242,0.987969,1
7,15,3,0.899312,0.987971,1
7,15,4,0.899229,0.987962,1
7,15,5,0.899318,0.987983,1
7,15,6,0.899335,0.987965,1
7,15,7,0.899245,0.987841,1
7,15,8,0.899264,0.987937,1
7,15,9,0.755573,0.958832,0
7,16,0,0.904265,0.988656,1
7,16,1,0.904263,0.988642,1
7,16,2,0.904236,0.988641,1
7,16,3,0.904301,0.988642,1
7,16,4,0.904219,0.988633,1
7,16,5,0.904315,0.988655,1
7,16,6,0.904335,0.988638,1
7,16,7,0.904249,0.988521,1
7,16,8,0.904259,0.988611,1
7,16,9,0.767017,0.961329,0
7,17,0,0.908795,0.989257,1
7,17,1,0.908789,0.989244,1
7,17,2,0.908765,0.989242,1
7,17,3,0.908825,0.989243,1
7,17,4,0.908743,0.989234,1
7,17,5,0.908846,0.989257,1
7,17,6,0.908868,0.989241,1
7,17,7,0.908785,0.98913,1
7,17,8,0.908789,0.989214,1
7,17,9,0.777463,0.963546,0
7,18,0,0.912921,0.989798,1
7,18,1,0.912911,0.989785,1
7,18,2,0.912889,0.989784,1
7,18,3,0.912946,0.989785,1
7,18,4,0.912865,0.989776,1
7,18,5,0.912972,0.989798,1
7,18,6,0.912996,0.989784,1
7,18,7,0.912916,0.989678,1
7,18,8,0.912914,0.989757,1
7,18,9,0.787034,0.965527,0
7,19,0,0.916695,0.990288,1
7,19,1,0.916681,0.990275,1
7,19,2,0.916661,0.990274,1
7,19,3,0.916714,0.990275,1
7,19,4,0.916634,0.990266,1
7,19,5,0.916745,0.990288,1
7,19,6,0.91677,0.990275,1
7,19,7,0.916693,0.990175,1
7,19,8,0.916686,0.990249,1
7,19,9,0.795833,0.967308,0
8,0,0,0.585572,0.914903,1
8,0,1,0.584859,0.914772,1
8,0,2,0.582614,0.912603,1
8,0,3,0.578401,0.911792,1
8,0,4,0.577426,0.908871,1
8,0,5,0.578955,0.910624,1
8,0,6,0.578999,0.909955,1
8,0,7,0.58653,0.916398,1
8,0,8,0.580018,0.912211,1
8,0,9,0.406846,0.769319,0
8,1,0,0.651131,0.938044,1
8,1,1,0.651148,0.938198,1
8,1,2,0.649117,0.937536,1
8,1,3,0.647003,0.937001,1
8,1,4,0.646025,0.936435,1
8,1,5,0.646731,0.936908,1
8,1,6,0.647259,0.936919,1
8,1,7,0.651706,0.938046,1
8,1,8,0.647968,0.937312,1
8,1,9,0.312774,0.738863,0
8,2,0,0.700473,0.951436,1
8,2,1,0.700745,0.951621,1
8,2,2,0.699119,0.951181,1
8,2,3,0.698077,0.951006,1
8,2,4,0.69726,0.950594,1
8,2,5,0.697563,0.950876,1
8,2,6,0.698176,0.950908,1
8,2,7,0.700814,0.951381,1
8,2,8,0.698662,0.951165,1
8,2,9,0.372927,0.795126,0
8,3,0,0.738405,0.960267,1
8,3,1,0.738752,0.960436,1
8,3,2,0.737507,0.960144,1
8,3,3,0.73704,0.960112,1
8,3,4,0.736393,0.959803,1
8,3,5,0.736497,0.959995,1
8,3,6,0.737062,0.960014,1
8,3,7,0.738604,0.960196,1
8,3,8,0.737395,0.960199,1
8,3,9,0.428313,0.835129,0
8,4,0,0.768248,0.966474,1
8,4,1,0.768599,0.966623,1
8,4,2,0.767663,0.966423,1
8,4,3,0.767521,0.966457,1
8,4,4,0.76702,0.966217,1
8,4,5,0.767017,0.966361,1
8,4,6,0.767505,0.966368,1
8,4,7,0.768355,0.966396,1
8,4,8,0.76773,0.966505,1
8,4,9,0.477545,0.863706,0
8,5,0,0.792232,0.971054,1
8,5,1,0.792561,0.971182,1
8,5,2,0.791867,0.971045,1
8,5,3,0.791914,0.971108,1
8,5,4,0.791529,0.970917,1
8,5,5,0.79147,0.971031,1
8,5,6,0.791877,0.971027,1
8,5,7,0.792279,0.970976,1
8,5,8,0.792028,0.971134,1
8,5,9,0.520627,0.884646,0
8,6,0,0.811873,0.974561,1
8,6,1,0.812171,0.974672,1
8,6,2,0.811664,0.974578,1
8,6,3,0.811824,0.974654,1
8,6,4,0.811531,0.974498,1
8,6,5,0.811441,0.974593,1
8,6,6,0.811777,0.974581,1
8,6,7,0.81188,0.974486,1
8,6,8,0.811874,0.974666,1
8,6,9,0.558149,0.900433,0
8,7,0,0.828223,0.977328,1
8,7,1,0.828488,0.977424,1
8,7,2,0.828126,0.97736,1
8,7,3,0.828353,0.977441,1
8,7,4,0.828132,0.977312,1
8,7,5,0.828026,0.977392,1
8,7,6,0.828302,0.977375,1
8,7,7,0.828202,0.977256,1
8,7,8,0.82836,0.977445,1
8,7,9,0.590854,0.912656,0
8,8,0,0.842026,0.979563,1
8,8,1,0.842261,0.979648,1
8,8,2,0.842012,0.979605,1
8,8,3,0.842278,0.979687,1
8,8,4,0.842114,0.979578,1
8,8,5,0.842001,0.979648,1
8,8,6,0.842226,0.979626,1
8,8,7,0.841985,0.979495,1
8,8,8,0.842255,0.979686,1
8,8,9,0.619465,0.922347,0
8,9,0,0.853823,0.981404,1
8,9,1,0.854031,0.981479,1
8,9,2,0.85387,0.981453,1
8,9,3,0.85416,0.981533,1
8,9,4,0.85404,0.981439,1
8,9,5,0.853925,0.981502,1
8,9,6,0.854108,0.981477,1
8,9,7,0.85377,0.98134,1
8,9,8,0.854115,0.981529,1
8,9,9,0.644615,0.930191,0
8,10,0,0.864016,0.982946,1
8,10,1,0.8642,0.983017,1
8,10,2,0.864106,0.982996,1
8,10,3,0.864409,0.983078,1
8,10,4,0.864327,0.983,1
8,10,5,0.864208,0.983056,1
8,10,6,0.864359,0.983032,1
8,10,7,0.863952,0.982876,1
8,10,8,0.864349,0.983071,1
8,10,9,0.666843,0.936654,0
8,11,0,0.872906,0.984257,1
8,11,1,0.873068,0.984319,1
8,11,2,0.873029,0.984309,1
8,11,3,0.873337,0.984387,1
8,11,4,0.873285,0.984319,1
8,11,5,0.873166,0.984369,1
8,11,6,0.873289,0.984343,1
8,11,7,0.872834,0.984192,1
8,11,8,0.873266,0.984378,1
8,11,9,0.686594,0.942057,0
8,12,0,0.880723,0.985383,1
8,12,1,0.880867,0.985439,1
8,12,2,0.880871,0.985436,1
8,12,3,0.881181,0.98551,1
8,12,4,0.881152,0.98545,1
8,12,5,0.881035,0.985496,1
8,12,6,0.881135,0.98547,1
8,12,7,0.880647,0.985321,1
8,12,8,0.881102,0.985501,1
8,12,9,0.704237,0.946639,0
8,13,0,0.887649,0.98636,1
8,13,1,0.887777,0.986409,1
8,13,2,0.887817,0.986415,1
8,13,3,0.888124,0.986485,1
8,13,4,0.888113,0.986429,1
8,13,5,0.888001,0.986472,1
8,13,6,0.88808,0.986443,1
8,13,7,0.887571,0.986307,1
8,13,8,0.88804,0.986474,1
8,13,9,0.720077,0.950569,0
8,14,0,0.893827,0.987217,1
8,14,1,0.893941,0.987262,1
8,14,2,0.89401,0.987272,1
8,14,3,0.894311,0.987338,1
8,14,4,0.894316,0.987288,1
8,14,5,0.894208,0.987328,1
8,14,6,0.894269,0.987299,1
8,14,7,0.893747,0.987166,1
8,14,8,0.894224,0.987327,1
8,14,9,0.734365,0.953974,0
8,15,0,0.89937,0.987973,1
8,15,1,0.899472,0.988015,1
8,15,2,0.899564,0.988028,1
8,15,3,0.899859,0.988092,1
8,15,4,0.899876,0.988046,1
8,15,5,0.899772,0.988084,1
8,15,6,0.899819,0.988055,1
8,15,7,0.899289,0.987925,1
8,15,8,0.899769,0.98808,1
8,15,9,0.747311,0.95695,0
8,16,0,0.90437,0.988646,1
8,16,1,0.904461,0.988685,1
8,16,2,0.904572,0.9887,1
8,16,3,0.904861,0.988761,1
8,16,4,0.904888,0.98872,1
8,16,5,0.904788,0.988755,1
8,16,6,0.904822,0.988727,1
8,16,7,0.904289,0.9886,1
8,16,8,0.90477,0.98875,1
8,16,9,0.75909,0.959573,0
8,17,0,0.908903,0.989249,1
8,17,1,0.908985,0.989284,1
8,17,2,0.909111,0.989302,1
8,17,3,0.909393,0.98936,1
8,17,4,0.909428,0.989322,1
8,17,5,0.909333,0.989356,1
8,17,6,0.909356,0.989328,1
8,17,7,0.908823,0.989205,1
8,17,8,0.909301,0.989349,1
8,17,9,0.769849,0.961901,0
8,18,0,0.913031,0.989791,1
8,18,1,0.913104,0.989824,1
8,18,2,0.913242,0.989843,1
8,18,3,0.913517,0.9899,1
8,18,4,0.913559,0.989864,1
8,18,5,0.913468,0.989896,1
8,18,6,0.913482,0.989868,1
8,18,7,0.912951,0.989749,1
8,18,8,0.913425,0.989888,1
8,18,9,0.779712,0.963981,0
8,19,0,0.916805,0.990282,1
8,19,1,0.916871,0.990313,1
8,19,2,0.917019,0.990333,1
8,19,3,0.917287,0.990387,1
8,19,4,0.917334,0.990355,1
8,19,5,0.917246,0.990385,1
8,19,6,0.917252,0.990357,1
8,19,7,0.916726,0.990242,1
8,19,8,0.917194,0.990376,1
8,19,9,0.788783,0.965849,0
9,0,0,0.582841,0.914508,1
9,0,1,0.583958,0.914028,1
9,0,2,0.583274,0.914191,1
9,0,3,0.585186,0.915467,1
9,0,4,0.578014,0.910944,1
9,0,5,0.583062,0.91433,1
9,0,6,0.582964,0.913627,1
9,0,7,0.58243,0.913846,1
9,0,8,0.586426,0.916003,1
9,0,9,0.405544,0.762804,0
9,1,0,0.649564,0.93781,1
9,1,1,0.65055,0.938085,1
9,1,2,0.64999,0.937935,1
9,1,3,0.651033,0.937377,1
9,1,4,0.646489,0.93636,1
9,1,5,0.650042,0.937899,1
9,1,6,0.649825,0.937859,1
9,1,7,0.649228,0.937514,1
9,1,8,0.651778,0.937966,1
9,1,9,0.312416,0.738282,0
9,2,0,0.699569,0.951404,1
9,2,1,0.700353,0.951576,1
9,2,2,0.699933,0.951489,1
9,2,3,0.700491,0.950944,1
9,2,4,0.697613,0.950532,1
9,2,5,0.70006,0.951486,1
9,2,6,0.699842,0.951441,1
9,2,7,0.699325,0.9512,1
9,2,8,0.700925,0.951315,1
9,2,9,0.372459,0.794667,0
9,3,0,0.737901,0.960317,1
9,3,1,0.738497,0.960427,1
9,3,2,0.738188,0.960374,1
9,3,3,0.738471,0.959864,1
9,3,4,0.736655,0.95973,1
9,3,5,0.738334,0.960375,1
9,3,6,0.738142,0.960344,1
9,3,7,0.737725,0.96016,1
9,3,8,0.738721,0.960146,1
9,3,9,0.427738,0.834628,0
9,4,0,0.767992,0.966562,1
9,4,1,0.768436,0.96663,1
9,4,2,0.768213,0.9666,1
9,4,3,0.768332,0.966136,1
9,4,4,0.767211,0.966143,1
9,4,5,0.768353,0.9666,1
9,4,6,0.768193,0.966579,1
9,4,7,0.767866,0.966436,1
9,4,8,0.768464,0.966355,1
9,4,9,0.476885,0.863221,0
9,5,0,0.792135,0.971157,1
9,5,1,0.792462,0.971199,1
9,5,2,0.792302,0.971182,1
9,5,3,0.79232,0.970761,1
9,5,4,0.791668,0.970844,1
9,5,5,0.79243,0.971181,1
9,5,6,0.792298,0.971167,1
9,5,7,0.792046,0.971053,1
9,5,8,0.792377,0.97094,1
9,5,9,0.519907,0.884189,0
9,6,0,0.81188,0.97467,1
9,6,1,0.812117,0.974694,1
9,6,2,0.812005,0.974686,1
9,6,3,0.811959,0.974303,1
9,6,4,0.81163,0.974428,1
9,6,5,0.812119,0.974683,1
9,6,6,0.812012,0.974675,1
9,6,7,0.811818,0.974582,1
9,6,8,0.811965,0.974453,1
9,6,9,0.557389,0.900009,0
9,7,0,0.828299,0.977437,1
9,7,1,0.828466,0.977449,1
9,7,2,0.828391,0.977447,1
9,7,3,0.828304,0.977097,1
9,7,4,0.828202,0.977244,1
9,7,5,0.82849,0.977443,1
9,7,6,0.828405,0.977439,1
9,7,7,0.828258,0.977362,1
9,7,8,0.828276,0.977226,1
9,7,9,0.590071,0.912263,0
9,8,0,0.842149,0.97967,1
9,8,1,0.842263,0.979673,1
9,8,2,0.842215,0.979676,1
9,8,3,0.842102,0.979353,1
9,8,4,0.842161,0.979512,1
9,8,5,0.842302,0.979671,1
9,8,6,0.842233,0.979669,1
9,8,7,0.842124,0.979604,1
9,8,8,0.84205,0.979468,1
9,8,9,0.61867,0.921982,0
9,9,0,0.853978,0.981508,1
9,9,1,0.85405,0.981506,1
9,9,2,0.854024,0.981511,1
9,9,3,0.853894,0.981213,1
9,9,4,0.85407,0.981377,1
9,9,5,0.8541,0.981505,1
9,9,6,0.854045,0.981506,1
9,9,7,0.853965,0.981449,1
9,9,8,0.853825,0.981314,1
9,9,9,0.643817,0.92985,0
9,10,0,0.864192,0.983047,1
9,10,1,0.864231,0.98304,1
9,10,2,0.864222,0.983047,1
9,10,3,0.86408,0.982771,1
9,10,4,0.864342,0.982937,1
9,10,5,0.864288,0.983041,1
9,10,6,0.864244,0.983043,1
9,10,7,0.864188,0.982994,1
9,10,8,0.864001,0.982861,1
9,10,9,0.666048,0.936334,0
9,11,0,0.873096,0.984353,1
9,11,1,0.873109,0.984343,1
9,11,2,0.873113,0.984351,1
9,11,3,0.872964,0.984093,1
9,11,4,0.873288,0.984259,1
9,11,5,0.87317,0.984345,1
9,11,6,0.873136,0.984347,1
9,11,7,0.873099,0.984305,1
9,11,8,0.872877,0.984175,1
9,11,9,0.685807,0.941759,0
9,12,0,0.880923,0.985474,1
9,12,1,0.880915,0.985462,1
9,12,2,0.880929,0.985471,1
9,12,3,0.880777,0.985229,1
9,12,4,0.881145,0.985387,1
9,12,5,0.880979,0.985462,1
9,12,6,0.880953,0.98547,1
9,12,7,0.880931,0.985427,1
9,12,8,0.880685,0.985308,1
9,12,9,0.70346,0.946356,0
9,13,0,0.887855,0.986448,1
9,13,1,0.88783,0.986434,1
9,13,2,0.887852,0.986444,1
9,13,3,0.887699,0.986217,1
9,13,4,0.8881,0.986371,1
9,13,5,0.887897,0.986434,1
9,13,6,0.887877,0.986443,1
9,13,7,0.887868,0.986405,1
9,13,8,0.887604,0.986289,1
9,13,9,0.719313,0.950302,0
9,14,0,0.894036,0.987301,1
9,14,1,0.893998,0.987286,1
9,14,2,0.894026,0.987296,1
9,14,3,0.893873,0.987082,1
9,14,4,0.894297,0.987233,1
9,14,5,0.894065,0.987287,1
9,14,6,0.894051,0.987296,1
9,14,7,0.894052,0.987261,1
9,14,8,0.893776,0.987149,1
9,14,9,0.733616,0.953722,0
9,15,0,0.89958,0.988054,1
9,15,1,0.899531,0.988038,1
9,15,2,0.899565,0.988049,1
9,15,3,0.899413,0.987846,1
9,15,4,0.899853,0.987994,1
9,15,5,0.899599,0.98804,1
9,15,6,0.899589,0.988048,1
9,15,7,0.899599,0.988017,1
9,15,8,0.899314,0.987908,1
9,15,9,0.746578,0.956711,0
9,16,0,0.904581,0.988724,1
9,16,1,0.904523,0.988707,1
9,16,2,0.904561,0.988718,1
9,16,3,0.90441,0.988526,1
9,16,4,0.904862,0.98867,1
9,16,5,0.904591,0.988709,1
9,16,6,0.904585,0.988718,1
9,16,7,0.904601,0.98869,1
9,16,8,0.904311,0.988584,1
9,16,9,0.758373,0.959346,0
9,17,0,0.909113,0.989324,1
9,17,1,0.909048,0.989306,1
9,17,2,0.909089,0.989318,1
9,17,3,0.908941,0.989135,1
9,17,4,0.909399,0.989275,1
9,17,5,0.909116,0.989309,1
9,17,6,0.909113,0.989317,1
9,17,7,0.909135,0.989291,1
9,17,8,0.908841,0.989189,1
9,17,9,0.769148,0.961686,0
9,18,0,0.913239,0.989863,1
9,18,1,0.913168,0.989846,1
9,18,2,0.913212,0.989857,1
9,18,3,0.913066,0.989683,1
9,18,4,0.913529,0.989819,1
9,18,5,0.913235,0.989848,1
9,18,6,0.913235,0.989857,1
9,18,7,0.913262,0.989833,1
9,18,8,0.912967,0.989734,1
9,18,9,0.779026,0.963775,0
9,19,0,0.91701,0.990352,1
9,19,1,0.916936,0.990334,1
9,19,2,0.916981,0.990345,1
9,19,3,0.916838,0.990179,1
9,19,4,0.917302,0.990311,1
9,19,5,0.917002,0.990336,1
9,19,6,0.917004,0.990345,1
9,19,7,0.917035,0.990323,1
9,19,8,0.91674,0.990227,1
9,19,9,0.788113,0.965653,0
10,0,0,0.583629,0.913753,1
10,0,1,0.586688,0.916414,1
10,0,2,0.583235,0.914158,1
10,0,3,0.544821,0.889138,1
10,0,4,0.572775,0.906485,1
10,0,5,0.580554,0.909595,1
10,0,6,0.580381,0.913034,1
10,0,7,0.584787,0.915867,1
10,0,8,0.558496,0.89779,1
10,0,9,0.446829,0.817089,0
10,1,0,0.650004,0.937724,1
10,1,1,0.651764,0.938009,1
10,1,2,0.649774,0.937543,1
10,1,3,0.623778,0.9298,1
10,1,4,0.643061,0.935357,1
10,1,5,0.648216,0.937287,1
10,1,6,0.648078,0.937065,1
10,1,7,0.650312,0.937968,1
10,1,8,0.633594,0.933078,1
10,1,9,0.330272,0.755067,0
10,2,0,0.69981,0.951281,1
10,2,1,0.700851,0.951374,1
10,2,2,0.699673,0.951147,1
10,2,3,0.681751,0.946952,1
10,2,4,0.695353,0.950027,1
10,2,5,0.698784,0.951104,1
10,2,6,0.698659,0.950982,1
10,2,7,0.699797,0.951395,1
10,2,8,0.688914,0.948893,1
10,2,9,0.394618,0.811138,0
10,3,0,0.738027,0.960196,1
10,3,1,0.738622,0.960178,1
10,3,2,0.737947,0.9601,1
10,3,3,0.725308,0.957636,1
10,3,4,0.735151,0.959456,1
10,3,5,0.737448,0.960138,1
10,3,6,0.737347,0.960032,1
10,3,7,0.737874,0.960261,1
10,3,8,0.730669,0.958897,1
10,3,9,0.451963,0.849158,0
10,4,0,0.768049,0.966447,1
10,4,1,0.768363,0.96638,1
10,4,2,0.768004,0.966371,1
10,4,3,0.758917,0.964861,1
10,4,4,0.766211,0.965996,1
10,4,5,0.767745,0.966446,1
10,4,6,0.767666,0.966358,1
10,4,7,0.767841,0.96649,1
10,4,8,0.76303,0.965734,1
10,4,9,0.501765,0.87572,0
10,5,0,0.792149,0.97105,1
10,5,1,0.79228,0.97096,1
10,5,2,0.792128,0.970988,1
10,5,3,0.785497,0.970041,1
10,5,4,0.791011,0.970772,1
10,5,5,0.79202,0.971079,1
10,5,6,0.79196,0.971005,1
10,5,7,0.791925,0.971082,1
10,5,8,0.788723,0.970676,1
10,5,9,0.544639,0.894955,0
10,6,0,0.811867,0.974571,1
10,6,1,0.811876,0.97447,1
10,6,2,0.811861,0.974519,1
10,6,3,0.806977,0.973924,1
10,6,4,0.811213,0.9744,1
10,6,5,0.811853,0.974616,1
10,6,6,0.811807,0.974552,1
10,6,7,0.811644,0.974597,1
10,6,8,0.809554,0.974402,1
10,6,9,0.581543,0.90936,0
10,7,0,0.828269,0.977348,1
10,7,1,0.828191,0.977234,1
10,7,2,0.828274,0.977306,1
10,7,3,0.824659,0.976932,1
10,7,4,0.827955,0.977233,1
10,7,5,0.828329,0.977402,1
10,7,6,0.828297,0.977332,1
10,7,7,0.828052,0.977372,1
10,7,8,0.826753,0.977305,1
10,7,9,0.613431,0.920474,0
10,8,0,0.842108,0.979588,1
10,8,1,0.841971,0.979474,1
10,8,2,0.84212,0.979551,1
10,8,3,0.839449,0.979333,1
10,8,4,0.842038,0.979522,1
10,8,5,0.842218,0.979646,1
10,8,6,0.842197,0.979583,1
10,8,7,0.841901,0.979609,1
10,8,8,0.841172,0.97963,1
10,8,9,0.641144,0.929266,0
10,9,0,0.85393,0.981432,1
10,9,1,0.853753,0.98132,1
10,9,2,0.853948,0.981399,1
10,9,3,0.85199,0.981289,1
10,9,4,0.854038,0.9814,1
10,9,5,0.854075,0.981491,1
10,9,6,0.854062,0.981435,1
10,9,7,0.853736,0.981451,1
10,9,8,0.853425,0.98153,1
10,9,9,0.665379,0.936378,0
10,10,0,0.864139,0.982976,1
10,10,1,0.863935,0.982867,1
10,10,2,0.86416,0.982946,1
10,10,3,0.86275,0.982913,1
10,10,4,0.864378,0.982967,1
10,10,5,0.864308,0.983035,1
10,10,6,0.864301,0.982985,1
10,10,7,0.863958,0.982993,1
10,10,8,0.863958,0.983111,1
10,10,9,0.68671,0.942235,0
10,11,0,0.87304,0.984286,1
10,11,1,0.872817,0.984181,1
10,11,2,0.873063,0.984259,1
10,11,3,0.872078,0.984281,1
10,11,4,0.873376,0.984295,1
10,11,5,0.873225,0.984345,1
10,11,6,0.873222,0.984299,1
10,11,7,0.872871,0.984303,1
10,11,8,0.873104,0.984447,1
10,11,9,0.705601,0.947135,0
10,12,0,0.880865,0.985412,1
10,12,1,0.88063,0.985311,1
10,12,2,0.88089,0.985388,1
10,12,3,0.88024,0.985449,1
10,12,4,0.881273,0.985434,1
10,12,5,0.881061,0.98547,1
10,12,6,0.881062,0.985427,1
10,12,7,0.880708,0.985428,1
10,12,8,0.881117,0.985589,1
10,12,9,0.722429,0.95129,0
10,13,0,0.887796,0.986389,1
10,13,1,0.887554,0.986292,1
10,13,2,0.887823,0.986367,1
10,13,3,0.887438,0.986458,1
10,13,4,0.888258,0.986421,1
10,13,5,0.887999,0.986446,1
10,13,6,0.888003,0.986407,1
10,13,7,0.88765,0.986405,1
10,13,8,0.888194,0.986578,1
10,13,9,0.737502,0.954855,0
10,14,0,0.893977,0.987245,1
10,14,1,0.89373,0.987152,1
10,14,2,0.894004,0.987225,1
10,14,3,0.893832,0.987338,1
10,14,4,0.894478,0.987284,1
10,14,5,0.894184,0.9873,1
10,14,6,0.89419,0.987264,1
10,14,7,0.893841,0.987261,1
10,14,8,0.894486,0.987441,1
10,14,9,0.751073,0.957945,0
10,15,0,0.899521,0.988002,1
10,15,1,0.899272,0.987912,1
10,15,2,0.899549,0.987982,1
10,15,3,0.899548,0.988111,1
10,15,4,0.900051,0.988045,1
10,15,5,0.89973,0.988055,1
10,15,6,0.899738,0.988021,1
10,15,7,0.899394,0.988016,1
10,15,8,0.900118,0.988201,1
10,15,9,0.763347,0.960648,0
10,16,0,0.904522,0.988674,1
10,16,1,0.904273,0.988588,1
10,16,2,0.90455,0.988656,1
10,16,3,0.904687,0.988797,1
10,16,4,0.905073,0.988721,1
10,16,5,0.904731,0.988726,1
10,16,6,0.904741,0.988694,1
10,16,7,0.904404,0.988688,1
10,16,8,0.905186,0.988875,1
10,16,9,0.774499,0.963031,0
10,17,0,0.909054,0.989276,1
10,17,1,0.908806,0.989193,1
10,17,2,0.909082,0.989259,1
10,17,3,0.909333,0.989409,1
10,17,4,0.90962,0.989326,1
10,17,5,0.909263,0.989326,1
10,17,6,0.909274,0.989296,1
10,17,7,0.908944,0.98929,1
10,17,8,0.90977,0.989477,1
10,17,9,0.784671,0.965147,0
10,18,0,0.913181,0.989818,1
10,18,1,0.912935,0.989738,1
10,18,2,0.913209,0.989802,1
10,18,3,0.913552,0.989958,1
10,18,4,0.913756,0.989869,1
10,18,5,0.913389,0.989866,1
10,18,6,0.9134,0.989838,1
10,18,7,0.913077,0.989831,1
10,18,8,0.913937,0.990018,1
10,18,9,0.793986,0.967038,0
10,19,0,0.916954,0.990308,1
10,19,1,0.91671,0.990231,1
10,19,2,0.916982,0.990293,1
10,19,3,0.9174,0.990453,1
10,19,4,0.917534,0.990361,1
10,19,5,0.917159,0.990355,1
10,19,6,0.917171,0.990328,1
10,19,7,0.916856,0.990321,1
10,19,8,0.91774,0.990507,1
10,19,9,0.802544,0.968738,0
11,0,0,0.586835,0.916512,1
11,0,1,0.586523,0.916058,1
11,0,2,0.58696,0.916314,1
11,0,3,0.586174,0.915654,1
11,0,4,0.585507,0.915389,1
11,0,5,0.587079,0.916417,1
11,0,6,0.585604,0.914035,1
11,0,7,0.587708,0.916931,1
11,0,8,0.585377,0.91506,1
11,0,9,0.406569,0.775206,0
11,1,0,0.652319,0.938514,1
11,1,1,0.651675,0.938142,1
11,1,2,0.652226,0.938203,1
11,1,3,0.651397,0.937691,1
11,1,4,0.650323,0.937615,1
11,1,5,0.652323,0.938037,1
11,1,6,0.651147,0.937474,1
11,1,7,0.652597,0.938558,1
11,1,8,0.651187,0.938018,1
11,1,9,0.311531,0.738289,0
11,2,0,0.701341,0.95165,1
11,2,1,0.700716,0.951598,1
11,2,2,0.701319,0.951635,1
11,2,3,0.700476,0.951276,1
11,2,4,0.699249,0.951168,1
11,2,5,0.701323,0.951605,1
11,2,6,0.700451,0.950907,1
11,2,7,0.701512,0.951691,1
11,2,8,0.700507,0.951396,1
11,2,9,0.371267,0.794442,0
11,3,0,0.73907,0.960453,1
11,3,1,0.738531,0.960319,1
11,3,2,0.739033,0.960347,1
11,3,3,0.738334,0.960053,1
11,3,4,0.737282,0.959989,1
11,3,5,0.739033,0.960269,1
11,3,6,0.738398,0.959869,1
11,3,7,0.739127,0.960454,1
11,3,8,0.738466,0.96025,1
11,3,9,0.426577,0.834589,0
11,4,0,0.768748,0.966611,1
11,4,1,0.768303,0.966497,1
11,4,2,0.768702,0.966505,1
11,4,3,0.768151,0.966274,1
11,4,4,0.767293,0.96625,1
11,4,5,0.768702,0.966434,1
11,4,6,0.768248,0.966139,1
11,4,7,0.768736,0.966597,1
11,4,8,0.768319,0.966462,1
11,4,9,0.475947,0.863348,0
11,5,0,0.792606,0.971163,1
11,5,1,0.792242,0.971042,1
11,5,2,0.792551,0.97104,1
11,5,3,0.792132,0.970852,1
11,5,4,0.791453,0.970858,1
11,5,5,0.792552,0.970959,1
11,5,6,0.792234,0.970773,1
11,5,7,0.792543,0.971136,1
11,5,8,0.792311,0.971048,1
11,5,9,0.519243,0.884442,0
11,6,0,0.812148,0.974644,1
11,6,1,0.811854,0.974545,1
11,6,2,0.81209,0.974533,1
11,6,3,0.811775,0.974382,1
11,6,4,0.811243,0.974407,1
11,6,5,0.812091,0.974462,1
11,6,6,0.811876,0.974314,1
11,6,7,0.812057,0.974614,1
11,6,8,0.811951,0.974556,1
11,6,9,0.556999,0.900347,0
11,7,0,0.82842,0.977391,1
11,7,1,0.828183,0.977309,1
11,7,2,0.828363,0.977291,1
11,7,3,0.828128,0.977166,1
11,7,4,0.827713,0.977204,1
11,7,5,0.828363,0.977226,1
11,7,6,0.828226,0.977106,1
11,7,7,0.828313,0.977361,1
11,7,8,0.828296,0.977323,1
11,7,9,0.589927,0.912656,0
11,8,0,0.842162,0.979614,1
11,8,1,0.841972,0.979535,1
11,8,2,0.842106,0.979514,1
11,8,3,0.841937,0.979407,1
11,8,4,0.841618,0.979454,1
11,8,5,0.842106,0.979448,1
11,8,6,0.842028,0.979366,1
11,8,7,0.842045,0.979582,1
11,8,8,0.842095,0.979559,1
11,8,9,0.618733,0.922403,0
11,9,0,0.853911,0.981446,1
11,9,1,0.85376,0.981374,1
11,9,2,0.853858,0.981352,1
11,9,3,0.853741,0.981261,1
11,9,4,0.853499,0.981312,1
11,9,5,0.853857,0.98129,1
11,9,6,0.853824,0.981221,1
11,9,7,0.853791,0.981415,1
11,9,8,0.853887,0.981399,1
11,9,9,0.644053,0.930288,0
11,10,0,0.864065,0.982979,1
11,10,1,0.863946,0.982917,1
11,10,2,0.864015,0.982891,1
11,10,3,0.863939,0.982813,1
11,10,4,0.863758,0.982869,1
11,10,5,0.864014,0.982835,1
11,10,6,0.864015,0.98278,1
11,10,7,0.863943,0.982949,1
11,10,8,0.864074,0.982942,1
11,10,9,0.666424,0.936779,0
11,11,0,0.872924,0.984283,1
11,11,1,0.872832,0.984228,1
11,11,2,0.872877,0.984202,1
11,11,3,0.872833,0.984134,1
11,11,4,0.872702,0.984191,1
11,11,5,0.872875,0.98415,1
11,11,6,0.872904,0.984101,1
11,11,7,0.872803,0.984254,1
11,11,8,0.872958,0.984251,1
11,11,9,0.686297,0.942204,0
11,12,0,0.880717,0.985403,1
11,12,1,0.880647,0.985355,1
11,12,2,0.880673,0.985328,1
11,12,3,0.880655,0.985269,1
11,12,4,0.880565,0.985327,1
11,12,5,0.880671,0.98528,1
11,12,6,0.880721,0.985238,1
11,12,7,0.880599,0.985376,1
11,12,8,0.880771,0.985377,1
11,12,9,0.704042,0.946799,0
11,13,0,0.887623,0.986376,1
11,13,1,0.887572,0.986333,1
11,13,2,0.887583,0.986306,1
11,13,3,0.887586,0.986252,1
11,13,4,0.887528,0.986312,1
11,13,5,0.88758,0.98626,1
11,13,6,0.887647,0.986226,1
11,13,7,0.887508,0.98635,1
11,13,8,0.887693,0.986355,1
11,13,9,0.719968,0.950738,0
11,14,0,0.893785,0.987229,1
11,14,1,0.893749,0.987191,1
11,14,2,0.893748,0.987163,1
11,14,3,0.893767,0.987116,1
11,14,4,0.893737,0.987175,1
11,14,5,0.893745,0.98712,1
11,14,6,0.893825,0.987091,1
11,14,7,0.893674,0.987205,1
11,14,8,0.893867,0.987212,1
11,14,9,0.734329,0.954148,0
11,15,0,0.899315,0.987983,1
11,15,1,0.899292,0.987949,1
11,15,2,0.899281,0.987921,1
11,15,3,0.899314,0.987878,1
11,15,4,0.899306,0.987938,1
11,15,5,0.899277,0.987881,1
11,15,6,0.899368,0.987856,1
11,15,7,0.899207,0.98796,1
11,15,8,0.899406,0.987969,1
11,15,9,0.747337,0.957128,0
11,16,0,0.904305,0.988654,1
11,16,1,0.904293,0.988623,1
11,16,2,0.904273,0.988595,1
11,16,3,0.904317,0.988557,1
11,16,4,0.904328,0.988615,1
11,16,5,0.90427,0.988557,1
11,16,6,0.904368,0.988535,1
11,16,7,0.904201,0.988632,1
11,16,8,0.904403,0.988642,1
11,16,9,0.759167,0.959752,0
11,17,0,0.908829,0.989254,1
11,17,1,0.908826,0.989226,1
11,17,2,0.9088,0.989199,1
11,17,3,0.908853,0.989164,1
11,17,4,0.908879,0.989222,1
11,17,5,0.908796,0.989163,1
11,17,6,0.908901,0.989143,1
11,17,7,0.908729,0.989233,1
11,17,8,0.908934,0.989245,1
11,17,9,0.76997,0.96208,0
11,18,0,0.91295,0.989795,1
11,18,1,0.912955,0.989769,1
11,18,2,0.912923,0.989743,1
11,18,3,0.912984,0.989711,1
11,18,4,0.913023,0.989767,1
11,18,5,0.912919,0.989708,1
11,18,6,0.913029,0.989691,1
11,18,7,0.912854,0.989775,1
11,18,8,0.913059,0.989787,1
11,18,9,0.779869,0.964159,0
11,19,0,0.916718,0.990285,1
11,19,1,0.91673,0.990261,1
11,19,2,0.916694,0.990235,1
11,19,3,0.91676,0.990206,1
11,19,4,0.91681,0.990261,1
11,19,5,0.916689,0.990202,1
11,19,6,0.916803,0.990187,1
11,19,7,0.916626,0.990266,1
11,19,8,0.916831,0.990278,1
11,19,9,0.788971,0.966025,0
12,0,0,0.586599,0.916554,1
12,0,1,0.584894,0.9154,1
12,0,2,0.583255,0.913355,1
12,0,3,0.585187,0.914494,1
12,0,4,0.583526,0.912743,1
12,0,5,0.582103,0.913199,1
12,0,6,0.583805,0.9144,1
12,0,7,0.586357,0.916429,1
12,0,8,0.587014,0.916386,1
12,0,9,0.400781,0.748125,0
12,1,0,0.651763,0.938122,1
12,1,1,0.650679,0.937135,1
12,1,2,0.650085,0.937714,1
12,1,3,0.650922,0.937869,1
12,1,4,0.65017,0.937715,1
12,1,5,0.648812,0.937413,1
12,1,6,0.650525,0.938073,1
12,1,7,0.651925,0.938198,1
12,1,8,0.651369,0.937575,1
12,1,9,0.306434,0.730891,0
12,2,0,0.700851,0.951438,1
12,2,1,0.699977,0.950301,1
12,2,2,0.699988,0.951184,1
12,2,3,0.700325,0.951206,1
12,2,4,0.700003,0.951303,1
12,2,5,0.69888,0.951053,1
12,2,6,0.700377,0.951575,1
12,2,7,0.701115,0.951403,1
12,2,8,0.700441,0.951138,1
12,2,9,0.36396,0.78689,0
12,3,0,0.738635,0.960249,1
12,3,1,0.73799,0.959408,1
12,3,2,0.738231,0.960141,1
12,3,3,0.738311,0.960111,1
12,3,4,0.738216,0.96021,1
12,3,5,0.737337,0.960057,1
12,3,6,0.738542,0.960437,1
12,3,7,0.738911,0.960242,1
12,3,8,0.738234,0.959963,1
12,3,9,0.418587,0.828054,0
12,4,0,0.768383,0.966442,1
12,4,1,0.767957,0.965893,1
12,4,2,0.768257,0.966438,1
12,4,3,0.768197,0.966377,1
12,4,4,0.768228,0.966455,1
12,4,5,0.767563,0.966386,1
12,4,6,0.768489,0.966645,1
12,4,7,0.768643,0.966473,1
12,4,8,0.767987,0.966164,1
12,4,9,0.468058,0.857967,0
12,5,0,0.792302,0.971014,1
12,5,1,0.792029,0.970562,1
12,5,2,0.792344,0.971042,1
12,5,3,0.792209,0.970973,1
12,5,4,0.792308,0.971056,1
12,5,5,0.791812,0.971021,1
12,5,6,0.792514,0.971212,1
12,5,7,0.792534,0.971039,1
12,5,8,0.79194,0.970777,1
12,5,9,0.511853,0.880084,0
12,6,0,0.811899,0.97452,1
12,6,1,0.811737,0.974153,1
12,6,2,0.812044,0.974566,1
12,6,3,0.811869,0.974497,1
12,6,4,0.812005,0.974572,1
12,6,5,0.811639,0.974562,1
12,6,6,0.812167,0.974705,1
12,6,7,0.812102,0.974543,1
12,6,8,0.811573,0.974307,1
12,6,9,0.550236,0.896784,0
12,7,0,0.828217,0.977285,1
12,7,1,0.828136,0.976981,1
12,7,2,0.828426,0.977343,1
12,7,3,0.828231,0.977276,1
12,7,4,0.828387,0.977344,1
12,7,5,0.828122,0.97735,1
12,7,6,0.828512,0.977458,1
12,7,7,0.828392,0.977306,1
12,7,8,0.827927,0.977095,1
12,7,9,0.583804,0.909702,0
12,8,0,0.841997,0.97952,1
12,8,1,0.841977,0.979263,1
12,8,2,0.842247,0.979584,1
12,8,3,0.842042,0.97952,1
12,8,4,0.842209,0.979582,1
12,8,5,0.842021,0.979598,1
12,8,6,0.842304,0.979681,1
12,8,7,0.842148,0.979539,1
12,8,8,0.841741,0.979348,1
12,8,9,0.613213,0.919922,0
12,9,0,0.853778,0.981362,1
12,9,1,0.853803,0.98114,1
12,9,2,0.854052,0.981428,1
12,9,3,0.853846,0.981367,1
12,9,4,0.854016,0.981425,1
12,9,5,0.85389,0.981448,1
12,9,6,0.854087,0.981512,1
12,9,7,0.853908,0.981379,1
12,9,8,0.853552,0.981206,1
12,9,9,0.639079,0.928172,0
12,10,0,0.863959,0.982905,1
12,10,1,0.864017,0.982712,1
12,10,2,0.864247,0.982973,1
12,10,3,0.864042,0.982915,1
12,10,4,0.864212,0.982967,1
12,10,5,0.864134,0.982996,1
12,10,6,0.864265,0.983045,1
12,10,7,0.864071,0.982921,1
12,10,8,0.863759,0.982762,1
12,10,9,0.661935,0.93495,0
12,11,0,0.872839,0.984217,1
12,11,1,0.872922,0.984042,1
12,11,2,0.873134,0.984283,1
12,11,3,0.872934,0.984228,1
12,11,4,0.873102,0.984277,1
12,11,5,0.873062,0.984309,1
12,11,6,0.873139,0.984347,1
12,11,7,0.872936,0.98423,1
12,11,8,0.872663,0.984086,1
12,11,9,0.682235,0.940607,0
12,12,0,0.880651,0.985344,1
12,12,1,0.880752,0.985184,1
12,12,2,0.880948,0.985407,1
12,12,3,0.880753,0.985356,1
12,12,4,0.880918,0.985403,1
12,12,5,0.880908,0.985436,1
12,12,6,0.880942,0.985466,1
12,12,7,0.880734,0.985354,1
12,12,8,0.880495,0.985225,1
12,12,9,0.700356,0.94539,0
12,13,0,0.887573,0.986321,1
12,13,1,0.887688,0.98619,1
12,13,2,0.88787,0.986388,1
12,13,3,0.887681,0.986339,1
12,13,4,0.887841,0.986379,1
12,13,5,0.887856,0.986415,1
12,13,6,0.887855,0.986436,1
12,13,7,0.887644,0.986335,1
12,13,8,0.887434,0.986207,1
12,13,9,0.71661,0.94948,0
12,14,0,0.893747,0.98718,1
12,14,1,0.893874,0.987059,1
12,14,2,0.894042,0.987244,1
12,14,3,0.893859,0.987197,1
12,14,4,0.894015,0.987235,1
12,14,5,0.89405,0.987272,1
12,14,6,0.89402,0.987288,1
12,14,7,0.893809,0.987191,1
12,14,8,0.893624,0.987074,1
12,14,9,0.73126,0.953019,0
12,15,0,0.899288,0.987938,1
12,15,1,0.899422,0.987826,1
12,15,2,0.899579,0.988,1
12,15,3,0.899403,0.987955,1
12,15,4,0.899553,0.987991,1
12,15,5,0.899604,0.988028,1
12,15,6,0.899551,0.98804,1
12,15,7,0.899342,0.987947,1
12,15,8,0.899179,0.987839,1
12,15,9,0.744523,0.956106,0
12,16,0,0.904287,0.988612,1
12,16,1,0.904427,0.988508,1
12,16,2,0.904573,0.988672,1
12,16,3,0.904403,0.98863,1
12,16,4,0.904549,0.988664,1
12,16,5,0.904613,0.988701,1
12,16,6,0.904541,0.988709,1
12,16,7,0.904334,0.988621,1
12,16,8,0.90419,0.98852,1
12,16,9,0.756579,0.958823,0
12,17,0,0.90882,0.989216,1
12,17,1,0.908964,0.989118,1
12,17,2,0.9091,0.989273,1
12,17,3,0.908936,0.989233,1
12,17,4,0.909077,0.989266,1
12,17,5,0.909152,0.989303,1
12,17,6,0.909064,0.989308,1
12,17,7,0.90886,0.989223,1
12,17,8,0.908734,0.989129,1
12,17,9,0.767582,0.96123,0
12,18,0,0.912948,0.989759,1
12,18,1,0.913094,0.989668,1
12,18,2,0.913222,0.989815,1
12,18,3,0.913064,0.989777,1
12,18,4,0.9132,0.989808,1
12,18,5,0.913283,0.989845,1
12,18,6,0.913183,0.989847,1
12,18,7,0.912982,0.989766,1
12,18,8,0.912871,0.989678,1
12,18,9,0.777659,0.963376,0
12,19,0,0.916722,0.990251,1
12,19,1,0.91687,0.990165,1
12,19,2,0.91699,0.990305,1
12,19,3,0.916838,0.990269,1
12,19,4,0.916969,0.990298,1
12,19,5,0.91706,0.990335,1
12,19,6,0.916949,0.990335,1
12,19,7,0.916751,0.990257,1
12,19,8,0.916654,0.990175,1
12,19,9,0.78692,0.965302,0
13,0,0,0.587635,0.916647,1
13,0,1,0.586834,0.91661,1
13,0,2,0.583869,0.911545,1
13,0,3,0.58301,0.911585,1
13,0,4,0.584955,0.915245,1
13,0,5,0.58707,0.916054,1
13,0,6,0.587307,0.916306,1
13,0,7,0.586872,0.916639,1
13,0,8,0.586635,0.916197,1
13,0,9,0.402393,0.767517,0
13,1,0,0.652593,0.938455,1
13,1,1,0.652,0.938297,1
13,1,2,0.650149,0.93675,1
13,1,3,0.649785,0.93714,1
13,1,4,0.650607,0.937854,1
13,1,5,0.652075,0.937864,1
13,1,6,0.652379,0.938102,1
13,1,7,0.652346,0.938361,1
13,1,8,0.652163,0.938355,1
13,1,9,0.309706,0.737735,0
13,2,0,0.701511,0.95168,1
13,2,1,0.701075,0.951601,1
13,2,2,0.699897,0.950461,1
13,2,3,0.69977,0.950838,1
13,2,4,0.700059,0.951305,1
13,2,5,0.701067,0.951194,1
13,2,6,0.701331,0.951359,1
13,2,7,0.701441,0.951661,1
13,2,8,0.701333,0.951652,1
13,2,9,0.368615,0.793455,0
13,3,0,0.739125,0.960408,1
13,3,1,0.738814,0.960363,1
13,3,2,0.738078,0.959513,1
13,3,3,0.738068,0.959852,1
13,3,4,0.738096,0.96018,1
13,3,5,0.738772,0.960022,1
13,3,6,0.738988,0.960158,1
13,3,7,0.739147,0.960409,1
13,3,8,0.739081,0.96041,1
13,3,9,0.423529,0.833515,0
13,4,0,0.768731,0.96655,1
13,4,1,0.768515,0.966525,1
13,4,2,0.768078,0.965875,1
13,4,3,0.768126,0.96617,1
13,4,4,0.768023,0.966417,1
13,4,5,0.768463,0.966247,1
13,4,6,0.768638,0.966362,1
13,4,7,0.768808,0.966557,1
13,4,8,0.768763,0.966569,1
13,4,9,0.472728,0.862357,0
13,5,0,0.792544,0.971093,1
13,5,1,0.792398,0.97108,1
13,5,2,0.792163,0.970552,1
13,5,3,0.79224,0.970816,1
13,5,4,0.792071,0.971016,1
13,5,5,0.792344,0.970839,1
13,5,6,0.792484,0.970938,1
13,5,7,0.792649,0.971103,1
13,5,8,0.792619,0.971117,1
13,5,9,0.515998,0.88357,0
13,6,0,0.812061,0.974576,1
13,6,1,0.811967,0.974572,1
13,6,2,0.811872,0.974132,1
13,6,3,0.811963,0.974368,1
13,6,4,0.811762,0.974536,1
13,6,5,0.811914,0.974361,1
13,6,6,0.812025,0.974445,1
13,6,7,0.812178,0.974587,1
13,6,8,0.812159,0.974602,1
13,6,9,0.5538,0.899584,0
13,7,0,0.828319,0.977326,1
13,7,1,0.828264,0.977329,1
13,7,2,0.828266,0.976953,1
13,7,3,0.828363,0.977166,1
13,7,4,0.828148,0.97731,1
13,7,5,0.828214,0.977141,1
13,7,6,0.828301,0.977214,1
13,7,7,0.828441,0.977338,1
13,7,8,0.82843,0.977353,1
13,7,9,0.586812,0.911985,0
13,8,0,0.842054,0.979551,1
13,8,1,0.842028,0.979557,1
13,8,2,0.8421,0.97923,1
13,8,3,0.842198,0.979424,1
13,8,4,0.841979,0.979552,1
13,8,5,0.841981,0.979388,1
13,8,6,0.842049,0.979453,1
13,8,7,0.842176,0.979563,1
13,8,8,0.842171,0.979578,1
13,8,9,0.615724,0.921813,0
13,9,0,0.853801,0.981385,1
13,9,1,0.853797,0.981394,1
13,9,2,0.853919,0.981106,1
13,9,3,0.854016,0.981282,1
13,9,4,0.853798,0.981397,1
13,9,5,0.853754,0.981241,1
13,9,6,0.853806,0.981298,1
13,9,7,0.85392,0.981397,1
13,9,8,0.85392,0.981411,1
13,9,9,0.641156,0.929761,0
13,10,0,0.863954,0.982922,1
13,10,1,0.863968,0.982933,1
13,10,2,0.864125,0.982677,1
13,10,3,0.86422,0.982839,1
13,10,4,0.864008,0.982943,1
13,10,5,0.863928,0.982794,1
13,10,6,0.863967,0.982845,1
13,10,7,0.86407,0.982932,1
13,10,8,0.864073,0.982948,1
13,10,9,0.663642,0.936304,0
13,11,0,0.872814,0.984229,1
13,11,1,0.872841,0.98424,1
13,11,2,0.873024,0.98401,1
13,11,3,0.873116,0.98416,1
13,11,4,0.87291,0.984255,1
13,11,5,0.872804,0.984113,1
13,11,6,0.872833,0.984159,1
13,11,7,0.872925,0.984238,1
13,11,8,0.872932,0.984253,1
13,11,9,0.683626,0.941774,0
13,12,0,0.880609,0.985352,1
13,12,1,0.880646,0.985365,1
13,12,2,0.880848,0.985156,1
13,12,3,0.880936,0.985295,1
13,12,4,0.880738,0.985382,1
13,12,5,0.880613,0.985247,1
13,12,6,0.880632,0.985289,1
13,12,7,0.880716,0.985361,1
13,12,8,0.880724,0.985376,1
13,12,9,0.701479,0.946407,0
13,13,0,0.887519,0.986329,1
13,13,1,0.887564,0.986341,1
13,13,2,0.887779,0.98615,1
13,13,3,0.887863,0.98628,1
13,13,4,0.887672,0.986361,1
13,13,5,0.887533,0.986232,1
13,13,6,0.887545,0.98627,1
13,13,7,0.887621,0.986337,1
13,13,8,0.887631,0.986351,1
13,13,9,0.717507,0.950377,0
13,14,0,0.893684,0.987184,1
13,14,1,0.893735,0.987197,1
13,14,2,0.893959,0.987021,1
13,14,3,0.89404,0.987143,1
13,14,4,0.893856,0.987219,1
13,14,5,0.893706,0.987095,1
13,14,6,0.893712,0.98713,1
13,14,7,0.893781,0.987192,1
13,14,8,0.893793,0.987206,1
13,14,9,0.731964,0.953815,0
13,15,0,0.899217,0.987941,1
13,15,1,0.899273,0.987954,1
13,15,2,0.899503,0.98779,1
13,15,3,0.89958,0.987905,1
13,15,4,0.899405,0.987976,1
13,15,5,0.899246,0.987858,1
13,15,6,0.899247,0.98789,1
13,15,7,0.89931,0.987948,1
13,15,8,0.899323,0.987961,1
13,15,9,0.745063,0.956819,0
13,16,0,0.904211,0.988614,1
13,16,1,0.90427,0.988627,1
13,16,2,0.904504,0.988474,1
13,16,3,0.904578,0.988582,1
13,16,4,0.904409,0.98865,1
13,16,5,0.904245,0.988537,1
13,16,6,0.904242,0.988566,1
13,16,7,0.904299,0.98862,1
13,16,8,0.904313,0.988633,1
13,16,9,0.756979,0.959464,0
13,17,0,0.908739,0.989216,1
13,17,1,0.908801,0.98923,1
13,17,2,0.909036,0.989087,1
13,17,3,0.909107,0.989189,1
13,17,4,0.908945,0.989253,1
13,17,5,0.908777,0.989144,1
13,17,6,0.908771,0.989172,1
13,17,7,0.908823,0.989222,1
13,17,8,0.908837,0.989235,1
13,17,9,0.767861,0.961811,0
13,18,0,0.912863,0.989759,1
13,18,1,0.912927,0.989772,1
13,18,2,0.913163,0.989638,1
13,18,3,0.913231,0.989735,1
13,18,4,0.913076,0.989796,1
13,18,5,0.912905,0.989691,1
13,18,6,0.912895,0.989717,1
13,18,7,0.912943,0.989765,1
13,18,8,0.912958,0.989777,1
13,18,9,0.777836,0.963906,0
13,19,0,0.916634,0.99025,1
13,19,1,0.9167,0.990263,1
13,19,2,0.916936,0.990137,1
13,19,3,0.917001,0.990229,1
13,19,4,0.916852,0.990287,1
13,19,5,0.91668,0.990186,1
13,19,6,0.916667,0.99021,1
13,19,7,0.916711,0.990256,1
13,19,8,0.916727,0.990267,1
13,19,9,0.787009,0.965787,0
14,0,0,0.568317,0.903085,1
14,0,1,0.573234,0.908972,1
14,0,2,0.548465,0.889202,1
14,0,3,0.505051,0.866994,1
14,0,4,0.551815,0.894773,1
14,0,5,0.580558,0.912005,1
14,0,6,0.580514,0.912015,1
14,0,7,0.58036,0.911572,1
14,0,8,0.525987,0.880587,1
14,0,9,0.447581,0.811099,0
14,1,0,0.639924,0.934584,1
14,1,1,0.643206,0.935883,1
14,1,2,0.626419,0.930648,1
14,1,3,0.592636,0.918859,1
14,1,4,0.628768,0.931598,1
14,1,5,0.648346,0.937345,1
14,1,6,0.648377,0.937369,1
14,1,7,0.648091,0.937296,1
14,1,8,0.609343,0.925024,1
14,1,9,0.328784,0.75007,0
14,2,0,0.693215,0.949676,1
14,2,1,0.695202,0.95018,1
14,2,2,0.683679,0.947481,1
14,2,3,0.657131,0.939997,1
14,2,4,0.685338,0.948001,1
14,2,5,0.69894,0.951184,1
14,2,6,0.698945,0.951175,1
14,2,7,0.698682,0.951168,1
14,2,8,0.670653,0.944004,1
14,2,9,0.392474,0.806458,0
14,3,0,0.733646,0.959254,1
14,3,1,0.734986,0.95968,1
14,3,2,0.726773,0.957963,1
14,3,3,0.705394,0.952813,1
14,3,4,0.728009,0.958346,1
14,3,5,0.737592,0.9602,1
14,3,6,0.737609,0.960203,1
14,3,7,0.737377,0.960173,1
14,3,8,0.716557,0.955664,1
14,3,9,0.449886,0.845277,0
14,4,0,0.765141,0.965898,1
14,4,1,0.766059,0.966192,1
14,4,2,0.760061,0.965088,1
14,4,3,0.742436,0.961276,1
14,4,4,0.76101,0.965367,1
14,4,5,0.767869,0.966492,1
14,4,6,0.767889,0.966502,1
14,4,7,0.767696,0.966479,1
14,4,8,0.75185,0.963439,1
14,4,9,0.500002,0.872876,0
14,5,0,0.790241,0.970721,1
14,5,1,0.790886,0.970962,1
14,5,2,0.786413,0.970201,1
14,5,3,0.771575,0.967245,1
14,5,4,0.787162,0.970422,1
14,5,5,0.79212,0.971109,1
14,5,6,0.792144,0.971122,1
14,5,7,0.791987,0.971102,1
14,5,8,0.779663,0.968965,1
14,5,9,0.543267,0.892696,0
14,6,0,0.810666,0.974396,1
14,6,1,0.811105,0.974557,1
14,6,2,0.807724,0.974049,1
14,6,3,0.79501,0.971661,1
14,6,4,0.808328,0.974221,1
14,6,5,0.811936,0.974645,1
14,6,6,0.811958,0.974654,1
14,6,7,0.811831,0.974644,1
14,6,8,0.802074,0.973078,1
14,6,9,0.580557,0.907552,0
14,7,0,0.827572,0.977263,1
14,7,1,0.827864,0.977387,1
14,7,2,0.825279,0.977033,1
14,7,3,0.81422,0.975054,1
14,7,4,0.825775,0.977175,1
14,7,5,0.828399,0.977423,1
14,7,6,0.828419,0.977431,1
14,7,7,0.828318,0.977425,1
14,7,8,0.820473,0.976251,1
14,7,9,0.612785,0.918995,0
14,8,0,0.841777,0.979565,1
14,8,1,0.841962,0.979662,1
14,8,2,0.839971,0.979414,1
14,8,3,0.830227,0.977735,1
14,8,4,0.840384,0.979533,1
14,8,5,0.842277,0.979663,1
14,8,6,0.842295,0.97967,1
14,8,7,0.842214,0.979667,1
14,8,8,0.835824,0.978769,1
14,8,9,0.640783,0.928041,0
14,9,0,0.853869,0.981452,1
14,9,1,0.853975,0.981529,1
14,9,2,0.852435,0.981356,1
14,9,3,0.843755,0.979907,1
14,9,4,0.852783,0.981458,1
14,9,5,0.854124,0.981506,1
14,9,6,0.85414,0.981512,1
14,9,7,0.854076,0.981511,1
14,9,8,0.848813,0.980813,1
14,9,9,0.665254,0.935342,0
14,10,0,0.86428,0.983024,1
14,10,1,0.864325,0.983088,1
14,10,2,0.863134,0.982968,1
14,10,3,0.855329,0.981699,1
14,10,4,0.863431,0.983057,1
14,10,5,0.864349,0.983047,1
14,10,6,0.864363,0.983053,1
14,10,7,0.864313,0.983054,1
14,10,8,0.859938,0.982504,1
14,10,9,0.686778,0.941346,0
14,11,0,0.873332,0.984354,1
14,11,1,0.873331,0.984408,1
14,11,2,0.872413,0.984327,1
14,11,3,0.865337,0.983202,1
14,11,4,0.87267,0.984406,1
14,11,5,0.873258,0.984355,1
14,11,6,0.873271,0.98436,1
14,11,7,0.873233,0.984362,1
14,11,8,0.869567,0.983926,1
14,11,9,0.705825,0.946363,0
14,12,0,0.881271,0.985495,1
14,12,1,0.881235,0.985539,1
14,12,2,0.880534,0.985489,1
14,12,3,0.874073,0.98448,1
14,12,4,0.880757,0.985559,1
14,12,5,0.881088,0.985479,1
14,12,6,0.881099,0.985483,1
14,12,7,0.881071,0.985486,1
14,12,8,0.877979,0.985137,1
14,12,9,0.72278,0.950613,0
14,13,0,0.88829,0.986482,1
14,13,1,0.888226,0.98652,1
14,13,2,0.887698,0.986492,1
14,13,3,0.881763,0.985581,1
14,13,4,0.887894,0.986556,1
14,13,5,0.888021,0.986454,1
14,13,6,0.888031,0.986457,1
14,13,7,0.88801,0.986461,1
14,13,8,0.885388,0.98618,1
14,13,9,0.737956,0.954254,0
14,14,0,0.894536,0.987345,1
14,14,1,0.894451,0.987377,1
14,14,2,0.894064,0.987367,1
14,14,3,0.888581,0.986537,1
14,14,4,0.894237,0.987425,1
14,14,5,0.894202,0.987307,1
14,14,6,0.89421,0.987311,1
14,14,7,0.894196,0.987315,1
14,14,8,0.891962,0.987089,1
14,14,9,0.751608,0.957408,0
14,15,0,0.90013,0.988103,1
14,15,1,0.90003,0.988138,1
14,15,2,0.899756,0.988136,1
14,15,3,0.894666,0.987376,1
14,15,4,0.899909,0.98819,1
14,15,5,0.899744,0.988059,1
14,15,6,0.899752,0.988063,1
14,15,7,0.899743,0.988067,1
14,15,8,0.897832,0.987887,1
14,15,9,0.763949,0.960163,0
14,16,0,0.905167,0.988779,1
14,16,1,0.905056,0.988809,1
14,16,2,0.904875,0.988819,1
14,16,3,0.900129,0.988118,1
14,16,4,0.905012,0.988868,1
14,16,5,0.904742,0.988729,1
14,16,6,0.904749,0.988733,1
14,16,7,0.904745,0.988737,1
14,16,8,0.903105,0.988593,1
14,16,9,0.775154,0.962591,0
14,17,0,0.909727,0.989383,1
14,17,1,0.909606,0.98941,1
14,17,2,0.909503,0.989428,1
14,17,3,0.90506,0.988778,1
14,17,4,0.909626,0.989474,1
14,17,5,0.909271,0.989329,1
14,17,6,0.909278,0.989333,1
14,17,7,0.909277,0.989337,1
14,17,8,0.907868,0.989222,1
14,17,9,0.785369,0.964746,0
14,18,0,0.913874,0.989926,1
14,18,1,0.913746,0.98995,1
14,18,2,0.913707,0.989975,1
14,18,3,0.909533,0.989369,1
14,18,4,0.913818,0.990017,1
14,18,5,0.913393,0.989869,1
14,18,6,0.9134,0.989872,1
14,18,7,0.913403,0.989877,1
14,18,8,0.912189,0.989786,1
14,18,9,0.794716,0.96667,0
14,19,0,0.917661,0.990416,1
14,19,1,0.917527,0.990438,1
14,19,2,0.917541,0.990468,1
14,19,3,0.913609,0.989902,1
14,19,4,0.917642,0.990508,1
14,19,5,0.917162,0.990357,1
14,19,6,0.917168,0.990361,1
14,19,7,0.917173,0.990365,1
14,19,8,0.916128,0.990294,1
14,19,9,0.803301,0.968398,0
15,0,0,0.569343,0.905686,1
15,0,1,0.554648,0.897868,1
15,0,2,0.470929,0.833766,1
15,0,3,0.414142,0.795414,1
15,0,4,0.42682,0.793302,1
15,0,5,0.524973,0.877957,1
15,0,6,0.476866,0.849342,1
15,0,7,0.575606,0.906943,1
15,0,8,0.444117,0.821531,1
15,0,9,0.400272,0.745205,0
15,1,0,0.641026,0.935317,1
15,1,1,0.630823,0.932153,1
15,1,2,0.343425,0.770297,1
15,1,3,0.318798,0.746278,1
15,1,4,0.32342,0.750768,1
15,1,5,0.608723,0.924432,1
15,1,6,0.345666,0.771743,1
15,1,7,0.645048,0.936348,1
15,1,8,0.33143,0.758665,1
15,1,9,0.308856,0.736039,0
15,2,0,0.694093,0.950142,1
15,2,1,0.686909,0.948353,1
15,2,2,0.409129,0.823719,1
15,2,3,0.381195,0.802834,1
15,2,4,0.387005,0.80719,1
15,2,5,0.670156,0.943566,1
15,2,6,0.411192,0.824698,1
15,2,7,0.696721,0.95061,1
15,2,8,0.396502,0.81452,1
15,2,9,0.367395,0.791929,0
15,3,0,0.734354,0.959642,1
15,3,1,0.729187,0.958549,1
15,3,2,0.466317,0.859151,1
15,3,3,0.437138,0.841518,1
15,3,4,0.443694,0.845597,1
15,3,5,0.716167,0.955328,1
15,3,6,0.468275,0.859868,1
15,3,7,0.736101,0.959868,1
15,3,8,0.453721,0.851744,1
15,3,9,0.422082,0.832114,0
15,4,0,0.765701,0.966202,1
15,4,1,0.76191,0.965495,1
15,4,2,0.515315,0.883688,1
15,4,3,0.486092,0.868815,1
15,4,4,0.493054,0.872477,1
15,4,5,0.75153,0.963171,1
15,4,6,0.517206,0.88426,1
15,4,7,0.766872,0.9663,1
15,4,8,0.50308,0.877622,1
15,4,9,0.471167,0.861119,0
15,5,0,0.790688,0.970978,1
15,5,1,0.787861,0.970505,1
15,5,2,0.557174,0.90142,1
15,5,3,0.528555,0.888721,1
15,5,4,0.535694,0.892002,1
15,5,5,0.779395,0.968743,1
15,5,6,0.559013,0.901906,1
15,5,7,0.79147,0.971003,1
15,5,8,0.545451,0.896344,1
15,5,9,0.514392,0.882481,0
15,6,0,0.811015,0.9746,1
15,6,1,0.808881,0.974276,1
15,6,2,0.593048,0.914712,1
15,6,3,0.565359,0.903721,1
15,6,4,0.572524,0.906667,1
15,6,5,0.80184,0.972888,1
15,6,6,0.59484,0.915138,1
15,6,7,0.811527,0.974583,1
15,6,8,0.58189,0.910382,1
15,6,9,0.552191,0.898621,0
15,7,0,0.827844,0.977436,1
15,7,1,0.826219,0.977211,1
15,7,2,0.623972,0.92499,1
15,7,3,0.597357,0.915353,1
15,7,4,0.604453,0.918009,1
15,7,5,0.820263,0.976085,1
15,7,6,0.625717,0.925371,1
15,7,7,0.828164,0.977394,1
15,7,8,0.613381,0.921232,1
15,7,9,0.585224,0.911127,0
15,8,0,0.841989,0.979713,1
15,8,1,0.840745,0.979556,1
15,8,2,0.650812,0.933145,1
15,8,3,0.625315,0.924593,1
15,8,4,0.632282,0.927004,1
15,8,5,0.835634,0.978621,1
15,8,6,0.652509,0.933489,1
15,8,7,0.84217,0.979656,1
15,8,8,0.640766,0.929836,1
15,8,9,0.614171,0.921043,0
15,9,0,0.854033,0.98158,1
15,9,1,0.85308,0.981472,1
15,9,2,0.674269,0.939756,1
15,9,3,0.64988,0.932088,1
15,9,4,0.656684,0.93429,1
15,9,5,0.848639,0.980679,1
15,9,6,0.675919,0.940071,1
15,9,7,0.854111,0.981514,1
15,9,8,0.664738,0.936808,1
15,9,9,0.639647,0.929064,0
15,10,0,0.864404,0.983138,1
15,10,1,0.863677,0.983065,1
15,10,2,0.694911,0.945214,1
15,10,3,0.671591,0.938276,1
15,10,4,0.678212,0.9403,1
15,10,5,0.859777,0.982382,1
15,10,6,0.696513,0.945505,1
15,10,7,0.864406,0.983066,1
15,10,8,0.685858,0.94256,1
15,10,9,0.66218,0.935669,0
15,11,0,0.873425,0.984456,1
15,11,1,0.872875,0.984409,1
15,11,2,0.713193,0.949791,1
15,11,3,0.690888,0.943463,1
15,11,4,0.697318,0.945335,1
15,11,5,0.869417,0.983814,1
15,11,6,0.714747,0.950061,1
15,11,7,0.873369,0.984381,1
15,11,8,0.704583,0.947379,1
15,11,9,0.682212,0.941191,0
15,12,0,0.881339,0.985586,1
15,12,1,0.880929,0.985559,1
15,12,2,0.729482,0.95368,1
15,12,3,0.708134,0.947868,1
15,12,4,0.714369,0.949609,1
15,12,5,0.877838,0.985034,1
15,12,6,0.730989,0.953931,1
15,12,7,0.88124,0.98551,1
15,12,8,0.721281,0.951471,1
15,12,9,0.700113,0.945869,0
15,13,0,0.888336,0.986565,1
15,13,1,0.888039,0.986552,1
15,13,2,0.744076,0.957022,1
15,13,3,0.723625,0.951654,1
15,13,4,0.729668,0.953279,1
15,13,5,0.885256,0.986085,1
15,13,6,0.745538,0.957259,1
15,13,7,0.888204,0.986488,1
15,13,8,0.736253,0.954988,1
15,13,9,0.716188,0.949878,0
15,14,0,0.894565,0.987421,1
15,14,1,0.894359,0.98742,1
15,14,2,0.75722,0.959925,1
15,14,3,0.737607,0.95494,1
15,14,4,0.743462,0.956462,1
15,14,5,0.891837,0.987,1
15,14,6,0.758638,0.960147,1
15,14,7,0.894407,0.987344,1
15,14,8,0.749744,0.958041,1
15,14,9,0.73069,0.95335,0
15,15,0,0.900145,0.988175,1
15,15,1,0.900014,0.988183,1
15,15,2,0.769114,0.962467,1
15,15,3,0.750284,0.957817,1
15,15,4,0.755956,0.959247,1
15,15,5,0.897714,0.987803,1
15,15,6,0.77049,0.962678,1
15,15,7,0.899968,0.9881,1
15,15,8,0.76196,0.960713,1
15,15,9,0.743832,0.956383,0
15,16,0,0.905172,0.988845,1
15,16,1,0.905101,0.988861,1
15,16,2,0.779924,0.964712,1
15,16,3,0.761825,0.960357,1
15,16,4,0.767322,0.961705,1
15,16,5,0.902993,0.988514,1
15,16,6,0.78126,0.964911,1
15,16,7,0.904979,0.988771,1
15,16,8,0.773067,0.963072,1
15,16,9,0.75579,0.959055,0
15,17,0,0.909722,0.989444,1
15,17,1,0.909701,0.989465,1
15,17,2,0.789789,0.966708,1
15,17,3,0.772372,0.962614,1
15,17,4,0.777701,0.963888,1
15,17,5,0.907761,0.989148,1
15,17,6,0.791086,0.966897,1
15,17,7,0.909519,0.989372,1
15,17,8,0.783207,0.965169,1
15,17,9,0.766712,0.961425,0
15,18,0,0.91386,0.989981,1
15,18,1,0.913882,0.990006,1
15,18,2,0.798825,0.968495,1
15,18,3,0.782047,0.964632,1
15,18,4,0.787214,0.965852,1
15,18,5,0.912088,0.989722,1
15,18,6,0.800083,0.96867,1
15,18,7,0.913649,0.989912,1
15,18,8,0.792498,0.967034,1
15,18,9,0.776723,0.96354,0
15,19,0,0.91764,0.990468,1
15,19,1,0.917696,0.990497,1
15,19,2,0.807131,0.970102,1
15,19,3,0.79095,0.966446,1
15,19,4,0.795964,0.967607,1
15,19,5,0.916031,0.990234,1
15,19,6,0.808352,0.970269,1
15,19,7,0.917423,0.990401,1
15,19,8,0.801041,0.968721,1
15,19,9,0.785931,0.96544,0
16,0,0,0.580028,0.910912,1
16,0,1,0.586055,0.91626,1
16,0,2,0.578313,0.909376,1
16,0,3,0.567665,0.903347,1
16,0,4,0.579104,0.913199,1
16,0,5,0.585539,0.915593,1
16,0,6,0.585988,0.916044,1
16,0,7,0.585325,0.915323,1
16,0,8,0.570216,0.906605,1
16,0,9,0.402216,0.747116,0
16,1,0,0.64805,0.937131,1
16,1,1,0.651381,0.93778,1
16,1,2,0.646924,0.936916,1
16,1,3,0.639527,0.934691,1
16,1,4,0.64735,0.936569,1
16,1,5,0.65121,0.938025,1
16,1,6,0.65125,0.937676,1
16,1,7,0.651242,0.938126,1
16,1,8,0.641456,0.935422,1
16,1,9,0.311099,0.736539,0
16,2,0,0.698755,0.951022,1
16,2,1,0.700597,0.951199,1
16,2,2,0.698014,0.950941,1
16,2,3,0.69289,0.949702,1
16,2,4,0.698247,0.950626,1
16,2,5,0.700576,0.951427,1
16,2,6,0.700464,0.951113,1
16,2,7,0.700691,0.951528,1
16,2,8,0.694307,0.950161,1
16,2,9,0.370638,0.79282,0
16,3,0,0.737482,0.960085,1
16,3,1,0.738458,0.960051,1
16,3,2,0.736992,0.960063,1
16,3,3,0.733419,0.959334,1
16,3,4,0.737115,0.959776,1
16,3,5,0.738506,0.96026,1
16,3,6,0.738344,0.959994,1
16,3,7,0.738642,0.960347,1
16,3,8,0.734459,0.959644,1
16,3,9,0.425601,0.832931,0
16,4,0,0.767806,0.966408,1
16,4,1,0.768259,0.966282,1
16,4,2,0.767484,0.966417,1
16,4,3,0.764981,0.965976,1
16,4,4,0.767542,0.96616,1
16,4,5,0.768337,0.966467,1
16,4,6,0.768165,0.966239,1
16,4,7,0.768472,0.966542,1
16,4,8,0.765748,0.966194,1
16,4,9,0.474573,0.8617,0
16,5,0,0.792092,0.971049,1
16,5,1,0.792219,0.970882,1
16,5,2,0.791885,0.971075,1
16,5,3,0.790135,0.970808,1
16,5,4,0.791905,0.970845,1
16,5,5,0.792308,0.971046,1
16,5,6,0.792143,0.970849,1
16,5,7,0.792432,0.97111,1
16,5,8,0.790703,0.970967,1
16,5,9,0.517518,0.88284,0
16,6,0,0.811927,0.974591,1
16,6,1,0.811845,0.974407,1
16,6,2,0.811802,0.974626,1
16,6,3,0.810591,0.974468,1
16,6,4,0.811796,0.974419,1
16,6,5,0.811938,0.974553,1
16,6,6,0.811785,0.97438,1
16,6,7,0.812048,0.974609,1
16,6,8,0.811011,0.974588,1
16,6,9,0.554984,0.898807,0
16,7,0,0.828404,0.977377,1
16,7,1,0.828185,0.977187,1
16,7,2,0.828337,0.977417,1
16,7,3,0.82752,0.977331,1
16,7,4,0.828315,0.977229,1
16,7,5,0.828276,0.97732,1
16,7,6,0.828138,0.977166,1
16,7,7,0.828374,0.977368,1
16,7,8,0.82783,0.977424,1
16,7,9,0.587689,0.911188,0
16,8,0,0.842291,0.979623,1
16,8,1,0.841983,0.979434,1
16,8,2,0.842267,0.979666,1
16,8,3,0.841742,0.979628,1
16,8,4,0.842235,0.979494,1
16,8,5,0.84207,0.979554,1
16,8,6,0.841945,0.979417,1
16,8,7,0.842156,0.979597,1
16,8,8,0.841968,0.979701,1
16,8,9,0.616334,0.921013,0
16,9,0,0.854144,0.981471,1
16,9,1,0.853777,0.981286,1
16,9,2,0.854151,0.981515,1
16,9,3,0.853846,0.981511,1
16,9,4,0.854113,0.981356,1
16,9,5,0.85386,0.981396,1
16,9,6,0.853748,0.981272,1
16,9,7,0.853936,0.981434,1
16,9,8,0.854008,0.981569,1
16,9,9,0.641541,0.928971,0
16,10,0,0.864374,0.983017,1
16,10,1,0.863968,0.982837,1
16,10,2,0.864404,0.98306,1
16,10,3,0.864266,0.98308,1
16,10,4,0.864361,0.982913,1
16,10,5,0.864046,0.982938,1
16,10,6,0.863946,0.982825,1
16,10,7,0.864112,0.982972,1
16,10,8,0.864378,0.983127,1
16,10,9,0.663837,0.935531,0
16,11,0,0.873286,0.984328,1
16,11,1,0.872856,0.984155,1
16,11,2,0.873334,0.984371,1
16,11,3,0.873325,0.984408,1
16,11,4,0.873289,0.984235,1
16,11,5,0.87293,0.984248,1
16,11,6,0.87284,0.984144,1
16,11,7,0.872988,0.984279,1
16,11,8,0.873398,0.984446,1
16,11,9,0.683665,0.941021,0
16,12,0,0.881118,0.985455,1
16,12,1,0.880673,0.985286,1
16,12,2,0.881179,0.985497,1
16,12,3,0.881271,0.985545,1
16,12,4,0.881132,0.98537,1
16,12,5,0.880742,0.985376,1
16,12,6,0.880662,0.985284,1
16,12,7,0.880794,0.9854,1
16,12,8,0.881312,0.985577,1
16,12,9,0.701389,0.945677,0
16,13,0,0.888053,0.986433,1
16,13,1,0.887599,0.986269,1
16,13,2,0.888124,0.986474,1
16,13,3,0.888293,0.98653,1
16,13,4,0.888076,0.986354,1
16,13,5,0.887664,0.986355,1
16,13,6,0.887592,0.986271,1
16,13,7,0.88771,0.986374,1
16,13,8,0.888309,0.986556,1
16,13,9,0.71731,0.949671,0
16,14,0,0.894234,0.987288,1
16,14,1,0.893777,0.987131,1
16,14,2,0.894312,0.987328,1
16,14,3,0.894543,0.987391,1
16,14,4,0.894264,0.987216,1
16,14,5,0.893839,0.987211,1
16,14,6,0.893774,0.987134,1
16,14,7,0.89388,0.987229,1
16,14,8,0.894539,0.987413,1
16,14,9,0.731679,0.953133,0
16,15,0,0.899777,0.988039,1
16,15,1,0.899322,0.987899,1
16,15,2,0.899861,0.98808,1
16,15,3,0.90014,0.988151,1
16,15,4,0.899813,0.98798,1
16,15,5,0.899379,0.987966,1
16,15,6,0.89932,0.987883,1
16,15,7,0.899415,0.987987,1
16,15,8,0.900119,0.988165,1
16,15,9,0.744706,0.956163,0
16,16,0,0.904775,0.98871,1
16,16,1,0.904324,0.988576,1
16,16,2,0.904864,0.988751,1
16,16,3,0.905181,0.988824,1
16,16,4,0.904817,0.988655,1
16,16,5,0.904378,0.988639,1
16,16,6,0.904324,0.988562,1
16,16,7,0.904409,0.988659,1
16,16,8,0.905146,0.988836,1
16,16,9,0.756563,0.958831,0
16,17,0,0.909304,0.989311,1
16,17,1,0.908859,0.989182,1
16,17,2,0.909396,0.989351,1
16,17,3,0.909743,0.989426,1
16,17,4,0.90935,0.98926,1
16,17,5,0.908909,0.989242,1
16,17,6,0.90886,0.989169,1
16,17,7,0.908937,0.98926,1
16,17,8,0.909698,0.989435,1
16,17,9,0.767397,0.9612,0
16,18,0,0.913427,0.989856,1
16,18,1,0.912987,0.989723,1
16,18,2,0.913521,0.989892,1
16,18,3,0.913891,0.989966,1
16,18,4,0.913475,0.989802,1
16,18,5,0.913035,0.989786,1
16,18,6,0.912991,0.989725,1
16,18,7,0.91306,0.989799,1
16,18,8,0.913837,0.989976,1
16,18,9,0.777331,0.963313,0
16,19,0,0.917196,0.990345,1
16,19,1,0.916762,0.990217,1
16,19,2,0.917291,0.99038,1
16,19,3,0.917679,0.990455,1
16,19,4,0.917246,0.990294,1
16,19,5,0.916808,0.990277,1
16,19,6,0.916767,0.990219,1
16,19,7,0.91683,0.99029,1
16,19,8,0.917618,0.990464,1
16,19,9,0.786471,0.965215,0
17,0,0,0.586996,0.916421,1
17,0,1,0.586027,0.915149,1
17,0,2,0.581825,0.913267,1
17,0,3,0.583935,0.914636,1
17,0,4,0.583657,0.912303,1
17,0,5,0.586897,0.915939,1
17,0,6,0.585819,0.91524,1
17,0,7,0.587161,0.916363,1
17,0,8,0.585045,0.914346,1
17,0,9,0.404565,0.756028,0
17,1,0,0.652382,0.938534,1
17,1,1,0.651228,0.937591,1
17,1,2,0.64896,0.93743,1
17,1,3,0.650261,0.937987,1
17,1,4,0.649923,0.936532,1
17,1,5,0.65187,0.937621,1
17,1,6,0.650773,0.937594,1
17,1,7,0.652387,0.938442,1
17,1,8,0.650879,0.938007,1
17,1,9,0.312203,0.737226,0
17,2,0,0.701438,0.951753,1
17,2,1,0.700487,0.951118,1
17,2,2,0.699263,0.951191,1
17,2,3,0.699996,0.951474,1
17,2,4,0.699727,0.950345,1
17,2,5,0.700856,0.950993,1
17,2,6,0.69996,0.950993,1
17,2,7,0.701394,0.951678,1
17,2,8,0.700322,0.951463,1
17,2,9,0.371904,0.792302,0
17,3,0,0.739124,0.960482,1
17,3,1,0.738387,0.960004,1
17,3,2,0.73776,0.960176,1
17,3,3,0.738156,0.96034,1
17,3,4,0.737952,0.95942,1
17,3,5,0.738584,0.959854,1
17,3,6,0.737894,0.959892,1
17,3,7,0.739065,0.960416,1
17,3,8,0.738314,0.960303,1
17,3,9,0.426714,0.831735,0
17,4,0,0.768775,0.966627,1
17,4,1,0.76821,0.966239,1
17,4,2,0.767941,0.966456,1
17,4,3,0.768138,0.966564,1
17,4,4,0.767984,0.965789,1
17,4,5,0.768309,0.966105,1
17,4,6,0.767786,0.966168,1
17,4,7,0.768713,0.966569,1
17,4,8,0.7682,0.966509,1
17,4,9,0.475875,0.861395,0
17,5,0,0.792612,0.971165,1
17,5,1,0.792184,0.970846,1
17,5,2,0.792138,0.971075,1
17,5,3,0.79221,0.971147,1
17,5,4,0.792094,0.970481,1
17,5,5,0.792222,0.97072,1
17,5,6,0.791831,0.970797,1
17,5,7,0.792553,0.971113,1
17,5,8,0.792212,0.971089,1
17,5,9,0.518939,0.882658,0
17,6,0,0.812141,0.974641,1
17,6,1,0.811823,0.974383,1
17,6,2,0.811918,0.974605,1
17,6,3,0.811906,0.974651,1
17,6,4,0.811822,0.974069,1
17,6,5,0.811817,0.974255,1
17,6,6,0.811532,0.974337,1
17,6,7,0.812086,0.974597,1
17,6,8,0.81187,0.974597,1
17,6,9,0.556367,0.898239,0
17,7,0,0.828404,0.977387,1
17,7,1,0.828173,0.977168,1
17,7,2,0.828358,0.977383,1
17,7,3,0.828291,0.977415,1
17,7,4,0.828231,0.976898,1
17,7,5,0.828137,0.977048,1
17,7,6,0.827933,0.977133,1
17,7,7,0.828354,0.977347,1
17,7,8,0.828231,0.977362,1
17,7,9,0.589052,0.910698,0
17,8,0,0.84214,0.979607,1
17,8,1,0.841977,0.979418,1
17,8,2,0.842221,0.979624,1
17,8,3,0.842117,0.979646,1
17,8,4,0.842076,0.979182,1
17,8,5,0.841921,0.979306,1
17,8,6,0.841781,0.979392,1
17,8,7,0.842096,0.979572,1
17,8,8,0.842043,0.979595,1
17,8,9,0.617684,0.920589,0
17,9,0,0.853886,0.981437,1
17,9,1,0.853776,0.981272,1
17,9,2,0.854058,0.981468,1
17,9,3,0.85393,0.981484,1
17,9,4,0.853903,0.981062,1
17,9,5,0.853707,0.981167,1
17,9,6,0.853617,0.981253,1
17,9,7,0.853846,0.981405,1
17,9,8,0.853846,0.981435,1
17,9,9,0.642877,0.928601,0
17,10,0,0.864038,0.982971,1
17,10,1,0.863971,0.982825,1
17,10,2,0.864277,0.983011,1
17,10,3,0.864133,0.983022,1
17,10,4,0.864117,0.982636,1
17,10,5,0.863893,0.982727,1
17,10,6,0.863842,0.982811,1
17,10,7,0.864003,0.982942,1
17,10,8,0.864042,0.982976,1
17,10,9,0.665159,0.935205,0
17,11,0,0.872896,0.984275,1
17,11,1,0.872862,0.984144,1
17,11,2,0.873182,0.984321,1
17,11,3,0.873028,0.984328,1
17,11,4,0.873021,0.983973,1
17,11,5,0.872779,0.984051,1
17,11,6,0.872759,0.984134,1
17,11,7,0.872864,0.984248,1
17,11,8,0.872935,0.984284,1
17,11,9,0.68497,0.940732,0
17,12,0,0.880689,0.985395,1
17,12,1,0.880681,0.985277,1
17,12,2,0.88101,0.985446,1
17,12,3,0.880849,0.98545,1
17,12,4,0.880849,0.985121,1
17,12,5,0.880594,0.98519,1
17,12,6,0.880599,0.985271,1
17,12,7,0.88066,0.98537,1
17,12,8,0.880754,0.985408,1
17,12,9,0.702675,0.945418,0
17,13,0,0.887595,0.986369,1
17,13,1,0.887609,0.986262,1
17,13,2,0.887942,0.986422,1
17,13,3,0.887778,0.986425,1
17,13,4,0.887783,0.986118,1
17,13,5,0.887521,0.98618,1
17,13,6,0.887545,0.986258,1
17,13,7,0.887569,0.986346,1
17,13,8,0.887682,0.986384,1
17,13,9,0.718575,0.949438,0
17,14,0,0.893757,0.987223,1
17,14,1,0.893789,0.987124,1
17,14,2,0.894122,0.987277,1
17,14,3,0.893956,0.987278,1
17,14,4,0.893966,0.986991,1
17,14,5,0.893699,0.987047,1
17,14,6,0.89374,0.987123,1
17,14,7,0.893734,0.987201,1
17,14,8,0.893861,0.98724,1
17,14,9,0.732923,0.952921,0
17,15,0,0.899288,0.987977,1
17,15,1,0.899333,0.987886,1
17,15,2,0.899665,0.988032,1
17,15,3,0.899499,0.988032,1
17,15,4,0.899513,0.987762,1
17,15,5,0.899244,0.987813,1
17,15,6,0.899297,0.987886,1
17,15,7,0.899267,0.987956,1
17,15,8,0.899404,0.987995,1
17,15,9,0.745926,0.955967,0
17,16,0,0.904279,0.988648,1
17,16,1,0.904335,0.988564,1
17,16,2,0.904664,0.988703,1
17,16,3,0.904498,0.988703,1
17,16,4,0.904515,0.988448,1
17,16,5,0.904246,0.988494,1
17,16,6,0.90431,0.988566,1
17,16,7,0.904259,0.988629,1
17,16,8,0.904405,0.988668,1
17,16,9,0.757759,0.958651,0
17,17,0,0.908804,0.989249,1
17,17,1,0.90887,0.989171,1
17,17,2,0.909194,0.989304,1
17,17,3,0.90903,0.989303,1
17,17,4,0.909049,0.989062,1
17,17,5,0.908782,0.989104,1
17,17,6,0.908854,0.989174,1
17,17,7,0.908786,0.989231,1
17,17,8,0.908938,0.989269,1
17,17,9,0.768569,0.961033,0
17,18,0,0.912925,0.98979,1
17,18,1,0.912999,0.989718,1
17,18,2,0.913318,0.989845,1
17,18,3,0.913156,0.989843,1
17,18,4,0.913177,0.989615,1
17,18,5,0.912912,0.989654,1
17,18,6,0.912991,0.989721,1
17,18,7,0.912909,0.989773,1
17,18,8,0.913066,0.989811,1
17,18,9,0.778479,0.963161,0
17,19,0,0.916694,0.990279,1
17,19,1,0.916775,0.990212,1
17,19,2,0.917088,0.990334,1
17,19,3,0.916928,0.990332,1
17,19,4,0.916951,0.990115,1
17,19,5,0.916688,0.990151,1
17,19,6,0.916773,0.990216,1
17,19,7,0.91668,0.990263,1
17,19,8,0.91684,0.990301,1
17,19,9,0.787596,0.965072,0
18,0,0,0.571522,0.906649,1
18,0,1,0.58648,0.916316,1
18,0,2,0.478202,0.83242,1
18,0,3,0.407003,0.772558,1
18,0,4,0.499339,0.863023,1
18,0,5,0.552055,0.892933,1
18,0,6,0.58193,0.914427,1
18,0,7,0.583384,0.91343,1
18,0,8,0.456503,0.82933,1
18,0,9,0.40961,0.781381,0
18,1,0,0.642368,0.935747,1
18,1,1,0.651901,0.938223,1
18,1,2,0.345927,0.769274,1
18,1,3,0.317624,0.746996,1
18,1,4,0.357416,0.782273,1
18,1,5,0.628595,0.930662,1
18,1,6,0.64874,0.936279,1
18,1,7,0.649979,0.937508,1
18,1,8,0.336451,0.762902,1
18,1,9,0.315317,0.740757,0
18,2,0,0.694946,0.950351,1
18,2,1,0.701059,0.951537,1
18,2,2,0.411252,0.822503,1
18,2,3,0.3797,0.803081,1
18,2,4,0.422275,0.832106,1
18,2,5,0.685119,0.947267,1
18,2,6,0.698929,0.950259,1
18,2,7,0.699874,0.951128,1
18,2,8,0.401863,0.817909,1
18,2,9,0.376466,0.797401,0
18,3,0,0.73491,0.959763,1
18,3,1,0.73884,0.960322,1
18,3,2,0.468307,0.858026,1
18,3,3,0.435091,0.84137,1
18,3,4,0.478459,0.865305,1
18,3,5,0.727781,0.957742,1
18,3,6,0.737416,0.959396,1
18,3,7,0.738119,0.960076,1
18,3,8,0.459201,0.854559,1
18,3,9,0.432114,0.837039,0
18,4,0,0.766068,0.966271,1
18,4,1,0.768561,0.966504,1
18,4,2,0.517274,0.882726,1
18,4,3,0.483485,0.868361,1
18,4,4,0.526464,0.888402,1
18,4,5,0.760799,0.964843,1
18,4,6,0.767639,0.965836,1
18,4,7,0.768145,0.966344,1
18,4,8,0.508549,0.880018,1
18,4,9,0.48123,0.8652,0
18,5,0,0.79093,0.97102,1
18,5,1,0.792454,0.971066,1
18,5,2,0.559134,0.900604,1
18,5,3,0.525482,0.888097,1
18,5,4,0.567412,0.905174,1
18,5,5,0.786978,0.969976,1
18,5,6,0.79188,0.970541,1
18,5,7,0.792241,0.970961,1
18,5,8,0.550819,0.898396,1
18,5,9,0.524034,0.885787,0
18,6,0,0.811172,0.974625,1
18,6,1,0.812027,0.974562,1
18,6,2,0.595013,0.914017,1
18,6,3,0.561929,0.903005,1
18,6,4,0.602475,0.917795,1
18,6,5,0.808175,0.973835,1
18,6,6,0.8117,0.974137,1
18,6,7,0.811951,0.974493,1
18,6,8,0.587107,0.912167,1
18,6,9,0.561229,0.901304,0
18,7,0,0.827941,0.977448,1
18,7,1,0.828323,0.977323,1
18,7,2,0.625938,0.924425,1
18,7,3,0.593674,0.914595,1
18,7,4,0.632683,0.927574,1
18,7,5,0.825649,0.97683,1
18,7,6,0.828175,0.976974,1
18,7,7,0.828343,0.977276,1
18,7,8,0.618419,0.922784,1
18,7,9,0.593681,0.913749,0
18,8,0,0.842043,0.979719,1
18,8,1,0.842086,0.979552,1
18,8,2,0.652767,0.932648,1
18,8,3,0.621455,0.923818,1
18,8,4,0.658893,0.935364,1
18,8,5,0.840283,0.979229,1
18,8,6,0.842068,0.979254,1
18,8,7,0.842174,0.979523,1
18,8,8,0.645618,0.931223,1
18,8,9,0.622029,0.923256,0
18,9,0,0.854055,0.981581,1
18,9,1,0.853853,0.98139,1
18,9,2,0.676207,0.939319,1
18,9,3,0.645906,0.931313,1
18,9,4,0.681796,0.941691,1
18,9,5,0.852703,0.981184,1
18,9,6,0.85393,0.981134,1
18,9,7,0.853988,0.981372,1
18,9,8,0.669404,0.938058,1
18,9,9,0.646929,0.930953,0
18,10,0,0.864404,0.983135,1
18,10,1,0.864022,0.98293,1
18,10,2,0.696823,0.944829,1
18,10,3,0.667551,0.937512,1
18,10,4,0.701949,0.946923,1
18,10,5,0.863368,0.982808,1
18,10,6,0.864169,0.982707,1
18,10,7,0.864191,0.98292,1
18,10,8,0.690342,0.943695,1
18,10,9,0.668926,0.937298,0
18,11,0,0.873408,0.984453,1
18,11,1,0.872893,0.984236,1
18,11,2,0.715074,0.949438,1
18,11,3,0.68682,0.94272,1
18,11,4,0.719797,0.951326,1
18,11,5,0.872622,0.984193,1
18,11,6,0.87309,0.984017,1
18,11,7,0.873085,0.984235,1
18,11,8,0.708891,0.948407,1
18,11,9,0.688469,0.942607,0
18,12,0,0.881309,0.985581,1
18,12,1,0.880697,0.985361,1
18,12,2,0.731329,0.953361,1
18,12,3,0.704065,0.947147,1
18,12,4,0.735699,0.955066,1
18,12,5,0.880722,0.985364,1
18,12,6,0.880931,0.985165,1
18,12,7,0.880906,0.985364,1
18,12,8,0.725421,0.952421,1
18,12,9,0.705928,0.947114,0
18,13,0,0.888297,0.986559,1
18,13,1,0.887612,0.986338,1
18,13,2,0.745886,0.956733,1
18,13,3,0.719575,0.950955,1
18,13,4,0.749947,0.958284,1
18,13,5,0.88787,0.986375,1
18,13,6,0.887875,0.986161,1
18,13,7,0.887832,0.986344,1
18,13,8,0.740235,0.955869,1
18,13,9,0.721604,0.950982,0
18,14,0,0.894519,0.987414,1
18,14,1,0.893781,0.987194,1
18,14,2,0.758992,0.959659,1
18,14,3,0.733591,0.954263,1
18,14,4,0.762779,0.961081,1
18,14,5,0.894221,0.987257,1
18,14,6,0.894065,0.987033,1
18,14,7,0.894009,0.987203,1
18,14,8,0.753578,0.958861,1
18,14,9,0.735748,0.954335,0
18,15,0,0.900093,0.988168,1
18,15,1,0.899317,0.987951,1
18,15,2,0.770847,0.962223,1
18,15,3,0.746313,0.957162,1
18,15,4,0.774391,0.963533,1
18,15,5,0.899901,0.988033,1
18,15,6,0.899617,0.987803,1
18,15,7,0.89955,0.987961,1
18,15,8,0.765653,0.961481,1
18,15,9,0.748566,0.957269,0
18,16,0,0.905116,0.988837,1
18,16,1,0.904312,0.988624,1
18,16,2,0.781618,0.964486,1
18,16,3,0.757907,0.959723,1
18,16,4,0.784946,0.9657,1
18,16,5,0.90501,0.988721,1
18,16,6,0.904624,0.988488,1
18,16,7,0.904548,0.988636,1
18,16,8,0.776628,0.963794,1
18,16,9,0.760232,0.959856,0
18,17,0,0.909663,0.989436,1
18,17,1,0.90884,0.989227,1
18,17,2,0.791444,0.966498,1
18,17,3,0.768513,0.962,1
18,17,4,0.794578,0.967628,1
18,17,5,0.909629,0.989335,1
18,17,6,0.909161,0.989101,1
18,17,7,0.909078,0.98924,1
18,17,8,0.786645,0.965849,1
18,17,9,0.77089,0.962154,0
18,18,0,0.9138,0.989975,1
18,18,1,0.912965,0.98977,1
18,18,2,0.800442,0.968298,1
18,18,3,0.77825,0.964038,1
18,18,4,0.803401,0.969355,1
18,18,5,0.913825,0.989886,1
18,18,6,0.913291,0.989653,1
18,18,7,0.913203,0.989783,1
18,18,8,0.79582,0.967687,1
18,18,9,0.780663,0.964207,0
18,19,0,0.917578,0.990461,1
18,19,1,0.916736,0.990261,1
18,19,2,0.808711,0.969919,1
18,19,3,0.787217,0.965872,1
18,19,4,0.811512,0.970908,1
18,19,5,0.917652,0.990384,1
18,19,6,0.917066,0.990152,1
18,19,7,0.916973,0.990275,1
18,19,8,0.804254,0.969339,1
18,19,9,0.789655,0.966084,0
19,0,0,0.586064,0.915096,1
19,0,1,0.585819,0.915263,1
19,0,2,0.583647,0.915075,1
19,0,3,0.585224,0.915528,1
19,0,4,0.585172,0.91527,1
19,0,5,0.586142,0.915535,1
19,0,6,0.584891,0.915433,1
19,0,7,0.586756,0.916273,1
19,0,8,0.584324,0.914065,1
19,0,9,0.401288,0.759299,0
19,1,0,0.651349,0.938061,1
19,1,1,0.651565,0.938309,1
19,1,2,0.649961,0.93722,1
19,1,3,0.650967,0.937738,1
19,1,4,0.650907,0.937941,1
19,1,5,0.651615,0.938302,1
19,1,6,0.651111,0.938158,1
19,1,7,0.65226,0.938362,1
19,1,8,0.650505,0.937821,1
19,1,9,0.308659,0.735789,0
19,2,0,0.700567,0.951404,1
19,2,1,0.700886,0.951642,1
19,2,2,0.699758,0.950926,1
19,2,3,0.700396,0.951252,1
19,2,4,0.700364,0.951391,1
19,2,5,0.700844,0.951635,1
19,2,6,0.700692,0.951562,1
19,2,7,0.701394,0.951641,1
19,2,8,0.700172,0.951321,1
19,2,9,0.367133,0.791546,0
19,3,0,0.738434,0.960228,1
19,3,1,0.73876,0.960427,1
19,3,2,0.737977,0.959898,1
19,3,3,0.738377,0.960121,1
19,3,4,0.738359,0.960241,1
19,3,5,0.738682,0.960412,1
19,3,6,0.738699,0.96039,1
19,3,7,0.739121,0.9604,1
19,3,8,0.738283,0.960209,1
19,3,9,0.421928,0.831906,0
19,4,0,0.76824,0.966437,1
19,4,1,0.768541,0.966602,1
19,4,2,0.768004,0.966188,1
19,4,3,0.768247,0.966349,1
19,4,4,0.768236,0.966458,1
19,4,5,0.768451,0.966583,1
19,4,6,0.768551,0.966588,1
19,4,7,0.768792,0.966561,1
19,4,8,0.768227,0.966448,1
19,4,9,0.471174,0.861051,0
19,5,0,0.792203,0.971018,1
19,5,1,0.792469,0.971157,1
19,5,2,0.792111,0.970825,1
19,5,3,0.792246,0.970947,1
19,5,4,0.79224,0.971043,1
19,5,5,0.792378,0.971139,1
19,5,6,0.792518,0.971153,1
19,5,7,0.792639,0.971109,1
19,5,8,0.79227,0.971042,1
19,5,9,0.51456,0.88251,0
19,6,0,0.811833,0.974528,1
19,6,1,0.812063,0.974646,1
19,6,2,0.811834,0.974372,1
19,6,3,0.811897,0.974468,1
19,6,4,0.811893,0.974554,1
19,6,5,0.811976,0.974629,1
19,6,6,0.812134,0.974647,1
19,6,7,0.812173,0.974595,1
19,6,8,0.811946,0.974558,1
19,6,9,0.552496,0.898711,0
19,7,0,0.828175,0.977297,1
19,7,1,0.828373,0.977399,1
19,7,2,0.828241,0.977168,1
19,7,3,0.828251,0.977245,1
19,7,4,0.82825,0.977323,1
19,7,5,0.828292,0.977384,1
19,7,6,0.828457,0.977403,1
19,7,7,0.828438,0.977346,1
19,7,8,0.828316,0.97733,1
19,7,9,0.585641,0.911255,0
19,8,0,0.841975,0.979534,1
19,8,1,0.842144,0.979623,1
19,8,2,0.842084,0.979425,1
19,8,3,0.842057,0.979488,1
19,8,4,0.842057,0.979559,1
19,8,5,0.84207,0.97961,1
19,8,6,0.842234,0.979629,1
19,8,7,0.842176,0.979571,1
19,8,8,0.842131,0.979568,1
19,8,9,0.614675,0.921193,0
19,9,0,0.853771,0.981377,1
19,9,1,0.853915,0.981456,1
19,9,2,0.853909,0.981283,1
19,9,3,0.853856,0.981337,1
19,9,4,0.853857,0.981402,1
19,9,5,0.853847,0.981444,1
19,9,6,0.854008,0.981463,1
19,9,7,0.853922,0.981404,1
19,9,8,0.853935,0.981411,1
19,9,9,0.640217,0.929227,0
19,10,0,0.863963,0.982922,1
19,10,1,0.864086,0.982992,1
19,10,2,0.864122,0.982839,1
19,10,3,0.864049,0.982885,1
19,10,4,0.864051,0.982945,1
19,10,5,0.864024,0.982981,1
19,10,6,0.86418,0.982999,1
19,10,7,0.864073,0.982941,1
19,10,8,0.86413,0.982954,1
19,10,9,0.662798,0.935839,0
19,11,0,0.872852,0.984233,1
19,11,1,0.872958,0.984296,1
19,11,2,0.873025,0.98416,1
19,11,3,0.872938,0.984199,1
19,11,4,0.87294,0.984255,1
19,11,5,0.872901,0.984286,1
19,11,6,0.873051,0.984304,1
19,11,7,0.87293,0.984247,1
19,11,8,0.87302,0.984265,1
19,11,9,0.682866,0.941363,0
19,12,0,0.880671,0.98536,1
19,12,1,0.880761,0.985417,1
19,12,2,0.880852,0.985295,1
19,12,3,0.880755,0.985328,1
19,12,4,0.880758,0.985381,1
19,12,5,0.880709,0.985408,1
19,12,6,0.880853,0.985425,1
19,12,7,0.880721,0.98537,1
19,12,8,0.880838,0.985391,1
19,12,9,0.700792,0.94604,0
19,13,0,0.887598,0.986339,1
19,13,1,0.887676,0.986391,1
19,13,2,0.887785,0.98628,1
19,13,3,0.887681,0.98631,1
19,13,4,0.887684,0.986359,1
19,13,5,0.887628,0.986383,1
19,13,6,0.887765,0.986399,1
19,13,7,0.887627,0.986345,1
19,13,8,0.887763,0.986369,1
19,13,9,0.716884,0.950048,0
19,14,0,0.893777,0.987198,1
19,14,1,0.893844,0.987243,1
19,14,2,0.893968,0.98714,1
19,14,3,0.893858,0.987164,1
19,14,4,0.893862,0.987217,1
19,14,5,0.8938,0.987232,1
19,14,6,0.89393,0.987257,1
19,14,7,0.893787,0.987203,1
19,14,8,0.893938,0.987227,1
19,14,9,0.731397,0.953515,0
19,15,0,0.899321,0.987956,1
19,15,1,0.899379,0.987997,1
19,15,2,0.899513,0.987903,1
19,15,3,0.8994,0.987924,1
19,15,4,0.899404,0.987974,1
19,15,5,0.899338,0.987987,1
19,15,6,0.899462,0.98801,1
19,15,7,0.899317,0.987958,1
19,15,8,0.899479,0.987983,1
19,15,9,0.744544,0.956545,0
19,16,0,0.904323,0.98863,1
19,16,1,0.904373,0.988668,1
19,16,2,0.904515,0.988581,1
19,16,3,0.9044,0.9886,1
19,16,4,0.904404,0.988647,1
19,16,5,0.904335,0.988658,1
19,16,6,0.904453,0.988681,1
19,16,7,0.904306,0.98863,1
19,16,8,0.904476,0.988656,1
19,16,9,0.756503,0.959212,0
19,17,0,0.908857,0.989233,1
19,17,1,0.9089,0.989269,1
19,17,2,0.909049,0.989188,1
19,17,3,0.908933,0.989205,1
19,17,4,0.908936,0.98925,1
19,17,5,0.908865,0.98926,1
19,17,6,0.908977,0.989281,1
19,17,7,0.90883,0.989232,1
19,17,8,0.909007,0.989258,1
19,17,9,0.767423,0.961578,0
19,18,0,0.912986,0.989776,1
19,18,1,0.913023,0.989809,1
19,18,2,0.913177,0.989734,1
19,18,3,0.91306,0.989749,1
19,18,4,0.913063,0.989792,1
19,18,5,0.91299,0.989801,1
19,18,6,0.913097,0.989821,1
19,18,7,0.912951,0.989774,1
19,18,8,0.913132,0.9898,1
19,18,9,0.777431,0.96369,0
19,19,0,0.916762,0.990268,1
19,19,1,0.916793,0.990299,1
19,19,2,0.91695,0.990228,1
19,19,3,0.916833,0.990242,1
19,19,4,0.916837,0.990283,1
19,19,5,0.916763,0.990291,1
19,19,6,0.916865,0.99031,1
19,19,7,0.916719,0.990264,1
19,19,8,0.916903,0.990291,1
19,19,9,0.786634,0.965586,0
20,0,0,0.586989,0.91624,1
20,0,1,0.585054,0.915029,1
20,0,2,0.585323,0.913914,1
20,0,3,0.586884,0.915767,1
20,0,4,0.585302,0.916049,1
20,0,5,0.580672,0.913834,1
20,0,6,0.58294,0.913834,1
20,0,7,0.585854,0.915954,1
20,0,8,0.584901,0.914969,1
20,0,9,0.411845,0.779325,0
20,1,0,0.651732,0.93761,1
20,1,1,0.650982,0.938133,1
20,1,2,0.650813,0.93697,1
20,1,3,0.651923,0.937693,1
20,1,4,0.651138,0.938073,1
20,1,5,0.648055,0.937283,1
20,1,6,0.649522,0.937654,1
20,1,7,0.651655,0.938185,1
20,1,8,0.65031,0.937615,1
20,1,9,0.315662,0.742803,0
20,2,0,0.700673,0.950965,1
20,2,1,0.700482,0.951529,1
20,2,2,0.7002,0.95064,1
20,2,3,0.700945,0.951037,1
20,2,4,0.700568,0.951474,1
20,2,5,0.698541,0.951113,1
20,2,6,0.699497,0.951246,1
20,2,7,0.700989,0.951529,1
20,2,8,0.699716,0.951076,1
20,2,9,0.376891,0.799198,0
20,3,0,0.738408,0.959841,1
20,3,1,0.738482,0.96036,1
20,3,2,0.738185,0.959611,1
20,3,3,0.738681,0.959904,1
20,3,4,0.738528,0.960305,1
20,3,5,0.737205,0.960138,1
20,3,6,0.737823,0.96019,1
20,3,7,0.738854,0.960336,1
20,3,8,0.737777,0.959997,1
20,3,9,0.432717,0.838674,0
20,4,0,0.768151,0.966095,1
20,4,1,0.76835,0.966561,1
20,4,2,0.768074,0.96592,1
20,4,3,0.768398,0.966147,1
20,4,4,0.768374,0.966509,1
20,4,5,0.767526,0.966447,1
20,4,6,0.767918,0.966456,1
20,4,7,0.76862,0.966523,1
20,4,8,0.767747,0.966268,1
20,4,9,0.482014,0.86669,0
20,5,0,0.792085,0.970715,1
20,5,1,0.792342,0.971132,1
20,5,2,0.792096,0.970577,1
20,5,3,0.792299,0.970758,1
20,5,4,0.79235,0.971084,1
20,5,5,0.791831,0.971083,1
20,5,6,0.792068,0.971067,1
20,5,7,0.792534,0.971088,1
20,5,8,0.79184,0.970892,1
20,5,9,0.524974,0.887155,0
20,6,0,0.811702,0.974257,1
20,6,1,0.811982,0.974631,1
20,6,2,0.811768,0.974144,1
20,6,3,0.811884,0.974292,1
20,6,4,0.811981,0.974587,1
20,6,5,0.811692,0.974622,1
20,6,6,0.811821,0.974592,1
20,6,7,0.812116,0.974584,1
20,6,8,0.811569,0.974431,1
20,6,9,0.562288,0.902562,0
20,7,0,0.828041,0.977053,1
20,7,1,0.828326,0.977391,1
20,7,2,0.828142,0.976957,1
20,7,3,0.828196,0.977081,1
20,7,4,0.828319,0.97735,1
20,7,5,0.828196,0.977407,1
20,7,6,0.828248,0.977368,1
20,7,7,0.828416,0.977342,1
20,7,8,0.827989,0.977221,1
20,7,9,0.594758,0.914485,0
20,8,0,0.841842,0.979313,1
20,8,1,0.842123,0.97962,1
20,8,2,0.841965,0.97923,1
20,8,3,0.841972,0.979336,1
20,8,4,0.842111,0.979582,1
20,8,5,0.842108,0.979652,1
20,8,6,0.842105,0.979609,1
20,8,7,0.842179,0.979571,1
20,8,8,0.841849,0.979474,1
20,8,9,0.623129,0.923939,0
20,9,0,0.853641,0.981175,1
20,9,1,0.853914,0.981456,1
20,9,2,0.853778,0.981103,1
20,9,3,0.853751,0.981194,1
20,9,4,0.853899,0.981421,1
20,9,5,0.853984,0.981499,1
20,9,6,0.85394,0.981454,1
20,9,7,0.853943,0.981408,1
20,9,8,0.853692,0.98133,1
20,9,9,0.648051,0.931592,0
20,10,0,0.863838,0.982736,1
20,10,1,0.864099,0.982994,1
20,10,2,0.863983,0.982671,1
20,10,3,0.86393,0.982751,1
20,10,4,0.864083,0.982962,1
20,10,5,0.864232,0.983044,1
20,10,6,0.864159,0.982997,1
20,10,7,0.864108,0.982947,1
20,10,8,0.863921,0.982883,1
20,10,9,0.670065,0.937898,0
20,11,0,0.872732,0.984061,1
20,11,1,0.872982,0.984301,1
20,11,2,0.872882,0.984,1
20,11,3,0.87281,0.984074,1
20,11,4,0.872965,0.98427,1
20,11,5,0.873162,0.984353,1
20,11,6,0.873067,0.984308,1
20,11,7,0.872975,0.984255,1
20,11,8,0.87284,0.984203,1
20,11,9,0.689619,0.943176,0
20,12,0,0.880557,0.985201,1
20,12,1,0.880794,0.985422,1
20,12,2,0.880709,0.985153,1
20,12,3,0.880622,0.985213,1
20,12,4,0.880775,0.985395,1
20,12,5,0.881009,0.98548,1
20,12,6,0.880898,0.985433,1
20,12,7,0.880774,0.985378,1
20,12,8,0.88068,0.985331,1
20,12,9,0.707102,0.947664,0
20,13,0,0.88749,0.986191,1
20,13,1,0.887715,0.986396,1
20,13,2,0.887642,0.986147,1
20,13,3,0.887544,0.9862,1
20,13,4,0.887695,0.986372,1
20,13,5,0.887956,0.986456,1
20,13,6,0.887834,0.986409,1
20,13,7,0.887685,0.986354,1
20,13,8,0.887626,0.986315,1
20,13,9,0.72279,0.951507,0
20,14,0,0.893674,0.98706,1
20,14,1,0.893888,0.987254,1
20,14,2,0.893826,0.987013,1
20,14,3,0.893719,0.987074,1
20,14,4,0.893868,0.987226,1
20,14,5,0.894149,0.987304,1
20,14,6,0.894017,0.98727,1
20,14,7,0.893851,0.987211,1
20,14,8,0.893819,0.987182,1
20,14,9,0.736938,0.954835,0
20,15,0,0.899224,0.987826,1
20,15,1,0.899427,0.988008,1
20,15,2,0.899373,0.987782,1
20,15,3,0.899261,0.987838,1
20,15,4,0.899407,0.987982,1
20,15,5,0.899703,0.988059,1
20,15,6,0.899564,0.988026,1
20,15,7,0.899383,0.987966,1
20,15,8,0.899376,0.987943,1
20,15,9,0.749754,0.957747,0
20,16,0,0.90423,0.988507,1
20,16,1,0.904423,0.988679,1
20,16,2,0.904378,0.988467,1
20,16,3,0.90426,0.988518,1
20,16,4,0.904403,0.988654,1
20,16,5,0.90471,0.98873,1
20,16,6,0.904566,0.988697,1
20,16,7,0.904375,0.988639,1
20,16,8,0.904387,0.988619,1
20,16,9,0.761412,0.960314,0
20,17,0,0.908769,0.989117,1
20,17,1,0.908953,0.989279,1
20,17,2,0.908914,0.989079,1
20,17,3,0.908794,0.989127,1
20,17,4,0.908933,0.989256,1
20,17,5,0.909247,0.989331,1
20,17,6,0.9091,0.989298,1
20,17,7,0.9089,0.989241,1
20,17,8,0.908929,0.989224,1
20,17,9,0.77206,0.962592,0
20,18,0,0.912902,0.989666,1
20,18,1,0.913077,0.98982,1
20,18,2,0.913045,0.98963,1
20,18,3,0.912922,0.989675,1
20,18,4,0.913058,0.989798,1
20,18,5,0.913377,0.989871,1
20,18,6,0.913227,0.989839,1
20,18,7,0.913022,0.989783,1
20,18,8,0.913065,0.989769,1
20,18,9,0.78182,0.964627,0
20,19,0,0.916681,0.990163,1
20,19,1,0.916848,0.99031,1
20,19,2,0.916821,0.990129,1
20,19,3,0.916697,0.990171,1
20,19,4,0.916829,0.990288,1
20,19,5,0.917151,0.99036,1
20,19,6,0.917001,0.990329,1
20,19,7,0.916791,0.990273,1
20,19,8,0.916845,0.990262,1
20,19,9,0.790796,0.966456,0
21,0,0,0.576141,0.910226,1
21,0,1,0.586729,0.915334,1
21,0,2,0.562417,0.900164,1
21,0,3,0.563174,0.903594,1
21,0,4,0.573458,0.907757,1
21,0,5,0.584996,0.914709,1
21,0,6,0.586267,0.916426,1
21,0,7,0.585038,0.915379,1
21,0,8,0.561623,0.899783,1
21,0,9,0.404774,0.773626,0
21,1,0,0.645299,0.93612,1
21,1,1,0.652209,0.937989,1
21,1,2,0.636274,0.933785,1
21,1,3,0.63677,0.933789,1
21,1,4,0.643568,0.935864,1
21,1,5,0.650961,0.937917,1
21,1,6,0.651766,0.938261,1
21,1,7,0.651164,0.938251,1
21,1,8,0.635618,0.933654,1
21,1,9,0.312019,0.73875,0
21,2,0,0.696847,0.950438,1
21,2,1,0.701339,0.951325,1
21,2,2,0.690795,0.949267,1
21,2,3,0.69113,0.949247,1
21,2,4,0.695701,0.950343,1
21,2,5,0.700471,0.951363,1
21,2,6,0.700962,0.951616,1
21,2,7,0.700705,0.951643,1
21,2,8,0.690308,0.949207,1
21,2,9,0.371922,0.794957,0
21,3,0,0.73616,0.959707,1
21,3,1,0.739071,0.960138,1
21,3,2,0.732022,0.959106,1
21,3,3,0.732256,0.959073,1
21,3,4,0.735395,0.959708,1
21,3,5,0.738477,0.960221,1
21,3,6,0.738772,0.960389,1
21,3,7,0.738693,0.960452,1
21,3,8,0.731658,0.959079,1
21,3,9,0.427111,0.834822,0
21,4,0,0.766894,0.966153,1
21,4,1,0.768749,0.966337,1
21,4,2,0.764025,0.965854,1
21,4,3,0.764193,0.965815,1
21,4,4,0.766382,0.966199,1
21,4,5,0.76835,0.966442,1
21,4,6,0.768519,0.966562,1
21,4,7,0.768536,0.966634,1
21,4,8,0.76375,0.965846,1
21,4,9,0.476213,0.863354,0
21,5,0,0.79147,0.970872,1
21,5,1,0.792603,0.970916,1
21,5,2,0.789468,0.970744,1
21,5,3,0.789592,0.970705,1
21,5,4,0.791132,0.97094,1
21,5,5,0.792344,0.971029,1
21,5,6,0.792429,0.971118,1
21,5,7,0.792499,0.971192,1
21,5,8,0.789259,0.970746,1
21,5,9,0.519224,0.884294,0
21,6,0,0.811514,0.974465,1
21,6,1,0.812143,0.974425,1
21,6,2,0.810122,0.974439,1
21,6,3,0.810214,0.974401,1
21,6,4,0.811298,0.974544,1
21,6,5,0.811986,0.97454,1
21,6,6,0.812014,0.974609,1
21,6,7,0.812114,0.974681,1
21,6,8,0.809962,0.974447,1
21,6,9,0.556715,0.900096,0
21,7,0,0.828144,0.977287,1
21,7,1,0.828414,0.977195,1
21,7,2,0.827189,0.977324,1
21,7,3,0.827258,0.977287,1
21,7,4,0.828014,0.97737,1
21,7,5,0.828331,0.97731,1
21,7,6,0.82832,0.977364,1
21,7,7,0.828436,0.977433,1
21,7,8,0.827066,0.977335,1
21,7,9,0.589418,0.91234,0
21,8,0,0.842144,0.979558,1
21,8,1,0.842157,0.979435,1
21,8,2,0.841511,0.979634,1
21,8,3,0.841563,0.9796,1
21,8,4,0.842078,0.979642,1
21,8,5,0.842128,0.979547,1
21,8,6,0.842089,0.979591,1
21,8,7,0.842214,0.979656,1
21,8,8,0.841416,0.979648,1
21,8,9,0.618045,0.922053,0
21,9,0,0.854083,0.981424,1
21,9,1,0.853906,0.981281,1
21,9,2,0.853689,0.981525,1
21,9,3,0.853729,0.981493,1
21,9,4,0.854063,0.981508,1
21,9,5,0.853919,0.98139,1
21,9,6,0.853861,0.981426,1
21,9,7,0.853989,0.981487,1
21,9,8,0.853616,0.98154,1
21,9,9,0.643222,0.929917,0
21,10,0,0.864379,0.982985,1
21,10,1,0.864061,0.98283,1
21,10,2,0.864165,0.983114,1
21,10,3,0.864191,0.983049,1
21,10,4,0.86439,0.983059,1
21,10,5,0.864105,0.982935,1
21,10,6,0.864032,0.982964,1
21,10,7,0.864162,0.983018,1
21,10,8,0.864108,0.983125,1
21,10,9,0.665511,0.936817,0
21,11,0,0.873343,0.984307,1
21,11,1,0.872919,0.984136,1
21,11,2,0.873266,0.984445,1
21,11,3,0.873283,0.984388,1
21,11,4,0.873378,0.98438,1
21,11,5,0.872988,0.98424,1
21,11,6,0.872904,0.984277,1
21,11,7,0.873034,0.98432,1
21,11,8,0.873223,0.984458,1
21,11,9,0.685317,0.942211,0
21,12,0,0.881214,0.985441,1
21,12,1,0.880712,0.985267,1
21,12,2,0.881243,0.985584,1
21,12,3,0.881253,0.98553,1
21,12,4,0.881267,0.985511,1
21,12,5,0.880799,0.985367,1
21,12,6,0.880707,0.985399,1
21,12,7,0.880836,0.98544,1
21,12,8,0.881212,0.985597,1
21,12,9,0.703009,0.946782,0
21,13,0,0.888178,0.986422,1
21,13,1,0.88762,0.986257,1
21,13,2,0.888291,0.986569,1
21,13,3,0.888294,0.986514,1
21,13,4,0.888246,0.986491,1
21,13,5,0.88772,0.98635,1
21,13,6,0.887624,0.986367,1
21,13,7,0.88775,0.986414,1
21,13,8,0.888268,0.986581,1
21,13,9,0.718893,0.950702,0
21,14,0,0.894383,0.987283,1
21,14,1,0.893782,0.987118,1
21,14,2,0.89456,0.98743,1
21,14,3,0.894559,0.987378,1
21,14,4,0.894461,0.987349,1
21,14,5,0.893893,0.987207,1
21,14,6,0.893794,0.987222,1
21,14,7,0.893916,0.987266,1
21,14,8,0.894544,0.987442,1
21,14,9,0.733223,0.954098,0
21,15,0,0.899944,0.988042,1
21,15,1,0.899313,0.987878,1
21,15,2,0.900172,0.988188,1
21,15,3,0.900168,0.988139,1
21,15,4,0.900031,0.988105,1
21,15,5,0.899432,0.987964,1
21,15,6,0.89933,0.987977,1
21,15,7,0.899449,0.988019,1
21,15,8,0.900162,0.9882,1
21,15,9,0.746208,0.957066,0
21,16,0,0.904956,0.988716,1
21,16,1,0.904303,0.988555,1
21,16,2,0.905224,0.988861,1
21,16,3,0.905217,0.988814,1
21,16,4,0.90505,0.988778,1
21,16,5,0.904429,0.988638,1
21,16,6,0.904326,0.988649,1
21,16,7,0.904441,0.988689,1
21,16,8,0.905219,0.988873,1
21,16,9,0.758023,0.959682,0
21,17,0,0.909496,0.989319,1
21,17,1,0.908828,0.98916,1
21,17,2,0.909796,0.989463,1
21,17,3,0.909787,0.989418,1
21,17,4,0.909595,0.989379,1
21,17,5,0.908958,0.989241,1
21,17,6,0.908855,0.989251,1
21,17,7,0.908966,0.989289,1
21,17,8,0.909794,0.989474,1
21,17,9,0.768815,0.962004,0
21,18,0,0.913627,0.989862,1
21,18,1,0.91295,0.989706,1
21,18,2,0.913952,0.990003,1
21,18,3,0.913941,0.98996,1
21,18,4,0.91373,0.98992,1
21,18,5,0.913083,0.989783,1
21,18,6,0.91298,0.989792,1
21,18,7,0.913087,0.989829,1
21,18,8,0.913953,0.990015,1
21,18,9,0.778709,0.964078,0
21,19,0,0.917401,0.990353,1
21,19,1,0.916719,0.9902,1
21,19,2,0.917745,0.990491,1
21,19,3,0.917733,0.99045,1
21,19,4,0.917507,0.990409,1
21,19,5,0.916854,0.990274,1
21,19,6,0.916751,0.990283,1
21,19,7,0.916856,0.990317,1
21,19,8,0.91775,0.990503,1
21,19,9,0.78781,0.965941,0
22,0,0,0.577222,0.912194,1
22,0,1,0.583645,0.913746,1
22,0,2,0.522987,0.874774,1
22,0,3,0.480546,0.850478,1
22,0,4,0.532733,0.887799,1
22,0,5,0.577029,0.911148,1
22,0,6,0.584087,0.914425,1
22,0,7,0.583359,0.913341,1
22,0,8,0.53472,0.888168,1
22,0,9,0.432492,0.796888,0
22,1,0,0.64615,0.936285,1
22,1,1,0.649986,0.937526,1
22,1,2,0.607173,0.923809,1
22,1,3,0.348003,0.773785,1
22,1,4,0.61469,0.926736,1
22,1,5,0.645998,0.936303,1
22,1,6,0.650445,0.938051,1
22,1,7,0.649779,0.93728,1
22,1,8,0.616251,0.927073,1
22,1,9,0.324548,0.749382,0
22,2,0,0.697473,0.950496,1
22,2,1,0.699801,0.951144,1
22,2,2,0.668949,0.943175,1
22,2,3,0.413591,0.826132,1
22,2,4,0.67483,0.945065,1
22,2,5,0.697362,0.950474,1
22,2,6,0.700189,0.951539,1
22,2,7,0.69966,0.95097,1
22,2,8,0.676045,0.945229,1
22,2,9,0.388019,0.80589,0
22,3,0,0.736616,0.959764,1
22,3,1,0.738047,0.960134,1
22,3,2,0.715183,0.95502,1
22,3,3,0.470552,0.860844,1
22,3,4,0.719905,0.956387,1
22,3,5,0.73654,0.959657,1
22,3,6,0.738315,0.960385,1
22,3,7,0.737908,0.959924,1
22,3,8,0.720869,0.95647,1
22,3,9,0.445042,0.844839,0
22,4,0,0.767224,0.966177,1
22,4,1,0.768077,0.966392,1
22,4,2,0.750713,0.962942,1
22,4,3,0.519282,0.884995,1
22,4,4,0.754595,0.963961,1
22,4,5,0.767173,0.966105,1
22,4,6,0.768263,0.966595,1
22,4,7,0.767957,0.966218,1
22,4,8,0.755375,0.964007,1
22,4,9,0.49471,0.872004,0
22,5,0,0.791708,0.970902,1
22,5,1,0.792178,0.970996,1
22,5,2,0.778692,0.968523,1
22,5,3,0.560865,0.902479,1
22,5,4,0.781958,0.969382,1
22,5,5,0.791672,0.970832,1
22,5,6,0.792314,0.971175,1
22,5,7,0.792082,0.970862,1
22,5,8,0.78261,0.96942,1
22,5,9,0.537852,0.892303,0
22,6,0,0.811684,0.974485,1
22,6,1,0.811895,0.974525,1
22,6,2,0.801226,0.972701,1
22,6,3,0.596482,0.915572,1
22,6,4,0.804023,0.97341,1
22,6,5,0.811659,0.974419,1
22,6,6,0.811992,0.974675,1
22,6,7,0.811819,0.974408,1
22,6,8,0.804576,0.973433,1
22,6,9,0.575003,0.907085,0
22,7,0,0.828262,0.977296,1
22,7,1,0.828294,0.977303,1
22,7,2,0.819722,0.975925,1
22,7,3,0.627173,0.925714,1
22,7,4,0.822153,0.976522,1
22,7,5,0.828246,0.977243,1
22,7,6,0.828362,0.977435,1
22,7,7,0.828235,0.977202,1
22,7,8,0.822629,0.976536,1
22,7,9,0.607129,0.918479,0
22,8,0,0.842224,0.97956,1
22,8,1,0.842129,0.979545,1
22,8,2,0.835153,0.978483,1
22,8,3,0.653803,0.933767,1
22,8,4,0.837293,0.978994,1
22,8,5,0.842214,0.979517,1
22,8,6,0.842175,0.979663,1
22,8,7,0.842085,0.979458,1
22,8,8,0.837707,0.979002,1
22,8,9,0.63507,0.927493,0
22,9,0,0.854133,0.981421,1
22,9,1,0.853948,0.981391,1
22,9,2,0.848207,0.980558,1
22,9,3,0.677072,0.940299,1
22,9,4,0.850112,0.981004,1
22,9,5,0.854127,0.981386,1
22,9,6,0.853977,0.981497,1
22,9,7,0.853916,0.981315,1
22,9,8,0.850476,0.981008,1
22,9,9,0.659527,0.934779,0
22,10,0,0.864404,0.982976,1
22,10,1,0.864154,0.982936,1
22,10,2,0.859386,0.982275,1
22,10,3,0.697545,0.945695,1
22,10,4,0.861097,0.982669,1
22,10,5,0.864402,0.982947,1
22,10,6,0.86417,0.983034,1
22,10,7,0.864132,0.982869,1
22,10,8,0.861421,0.982671,1
22,10,9,0.681071,0.94078,0
22,11,0,0.873349,0.984295,1
22,11,1,0.873052,0.984249,1
22,11,2,0.869061,0.983717,1
22,11,3,0.715676,0.95022,1
22,11,4,0.870611,0.98407,1
22,11,5,0.873349,0.98427,1
22,11,6,0.873058,0.984338,1
22,11,7,0.873038,0.984188,1
22,11,8,0.8709,0.984069,1
22,11,9,0.700165,0.9458,0
22,12,0,0.881205,0.985426,1
22,12,1,0.880875,0.985376,1
22,12,2,0.877512,0.984946,1
22,12,3,0.731828,0.954068,1
22,12,4,0.878926,0.985264,1
22,12,5,0.881207,0.985406,1
22,12,6,0.880873,0.985459,1
22,12,7,0.880868,0.985322,1
22,12,8,0.879186,0.985261,1
22,12,9,0.717187,0.950056,0
22,13,0,0.888157,0.986408,1
22,13,1,0.887805,0.986355,1
22,13,2,0.884954,0.986005,1
22,13,3,0.746299,0.957375,1
22,13,4,0.886253,0.986294,1
22,13,5,0.888162,0.98639,1
22,13,6,0.887795,0.986432,1
22,13,7,0.887803,0.986306,1
22,13,8,0.886489,0.98629,1
22,13,9,0.732444,0.953709,0
22,14,0,0.894353,0.987268,1
22,14,1,0.893984,0.987213,1
22,14,2,0.891558,0.986925,1
22,14,3,0.759332,0.960246,1
22,14,4,0.892756,0.987192,1
22,14,5,0.894358,0.987251,1
22,14,6,0.893969,0.987285,1
22,14,7,0.893986,0.987168,1
22,14,8,0.892972,0.987187,1
22,14,9,0.746188,0.956853,0
22,15,0,0.899907,0.988026,1
22,15,1,0.899527,0.987971,1
22,15,2,0.897454,0.987734,1
22,15,3,0.771124,0.962763,1
22,15,4,0.898566,0.98798,1
22,15,5,0.899913,0.98801,1
22,15,6,0.899508,0.988038,1
22,15,7,0.899533,0.987929,1
22,15,8,0.898764,0.987974,1
22,15,9,0.758627,0.959624,0
22,16,0,0.904913,0.988701,1
22,16,1,0.904527,0.988645,1
22,16,2,0.90275,0.988449,1
22,16,3,0.781841,0.964985,1
22,16,4,0.903786,0.988678,1
22,16,5,0.90492,0.988686,1
22,16,6,0.904504,0.988707,1
22,16,7,0.904536,0.988606,1
22,16,8,0.903969,0.988672,1
22,16,9,0.769935,0.962067,0
22,17,0,0.909448,0.989304,1
22,17,1,0.909059,0.989249,1
22,17,2,0.907533,0.989087,1
22,17,3,0.791621,0.966962,1
22,17,4,0.908502,0.989301,1
22,17,5,0.909456,0.98929,1
22,17,6,0.909033,0.989307,1
22,17,7,0.90907,0.989212,1
22,17,8,0.908671,0.989294,1
22,17,9,0.780255,0.964236,0
22,18,0,0.913576,0.989846,1
22,18,1,0.913185,0.989792,1
22,18,2,0.911873,0.989658,1
22,18,3,0.80058,0.968731,1
22,18,4,0.912783,0.989859,1
22,18,5,0.913584,0.989833,1
22,18,6,0.913156,0.989847,1
22,18,7,0.913198,0.989757,1
22,18,8,0.91294,0.989852,1
22,18,9,0.789709,0.966175,0
22,19,0,0.917347,0.990335,1
22,19,1,0.916956,0.990281,1
22,19,2,0.915828,0.990175,1
22,19,3,0.808814,0.970328,1
22,19,4,0.916685,0.990361,1
22,19,5,0.917356,0.990328,1
22,19,6,0.916927,0.990335,1
22,19,7,0.916971,0.990251,1
22,19,8,0.916831,0.990354,1
22,19,9,0.798399,0.967917,0
23,0,0,0.490012,0.848564,1
23,0,1,0.586031,0.914907,1
23,0,2,0.402152,0.743361,1
23,0,3,0.400016,0.702243,1
23,0,4,0.411399,0.778327,1
23,0,5,0.517852,0.871648,1
23,0,6,0.563807,0.899363,1
23,0,7,0.569412,0.901191,1
23,0,8,0.400043,0.702166,1
23,0,9,0.400016,0.677811,0
23,1,0,0.352758,0.778588,1
23,1,1,0.651616,0.938192,1
23,1,2,0.315228,0.744478,1
23,1,3,0.314674,0.74419,1
23,1,4,0.318745,0.747704,1
23,1,5,0.603144,0.922687,1
23,1,6,0.637053,0.933917,1
23,1,7,0.640821,0.934768,1
23,1,8,0.314814,0.743465,1
23,1,9,0.31117,0.738659,0
23,2,0,0.418066,0.829695,1
23,2,1,0.700858,0.951527,1
23,2,2,0.376387,0.800344,1
23,2,3,0.375666,0.80007,1
23,2,4,0.381193,0.803966,1
23,2,5,0.665743,0.942539,1
23,2,6,0.69124,0.949201,1
23,2,7,0.693826,0.949691,1
23,2,8,0.375772,0.799145,1
23,2,9,0.371125,0.795593,0
23,3,0,0.474675,0.863604,1
23,3,1,0.7387,0.960322,1
23,3,2,0.431349,0.838892,1
23,3,3,0.430434,0.838517,1
23,3,4,0.436932,0.842329,1
23,3,5,0.712575,0.954622,1
23,3,6,0.732288,0.959026,1
23,3,7,0.734099,0.959285,1
23,3,8,0.430521,0.837755,1
23,3,9,0.425992,0.835091,0
23,4,0,0.523053,0.887151,1
23,4,1,0.768469,0.96651,1
23,4,2,0.479604,0.866213,1
23,4,3,0.47852,0.865795,1
23,4,4,0.48561,0.869333,1
23,4,5,0.748536,0.962655,1
23,4,6,0.76419,0.965769,1
23,4,7,0.765479,0.965905,1
23,4,8,0.478591,0.865123,1
23,4,9,0.474629,0.862961,0
23,5,0,0.56432,0.904203,1
23,5,1,0.792395,0.971076,1
23,5,2,0.521615,0.886242,1
23,5,3,0.520404,0.88581,1
23,5,4,0.527811,0.889044,1
23,5,5,0.776847,0.968345,1
23,5,6,0.789573,0.970663,1
23,5,7,0.790501,0.970729,1
23,5,8,0.520462,0.885227,1
23,5,9,0.517227,0.883739,0
23,6,0,0.599655,0.917013,1
23,6,1,0.811992,0.974573,1
23,6,2,0.558154,0.901392,1
23,6,3,0.556857,0.900965,1
23,6,4,0.564393,0.90391,1
23,6,5,0.799632,0.97257,1
23,6,6,0.810189,0.974365,1
23,6,7,0.81086,0.974386,1
23,6,8,0.556903,0.900453,1
23,6,9,0.554389,0.899452,0
23,7,0,0.630101,0.926928,1
23,7,1,0.828312,0.97734,1
23,7,2,0.590023,0.913171,1
23,7,3,0.588671,0.912744,1
23,7,4,0.596219,0.915455,1
23,7,5,0.818323,0.975811,1
23,7,6,0.827234,0.977288,1
23,7,7,0.827718,0.977238,1
23,7,8,0.588716,0.912378,1
23,7,9,0.586845,0.911655,0
23,8,0,0.656513,0.934816,1
23,8,1,0.842091,0.979571,1
23,8,2,0.617948,0.922555,1
23,8,3,0.616565,0.922148,1
23,8,4,0.624043,0.924629,1
23,8,5,0.833908,0.978389,1
23,8,6,0.841542,0.979601,1
23,8,7,0.841886,0.979538,1
23,8,8,0.616606,0.921818,1
23,8,9,0.615293,0.921353,0
23,9,0,0.679591,0.941219,1
23,9,1,0.853869,0.981409,1
23,9,2,0.642549,0.930182,1
23,9,3,0.641152,0.929796,1
23,9,4,0.648508,0.932078,1
23,9,5,0.847088,0.98048,1
23,9,6,0.853709,0.981494,1
23,9,7,0.853949,0.981423,1
23,9,8,0.641188,0.929495,1
23,9,9,0.640348,0.929218,0
23,10,0,0.699895,0.946511,1
23,10,1,0.864046,0.982948,1
23,10,2,0.664342,0.936492,1
23,10,3,0.662944,0.936125,1
23,10,4,0.670145,0.938233,1
23,10,5,0.858371,0.982208,1
23,10,6,0.864177,0.983071,1
23,10,7,0.864337,0.982996,1
23,10,8,0.662974,0.935848,1
23,10,9,0.662531,0.93571,0
23,11,0,0.717874,0.950954,1
23,11,1,0.872922,0.984256,1
23,11,2,0.683753,0.941789,1
23,11,3,0.682362,0.94144,1
23,11,4,0.68939,0.943397,1
23,11,5,0.868132,0.98366,1
23,11,6,0.873272,0.984404,1
23,11,7,0.873371,0.984327,1
23,11,8,0.682387,0.941185,1
23,11,9,0.682275,0.941149,0
23,12,0,0.733893,0.954732,1
23,12,1,0.880729,0.985381,1
23,12,2,0.701132,0.946295,1
23,12,3,0.699755,0.945963,1
23,12,4,0.706601,0.947786,1
23,12,5,0.876657,0.984895,1
23,12,6,0.881245,0.985545,1
23,12,7,0.881296,0.985468,1
23,12,8,0.699775,0.945725,1
23,12,9,0.699938,0.945766,0
23,13,0,0.748245,0.957981,1
23,13,1,0.887647,0.986357,1
23,13,2,0.71677,0.95017,1
23,13,3,0.715411,0.949854,1
23,13,4,0.722071,0.951561,1
23,13,5,0.884163,0.98596,1
23,13,6,0.88829,0.986533,1
23,13,7,0.888303,0.986455,1
23,13,8,0.715427,0.949632,1
23,13,9,0.715817,0.949731,0
23,14,0,0.761169,0.960806,1
23,14,1,0.893817,0.987213,1
23,14,2,0.730906,0.953536,1
23,14,3,0.729568,0.953236,1
23,14,4,0.736042,0.954837,1
23,14,5,0.890821,0.986886,1
23,14,6,0.894557,0.987395,1
23,14,7,0.89454,0.987319,1
23,14,8,0.72958,0.953024,1
23,14,9,0.730159,0.953132,0
23,15,0,0.772865,0.963281,1
23,15,1,0.899355,0.987969,1
23,15,2,0.74374,0.956485,1
23,15,3,0.742426,0.9562,1
23,15,4,0.748716,0.957709,1
23,15,5,0.896766,0.987699,1
23,15,6,0.900167,0.988156,1
23,15,7,0.900126,0.98808,1
23,15,8,0.742434,0.956,1
23,15,9,0.743169,0.956143,0
23,16,0,0.783494,0.965467,1
23,16,1,0.90435,0.988642,1
23,16,2,0.755438,0.959091,1
23,16,3,0.754149,0.958818,1
23,16,4,0.76026,0.960244,1
23,16,5,0.902105,0.988418,1
23,16,6,0.905218,0.98883,1
23,16,7,0.905158,0.988756,1
23,16,8,0.754154,0.958629,1
23,16,9,0.755018,0.958799,0
23,17,0,0.793195,0.967412,1
23,17,1,0.908879,0.989244,1
23,17,2,0.766142,0.961407,1
23,17,3,0.764878,0.961147,1
23,17,4,0.770816,0.962497,1
23,17,5,0.906925,0.989058,1
23,17,6,0.909789,0.989433,1
23,17,7,0.909713,0.989361,1
23,17,8,0.764881,0.960968,1
23,17,9,0.765851,0.961159,0
23,18,0,0.80208,0.969153,1
23,18,1,0.913004,0.989786,1
23,18,2,0.775969,0.96348,1
23,18,3,0.774732,0.963231,1
23,18,4,0.780502,0.964514,1
23,18,5,0.911298,0.989633,1
23,18,6,0.913944,0.989975,1
23,18,7,0.913856,0.989904,1
23,18,8,0.774732,0.96306,1
23,18,9,0.77579,0.963267,0
23,19,0,0.810248,0.970721,1
23,19,1,0.916775,0.990277,1
23,19,2,0.785022,0.965346,1
23,19,3,0.783811,0.965106,1
23,19,4,0.78942,0.966328,1
23,19,5,0.915284,0.99015,1
23,19,6,0.917737,0.990464,1
23,19,7,0.917639,0.990395,1
23,19,8,0.783809,0.964944,1
23,19,9,0.784939,0.965163,0
24,0,0,0.574461,0.906602,1
24,0,1,0.584304,0.915626,1
24,0,2,0.543432,0.889571,1
24,0,3,0.438435,0.804455,1
24,0,4,0.571261,0.90653,1
24,0,5,0.567882,0.905144,1
24,0,6,0.580308,0.91287,1
24,0,7,0.582613,0.91296,1
24,0,8,0.440006,0.814677,1
24,0,9,0.400016,0.687279,0
24,1,0,0.644409,0.936254,1
24,1,1,0.65016,0.93782,1
24,1,2,0.622431,0.929574,1
24,1,3,0.3291,0.756807,1
24,1,4,0.642128,0.935503,1
24,1,5,0.639981,0.934982,1
24,1,6,0.648161,0.93725,1
24,1,7,0.649664,0.937762,1
24,1,8,0.329445,0.757294,1
24,1,9,0.31337,0.741267,0
24,2,0,0.696361,0.950608,1
24,2,1,0.699775,0.951326,1
24,2,2,0.680621,0.946814,1
24,2,3,0.393885,0.812795,1
24,2,4,0.694757,0.950184,1
24,2,5,0.693346,0.949929,1
24,2,6,0.69879,0.951101,1
24,2,7,0.699773,0.951393,1
24,2,8,0.394206,0.813207,1
24,2,9,0.373928,0.797437,0
24,3,0,0.735897,0.959894,1
24,3,1,0.73792,0.960222,1
24,3,2,0.724394,0.957563,1
24,3,3,0.450973,0.850318,1
24,3,4,0.734763,0.959628,1
24,3,5,0.733815,0.959501,1
24,3,6,0.737478,0.960136,1
24,3,7,0.738122,0.960315,1
24,3,8,0.451346,0.850676,1
24,3,9,0.428725,0.836449,0
24,4,0,0.76676,0.966336,1
24,4,1,0.767916,0.966462,1
24,4,2,0.758182,0.964826,1
24,4,3,0.500308,0.876417,1
24,4,4,0.765955,0.966164,1
24,4,5,0.765309,0.966106,1
24,4,6,0.767784,0.966446,1
24,4,7,0.768199,0.966559,1
24,4,8,0.500746,0.876757,1
24,4,9,0.477043,0.864215,0
24,5,0,0.791415,0.971044,1
24,5,1,0.79201,0.971061,1
24,5,2,0.784904,0.970029,1
24,5,3,0.542714,0.895311,1
24,5,4,0.790844,0.970931,1
24,5,5,0.790401,0.970911,1
24,5,6,0.792061,0.97108,1
24,5,7,0.792319,0.971152,1
24,5,8,0.54321,0.895635,1
24,5,9,0.519212,0.884598,0
24,6,0,0.811509,0.974625,1
24,6,1,0.811732,0.974579,1
24,6,2,0.806495,0.973926,1
24,6,3,0.57922,0.909484,1
24,6,4,0.811107,0.97455,1
24,6,5,0.810805,0.974553,1
24,6,6,0.811893,0.974616,1
24,6,7,0.812041,0.974664,1
24,6,8,0.579763,0.909791,1
24,6,9,0.555941,0.900022,0
24,7,0,0.82817,0.977435,1
24,7,1,0.82814,0.977353,1
24,7,2,0.824264,0.976947,1
24,7,3,0.610797,0.920442,1
24,7,4,0.827892,0.977385,1
24,7,5,0.827691,0.977401,1
24,7,6,0.828369,0.977399,1
24,7,7,0.828437,0.977429,1
24,7,8,0.611373,0.920732,1
24,7,9,0.588004,0.912016,0
24,8,0,0.842191,0.979695,1
24,8,1,0.841988,0.979592,1
24,8,2,0.839123,0.979353,1
24,8,3,0.638275,0.929133,1
24,8,4,0.842007,0.979663,1
24,8,5,0.841879,0.979688,1
24,8,6,0.842256,0.979643,1
24,8,7,0.842268,0.979661,1
24,8,8,0.638874,0.929406,1
24,8,9,0.616111,0.921564,0
24,9,0,0.854143,0.981552,1
24,9,1,0.853819,0.981436,1
24,9,2,0.851718,0.981313,1
24,9,3,0.662342,0.936175,1
24,9,4,0.854029,0.981531,1
24,9,5,0.853955,0.981561,1
24,9,6,0.854111,0.981489,1
24,9,7,0.85408,0.981498,1
24,9,8,0.662956,0.936433,1
24,9,9,0.640877,0.929322,0
24,10,0,0.864446,0.983102,1
24,10,1,0.864036,0.98298,1
24,10,2,0.862522,0.982939,1
24,10,3,0.683557,0.941985,1
24,10,4,0.864386,0.983091,1
24,10,5,0.864352,0.983124,1
24,10,6,0.864342,0.983033,1
24,10,7,0.86428,0.983036,1
24,10,8,0.684178,0.942229,1
24,10,9,0.662817,0.935736,0
24,11,0,0.873414,0.984415,1
24,11,1,0.872945,0.98429,1
24,11,2,0.871887,0.984309,1
24,11,3,0.702372,0.946855,1
24,11,4,0.873396,0.984411,1
24,11,5,0.873392,0.984446,1
24,11,6,0.873256,0.984342,1
24,11,7,0.873171,0.984342,1
24,11,8,0.702996,0.947086,1
24,11,9,0.682359,0.941117,0
24,12,0,0.881287,0.985542,1
24,12,1,0.880777,0.985416,1
24,12,2,0.880078,0.985478,1
24,12,3,0.719156,0.95099,1
24,12,4,0.881302,0.985543,1
24,12,5,0.881322,0.985578,1
24,12,6,0.88109,0.985467,1
24,12,7,0.880987,0.985464,1
24,12,8,0.719779,0.951209,1
24,12,9,0.699854,0.945692,0
24,13,0,0.888253,0.986519,1
24,13,1,0.887715,0.986394,1
24,13,2,0.8873,0.986487,1
24,13,3,0.73421,0.954543,1
24,13,4,0.888293,0.986523,1
24,13,5,0.888332,0.986559,1
24,13,6,0.888026,0.986443,1
24,13,7,0.88791,0.986437,1
24,13,8,0.734829,0.954751,1
24,13,9,0.715595,0.949626,0
24,14,0,0.894458,0.987374,1
24,14,1,0.893902,0.98725,1
24,14,2,0.893715,0.987367,1
24,14,3,0.747779,0.957627,1
24,14,4,0.894519,0.987381,1
24,14,5,0.894571,0.987417,1
24,14,6,0.894208,0.987299,1
24,14,7,0.894083,0.98729,1
24,14,8,0.748392,0.957825,1
24,14,9,0.729821,0.953027,0
24,15,0,0.900019,0.988128,1
24,15,1,0.899451,0.988006,1
24,15,2,0.899448,0.98814,1
24,15,3,0.760067,0.960327,1
24,15,4,0.900096,0.988137,1
24,15,5,0.900159,0.988173,1
24,15,6,0.899753,0.988053,1
24,15,7,0.899621,0.988043,1
24,15,8,0.760672,0.960516,1
24,15,9,0.742735,0.956019,0
24,16,0,0.905031,0.988798,1
24,16,1,0.904457,0.988679,1
24,16,2,0.904602,0.988826,1
24,16,3,0.771243,0.96271,1
24,16,4,0.90512,0.988809,1
24,16,5,0.905191,0.988845,1
24,16,6,0.904753,0.988724,1
24,16,7,0.904615,0.988713,1
24,16,8,0.771839,0.96289,1
24,16,9,0.754505,0.958661,0
24,17,0,0.90957,0.989397,1
24,17,1,0.908994,0.989281,1
24,17,2,0.90926,0.989437,1
24,17,3,0.781448,0.964828,1
24,17,4,0.909669,0.989409,1
24,17,5,0.909747,0.989444,1
24,17,6,0.909283,0.989324,1
24,17,7,0.909142,0.989313,1
24,17,8,0.782034,0.965,1
24,17,9,0.765273,0.961009,0
24,18,0,0.9137,0.989936,1
24,18,1,0.913125,0.989822,1
24,18,2,0.91349,0.989985,1
24,18,3,0.7908,0.966722,1
24,18,4,0.913807,0.989949,1
24,18,5,0.91389,0.989984,1
24,18,6,0.913407,0.989865,1
24,18,7,0.913263,0.989852,1
24,18,8,0.791376,0.966887,1
24,18,9,0.775158,0.96311,0
24,19,0,0.917473,0.990424,1
24,19,1,0.916901,0.990313,1
24,19,2,0.917347,0.99048,1
24,19,3,0.799401,0.968425,1
24,19,4,0.917586,0.990437,1
24,19,5,0.917673,0.990471,1
24,19,6,0.917177,0.990353,1
24,19,7,0.917031,0.990341,1
24,19,8,0.799967,0.968584,1
24,19,9,0.784263,0.965,0
25,0,0,0.578265,0.912034,1
25,0,1,0.586222,0.915519,1
25,0,2,0.569564,0.905478,1
25,0,3,0.503968,0.855416,1
25,0,4,0.55663,0.899129,1
25,0,5,0.584931,0.914463,1
25,0,6,0.587222,0.916338,1
25,0,7,0.583419,0.913885,1
25,0,8,0.544306,0.884619,1
25,0,9,0.463982,0.83228,0
25,1,0,0.646794,0.93682,1
25,1,1,0.651704,0.938345,1
25,1,2,0.641135,0.935332,1
25,1,3,0.591415,0.916841,1
25,1,4,0.632184,0.932593,1
25,1,5,0.650779,0.937658,1
25,1,6,0.652461,0.938549,1
25,1,7,0.650088,0.937941,1
25,1,8,0.62317,0.928431,1
25,1,9,0.339898,0.765567,0
25,2,0,0.697876,0.950861,1
25,2,1,0.700921,0.951647,1
25,2,2,0.694144,0.950125,1
25,2,3,0.656023,0.938544,1
25,2,4,0.687865,0.948588,1
25,2,5,0.70028,0.951178,1
25,2,6,0.701467,0.951771,1
25,2,7,0.699991,0.951483,1
25,2,8,0.68121,0.945932,1
25,2,9,0.405464,0.819925,0
25,3,0,0.736869,0.959999,1
25,3,1,0.738743,0.960421,1
25,3,2,0.734377,0.959627,1
25,3,3,0.704451,0.951664,1
25,3,4,0.729882,0.958696,1
25,3,5,0.738306,0.960072,1
25,3,6,0.739129,0.960492,1
25,3,7,0.738224,0.960366,1
25,3,8,0.72486,0.956827,1
25,3,9,0.462767,0.856167,0
25,4,0,0.767382,0.966366,1
25,4,1,0.768497,0.966591,1
25,4,2,0.76571,0.966187,1
25,4,3,0.741641,0.960341,1
25,4,4,0.76243,0.965594,1
25,4,5,0.768206,0.96632,1
25,4,6,0.768765,0.966631,1
25,4,7,0.768235,0.96659,1
25,4,8,0.758553,0.964193,1
25,4,9,0.511979,0.881291,0
25,5,0,0.791802,0.971034,1
25,5,1,0.792413,0.971145,1
25,5,2,0.790689,0.970964,1
25,5,3,0.770905,0.966463,1
25,5,4,0.788259,0.970573,1
25,5,5,0.792225,0.970927,1
25,5,6,0.792594,0.971166,1
25,5,7,0.792315,0.971172,1
25,5,8,0.785204,0.969477,1
25,5,9,0.554078,0.899445,0
25,6,0,0.811735,0.974592,1
25,6,1,0.812002,0.974634,1
25,6,2,0.811012,0.974588,1
25,6,3,0.794439,0.970991,1
25,6,4,0.809192,0.974325,1
25,6,5,0.811889,0.974454,1
25,6,6,0.812119,0.974642,1
25,6,7,0.812012,0.974677,1
25,6,8,0.806739,0.973437,1
25,6,9,0.590187,0.91305,0
25,7,0,0.828283,0.977387,1
25,7,1,0.828312,0.977388,1
25,7,2,0.827839,0.977426,1
25,7,3,0.813728,0.974464,1
25,7,4,0.826467,0.977249,1
25,7,5,0.828252,0.977227,1
25,7,6,0.82838,0.977385,1
25,7,7,0.828393,0.977438,1
25,7,8,0.824466,0.976503,1
25,7,9,0.621329,0.923564,0
25,8,0,0.842223,0.97964,1
25,8,1,0.842084,0.979613,1
25,8,2,0.841982,0.979704,1
25,8,3,0.829799,0.977214,1
25,8,4,0.840945,0.979586,1
25,8,5,0.842065,0.979474,1
25,8,6,0.842117,0.979605,1
25,8,7,0.842214,0.979667,1
25,8,8,0.839291,0.978951,1
25,8,9,0.648366,0.931901,0
25,9,0,0.854117,0.981492,1
25,9,1,0.853858,0.981446,1
25,9,2,0.854026,0.981572,1
25,9,3,0.843379,0.979439,1
25,9,4,0.853243,0.981495,1
25,9,5,0.853868,0.981325,1
25,9,6,0.853863,0.981435,1
25,9,7,0.854021,0.981503,1
25,9,8,0.85186,0.980946,1
25,9,9,0.671999,0.938656,0
25,10,0,0.864376,0.98304,1
25,10,1,0.864031,0.982983,1
25,10,2,0.864397,0.98313,1
25,10,3,0.854997,0.981275,1
25,10,4,0.863811,0.983083,1
25,10,5,0.864064,0.982875,1
25,10,6,0.864016,0.982969,1
25,10,7,0.864217,0.983039,1
25,10,8,0.862643,0.982601,1
25,10,9,0.692798,0.944231,0
25,11,0,0.873313,0.984353,1
25,11,1,0.872905,0.984288,1
25,11,2,0.873418,0.984449,1
25,11,3,0.865041,0.982815,1
25,11,4,0.872986,0.984424,1
25,11,5,0.872956,0.984191,1
25,11,6,0.872874,0.984273,1
25,11,7,0.873106,0.984344,1
25,11,8,0.871991,0.983996,1
25,11,9,0.711219,0.948903,0
25,12,0,0.881163,0.98548,1
25,12,1,0.880711,0.985409,1
25,12,2,0.881332,0.98558,1
25,12,3,0.873808,0.984125,1
25,12,4,0.881022,0.985571,1
25,12,5,0.880774,0.985322,1
25,12,6,0.880667,0.985393,1
25,12,7,0.880922,0.985465,1
25,12,8,0.880167,0.985187,1
25,12,9,0.727633,0.952872,0
25,13,0,0.888111,0.986457,1
25,13,1,0.887628,0.986384,1
25,13,2,0.888329,0.986559,1
25,13,3,0.881523,0.985252,1
25,13,4,0.888117,0.986562,1
25,13,5,0.887702,0.986304,1
25,13,6,0.887574,0.986367,1
25,13,7,0.887845,0.986438,1
25,13,8,0.887378,0.986215,1
25,13,9,0.742339,0.956282,0
25,14,0,0.894303,0.987313,1
25,14,1,0.893798,0.987238,1
25,14,2,0.894559,0.987415,1
25,14,3,0.888363,0.986231,1
25,14,4,0.894425,0.987428,1
25,14,5,0.893879,0.987164,1
25,14,6,0.893737,0.987221,1
25,14,7,0.894019,0.98729,1
25,14,8,0.893783,0.987111,1
25,14,9,0.755583,0.959242,0
25,15,0,0.899855,0.988069,1
25,15,1,0.899335,0.987992,1
25,15,2,0.900139,0.98817,1
25,15,3,0.894468,0.98709,1
25,15,4,0.900069,0.98819,1
25,15,5,0.899422,0.987924,1
25,15,6,0.899268,0.987975,1
25,15,7,0.899557,0.988043,1
25,15,8,0.899508,0.987899,1
25,15,9,0.767567,0.961834,0
25,16,0,0.90486,0.98874,1
25,16,1,0.904331,0.988663,1
25,16,2,0.905165,0.98884,1
25,16,3,0.899948,0.987849,1
25,16,4,0.905148,0.988866,1
25,16,5,0.904422,0.9886,1
25,16,6,0.904259,0.988646,1
25,16,7,0.904553,0.988713,1
25,16,8,0.904655,0.988598,1
25,16,9,0.778458,0.964122,0
25,17,0,0.909394,0.989341,1
25,17,1,0.90886,0.989264,1
25,17,2,0.909716,0.98944,1
25,17,3,0.904894,0.988525,1
25,17,4,0.909742,0.98947,1
25,17,5,0.908955,0.989206,1
25,17,6,0.908785,0.989247,1
25,17,7,0.909081,0.989312,1
25,17,8,0.909307,0.989221,1
25,17,9,0.788397,0.966156,0
25,18,0,0.913521,0.989881,1
25,18,1,0.912985,0.989805,1
25,18,2,0.913855,0.989979,1
25,18,3,0.90938,0.989131,1
25,18,4,0.913916,0.990012,1
25,18,5,0.913082,0.98975,1
25,18,6,0.912907,0.989788,1
25,18,7,0.913204,0.989852,1
25,18,8,0.913531,0.98978,1
25,18,9,0.797501,0.967975,0
25,19,0,0.917292,0.99037,1
25,19,1,0.916757,0.990295,1
25,19,2,0.917635,0.990466,1
25,19,3,0.913466,0.989676,1
25,19,4,0.917725,0.990501,1
25,19,5,0.916855,0.990243,1
25,19,6,0.916677,0.990278,1
25,19,7,0.916973,0.99034,1
25,19,8,0.917383,0.990285,1
25,19,9,0.805868,0.969612,0
26,0,0,0.585241,0.915954,1
26,0,1,0.587495,0.916832,1
26,0,2,0.585405,0.914309,1
26,0,3,0.573504,0.907483,1
26,0,4,0.58426,0.91534,1
26,0,5,0.586909,0.916418,1
26,0,6,0.586685,0.915225,1
26,0,7,0.586701,0.91555,1
26,0,8,0.581508,0.910951,1
26,0,9,0.413692,0.794619,0
26,1,0,0.650957,0.937937,1
26,1,1,0.65275,0.938671,1
26,1,2,0.651291,0.93813,1
26,1,3,0.643642,0.935626,1
26,1,4,0.650575,0.937539,1
26,1,5,0.652331,0.938489,1
26,1,6,0.651899,0.937685,1
26,1,7,0.651999,0.937784,1
26,1,8,0.648911,0.937373,1
26,1,9,0.31798,0.74608,0
26,2,0,0.700364,0.951377,1
26,2,1,0.701717,0.95186,1
26,2,2,0.700731,0.951502,1
26,2,3,0.695771,0.950106,1
26,2,4,0.700279,0.951167,1
26,2,5,0.701433,0.951728,1
26,2,6,0.701008,0.951127,1
26,2,7,0.701086,0.951126,1
26,2,8,0.699258,0.951112,1
26,2,9,0.379647,0.802624,0
26,3,0,0.73835,0.96022,1
26,3,1,0.73933,0.960551,1
26,3,2,0.738666,0.960345,1
26,3,3,0.735457,0.959553,1
26,3,4,0.738388,0.960043,1
26,3,5,0.739135,0.960475,1
26,3,6,0.738762,0.959956,1
26,3,7,0.738842,0.960014,1
26,3,8,0.737774,0.960133,1
26,3,9,0.435737,0.841134,0
26,4,0,0.768225,0.966441,1
26,4,1,0.768922,0.966675,1
26,4,2,0.768486,0.966539,1
26,4,3,0.766435,0.966066,1
26,4,4,0.768321,0.966301,1
26,4,5,0.768792,0.96662,1
26,4,6,0.768479,0.966186,1
26,4,7,0.768555,0.966239,1
26,4,8,0.767967,0.966423,1
26,4,9,0.48491,0.868635,0
26,5,0,0.792229,0.971029,1
26,5,1,0.792715,0.971199,1
26,5,2,0.79244,0.971107,1
26,5,3,0.791174,0.970823,1
26,5,4,0.792351,0.970914,1
26,5,5,0.792631,0.971159,1
26,5,6,0.792375,0.97079,1
26,5,7,0.792442,0.970835,1
26,5,8,0.792168,0.971048,1
26,5,9,0.527594,0.888668,0
26,6,0,0.811883,0.974541,1
26,6,1,0.81221,0.974668,1
26,6,2,0.812052,0.974605,1
26,6,3,0.811332,0.97444,1
26,6,4,0.812015,0.974442,1
26,6,5,0.81216,0.974638,1
26,6,6,0.811954,0.974318,1
26,6,7,0.812011,0.974357,1
26,6,8,0.811948,0.97458,1
26,6,9,0.564594,0.903759,0
26,7,0,0.82824,0.977311,1
26,7,1,0.828448,0.977407,1
26,7,2,0.828374,0.977364,1
26,7,3,0.828041,0.977276,1
26,7,4,0.828374,0.977225,1
26,7,5,0.828423,0.977384,1
26,7,6,0.828258,0.977104,1
26,7,7,0.828306,0.977137,1
26,7,8,0.828387,0.977361,1
26,7,9,0.59676,0.915445,0
26,8,0,0.842048,0.979549,1
26,8,1,0.842166,0.979622,1
26,8,2,0.842154,0.979593,1
26,8,3,0.8421,0.979557,1
26,8,4,0.84218,0.979472,1
26,8,5,0.84216,0.979604,1
26,8,6,0.842028,0.979355,1
26,8,7,0.842068,0.979384,1
26,8,8,0.842249,0.979605,1
26,8,9,0.624857,0.92472,0
26,9,0,0.853849,0.981392,1
26,9,1,0.853897,0.981449,1
26,9,2,0.853932,0.98143,1
26,9,3,0.854081,0.981429,1
26,9,4,0.853976,0.981323,1
26,9,5,0.853905,0.981435,1
26,9,6,0.8538,0.981211,1
26,9,7,0.853835,0.981237,1
26,9,8,0.854084,0.981451,1
26,9,9,0.649537,0.932236,0
26,10,0,0.864043,0.982936,1
26,10,1,0.864038,0.98298,1
26,10,2,0.864108,0.982969,1
26,10,3,0.864406,0.982993,1
26,10,4,0.864165,0.982872,1
26,10,5,0.864056,0.982969,1
26,10,6,0.863974,0.982766,1
26,10,7,0.864003,0.982789,1
26,10,8,0.864301,0.982995,1
26,10,9,0.671342,0.938437,0
26,11,0,0.872933,0.984247,1
26,11,1,0.872887,0.984282,1
26,11,2,0.872983,0.984275,1
26,11,3,0.873391,0.984317,1
26,11,4,0.87305,0.984188,1
26,11,5,0.872912,0.984272,1
26,11,6,0.87285,0.984087,1
26,11,7,0.872874,0.984108,1
26,11,8,0.873206,0.984306,1
26,11,9,0.690717,0.943632,0
26,12,0,0.880751,0.985374,1
26,12,1,0.880673,0.985401,1
26,12,2,0.880788,0.985399,1
26,12,3,0.881279,0.985453,1
26,12,4,0.880862,0.985319,1
26,12,5,0.880704,0.985393,1
26,12,6,0.880657,0.985223,1
26,12,7,0.880677,0.985242,1
26,12,8,0.881032,0.985432,1
26,12,9,0.708027,0.948042,0
26,13,0,0.887678,0.986352,1
26,13,1,0.887574,0.986373,1
26,13,2,0.887704,0.986374,1
26,13,3,0.888256,0.986437,1
26,13,4,0.887783,0.986301,1
26,13,5,0.88761,0.986367,1
26,13,6,0.887576,0.986209,1
26,13,7,0.887592,0.986227,1
26,13,8,0.887963,0.986409,1
26,13,9,0.72357,0.951829,0
26,14,0,0.893856,0.98721,1
26,14,1,0.893731,0.987225,1
26,14,2,0.893873,0.987229,1
26,14,3,0.89447,0.987298,1
26,14,4,0.893956,0.987162,1
26,14,5,0.893771,0.98722,1
26,14,6,0.893748,0.987074,1
26,14,7,0.893761,0.98709,1
26,14,8,0.894141,0.987265,1
26,14,9,0.737596,0.955114,0
26,15,0,0.899398,0.987967,1
26,15,1,0.899258,0.987979,1
26,15,2,0.899409,0.987984,1
26,15,3,0.900038,0.988058,1
26,15,4,0.899494,0.987922,1
26,15,5,0.899301,0.987975,1
26,15,6,0.899287,0.987838,1
26,15,7,0.899297,0.987853,1
26,15,8,0.899683,0.988021,1
26,15,9,0.750309,0.957989,0
26,16,0,0.904398,0.98864,1
26,16,1,0.904246,0.988649,1
26,16,2,0.904403,0.988656,1
26,16,3,0.905056,0.988733,1
26,16,4,0.904489,0.988598,1
26,16,5,0.904291,0.988646,1
26,16,6,0.904284,0.988517,1
26,16,7,0.904292,0.988531,1
26,16,8,0.904681,0.988693,1
26,16,9,0.76188,0.960525,0
26,17,0,0.908931,0.989243,1
26,17,1,0.908769,0.989249,1
26,17,2,0.90893,0.989257,1
26,17,3,0.9096,0.989336,1
26,17,4,0.909017,0.989203,1
26,17,5,0.908815,0.989247,1
26,17,6,0.908815,0.989126,1
26,17,7,0.908822,0.989139,1
26,17,8,0.90921,0.989294,1
26,17,9,0.772453,0.962778,0
26,18,0,0.913058,0.989786,1
26,18,1,0.912889,0.98979,1
26,18,2,0.913053,0.989799,1
26,18,3,0.913733,0.989879,1
26,18,4,0.913141,0.989748,1
26,18,5,0.912936,0.989788,1
26,18,6,0.912941,0.989674,1
26,18,7,0.912946,0.989686,1
26,18,8,0.913334,0.989835,1
26,18,9,0.782148,0.964792,0
26,19,0,0.916832,0.990277,1
26,19,1,0.916657,0.990279,1
26,19,2,0.916823,0.990289,1
26,19,3,0.91751,0.99037,1
26,19,4,0.916911,0.990241,1
26,19,5,0.916705,0.990278,1
26,19,6,0.916715,0.99017,1
26,19,7,0.916718,0.990181,1
26,19,8,0.917103,0.990325,1
26,19,9,0.791068,0.966603,0
27,0,0,0.57997,0.912454,1
27,0,1,0.585391,0.914989,1
27,0,2,0.567771,0.904564,1
27,0,3,0.555463,0.89777,1
27,0,4,0.575802,0.910688,1
27,0,5,0.584079,0.914631,1
27,0,6,0.586897,0.916663,1
27,0,7,0.585715,0.91527,1
27,0,8,0.561074,0.899246,1
27,0,9,0.495365,0.856086,0
27,1,0,0.647809,0.937271,1
27,1,1,0.650334,0.937892,1
27,1,2,0.63971,0.934949,1
27,1,3,0.631347,0.932287,1
27,1,4,0.645066,0.936034,1
27,1,5,0.650414,0.937987,1
27,1,6,0.651748,0.938199,1
27,1,7,0.65155,0.938357,1
27,1,8,0.635241,0.933528,1
27,1,9,0.355628,0.781172,0
27,2,0,0.698495,0.951129,1
27,2,1,0.699593,0.951284,1
27,2,2,0.693074,0.949913,1
27,2,3,0.687257,0.948393,1
27,2,4,0.696676,0.950358,1
27,2,5,0.700143,0.951472,1
27,2,6,0.700716,0.95147,1
27,2,7,0.700924,0.951696,1
27,2,8,0.690006,0.949134,1
27,2,9,0.420764,0.831491,0
27,3,0,0.737245,0.960173,1
27,3,1,0.737608,0.960153,1
27,3,2,0.733579,0.959502,1
27,3,3,0.729431,0.958568,1
27,3,4,0.736035,0.959659,1
27,3,5,0.738283,0.960337,1
27,3,6,0.738462,0.96026,1
27,3,7,0.738814,0.960476,1
27,3,8,0.731426,0.959029,1
27,3,9,0.477134,0.864917,0
27,4,0,0.767603,0.966486,1
27,4,1,0.76757,0.966394,1
27,4,2,0.765114,0.966113,1
27,4,3,0.762089,0.965504,1
27,4,4,0.766802,0.966122,1
27,4,5,0.76824,0.966555,1
27,4,6,0.768206,0.966451,1
27,4,7,0.768596,0.966643,1
27,4,8,0.763572,0.965811,1
27,4,9,0.525271,0.888143,0
27,5,0,0.791923,0.97112,1
27,5,1,0.791666,0.971003,1
27,5,2,0.790243,0.97092,1
27,5,3,0.787997,0.97051,1
27,5,4,0.791405,0.970847,1
27,5,5,0.792292,0.971142,1
27,5,6,0.792139,0.971022,1
27,5,7,0.792519,0.971192,1
27,5,8,0.789123,0.970716,1
27,5,9,0.566319,0.904984,0
27,6,0,0.811788,0.974657,1
27,6,1,0.811406,0.974529,1
27,6,2,0.810678,0.974564,1
27,6,3,0.808987,0.974277,1
27,6,4,0.811469,0.974446,1
27,6,5,0.811972,0.974647,1
27,6,6,0.811751,0.974527,1
27,6,7,0.812107,0.974676,1
27,6,8,0.809857,0.974425,1
27,6,9,0.601458,0.917646,0
27,7,0,0.828289,0.977438,1
27,7,1,0.82784,0.977309,1
27,7,2,0.827589,0.977414,1
27,7,3,0.826304,0.97721,1
27,7,4,0.828114,0.977272,1
27,7,5,0.828344,0.97741,1
27,7,6,0.828086,0.977293,1
27,7,7,0.828412,0.977425,1
27,7,8,0.826984,0.977317,1
27,7,9,0.631729,0.927461,0
27,8,0,0.842198,0.979681,1
27,8,1,0.841713,0.979555,1
27,8,2,0.841797,0.979702,1
27,8,3,0.840814,0.979554,1
27,8,4,0.842125,0.979546,1
27,8,5,0.84216,0.97964,1
27,8,6,0.841882,0.979529,1
27,8,7,0.842178,0.979647,1
27,8,8,0.841353,0.979635,1
27,8,9,0.657992,0.935266,0
27,9,0,0.854069,0.981526,1
27,9,1,0.853569,0.981403,1
27,9,2,0.85389,0.981576,1
27,9,3,0.853137,0.981469,1
27,9,4,0.854073,0.981415,1
27,9,5,0.853964,0.981477,1
27,9,6,0.853677,0.981372,1
27,9,7,0.853945,0.981477,1
27,9,8,0.853566,0.98153,1
27,9,9,0.680942,0.941606,0
27,10,0,0.864312,0.983068,1
27,10,1,0.86381,0.982951,1
27,10,2,0.864301,0.983139,1
27,10,3,0.863725,0.983061,1
27,10,4,0.864373,0.982975,1
27,10,5,0.864159,0.983015,1
27,10,6,0.86387,0.982916,1
27,10,7,0.864112,0.983011,1
27,10,8,0.864069,0.983108,1
27,10,9,0.701135,0.946849,0
27,11,0,0.873237,0.984377,1
27,11,1,0.87274,0.984265,1
27,11,2,0.873352,0.984461,1
27,11,3,0.872915,0.984405,1
27,11,4,0.87334,0.984298,1
27,11,5,0.873048,0.984321,1
27,11,6,0.872761,0.984227,1
27,11,7,0.87298,0.984313,1
27,11,8,0.873192,0.984441,1
27,11,9,0.719018,0.951252,0
27,12,0,0.881079,0.9855,1
27,12,1,0.880591,0.985394,1
27,12,2,0.881291,0.985594,1
27,12,3,0.880964,0.985555,1
27,12,4,0.881215,0.985433,1
27,12,5,0.880864,0.985443,1
27,12,6,0.880582,0.985354,1
27,12,7,0.880781,0.985433,1
27,12,8,0.881187,0.985582,1
27,12,9,0.734953,0.954997,0
27,13,0,0.888022,0.986475,1
27,13,1,0.887546,0.986374,1
27,13,2,0.888309,0.986575,1
27,13,3,0.888069,0.986548,1
27,13,4,0.888182,0.986416,1
27,13,5,0.887788,0.986417,1
27,13,6,0.887512,0.986333,1
27,13,7,0.887693,0.986406,1
27,13,8,0.888249,0.986569,1
27,13,9,0.749231,0.958221,0
27,14,0,0.89421,0.987329,1
27,14,1,0.893748,0.987233,1
27,14,2,0.894554,0.987432,1
27,14,3,0.894385,0.987416,1
27,14,4,0.894388,0.987277,1
27,14,5,0.893963,0.987271,1
27,14,6,0.893694,0.987191,1
27,14,7,0.893859,0.987258,1
27,14,8,0.89453,0.987432,1
27,14,9,0.762091,0.961022,0
27,15,0,0.89976,0.988082,1
27,15,1,0.899311,0.987991,1
27,15,2,0.900148,0.988188,1
27,15,3,0.900036,0.988179,1
27,15,4,0.899951,0.988037,1
27,15,5,0.899502,0.988025,1
27,15,6,0.899241,0.987949,1
27,15,7,0.899392,0.988011,1
27,15,8,0.900152,0.988191,1
27,15,9,0.773728,0.963479,0
27,16,0,0.904763,0.988752,1
27,16,1,0.904329,0.988665,1
27,16,2,0.905185,0.988859,1
27,16,3,0.905121,0.988857,1
27,16,4,0.904965,0.988712,1
27,16,5,0.904499,0.988695,1
27,16,6,0.904245,0.988623,1
27,16,7,0.904384,0.988681,1
27,16,8,0.905212,0.988865,1
27,16,9,0.784306,0.965649,0
27,17,0,0.909297,0.989351,1
27,17,1,0.908876,0.989268,1
27,17,2,0.909744,0.989458,1
27,17,3,0.909719,0.989461,1
27,17,4,0.909506,0.989315,1
27,17,5,0.909029,0.989296,1
27,17,6,0.908782,0.989227,1
27,17,7,0.90891,0.989281,1
27,17,8,0.90979,0.989467,1
27,17,9,0.79396,0.96758,0
27,18,0,0.913423,0.989891,1
27,18,1,0.913016,0.989812,1
27,18,2,0.91389,0.989997,1
27,18,3,0.913897,0.990004,1
27,18,4,0.913638,0.989858,1
27,18,5,0.913153,0.989836,1
27,18,6,0.912914,0.98977,1
27,18,7,0.913031,0.989821,1
27,18,8,0.913951,0.990008,1
27,18,9,0.802804,0.969309,0
27,19,0,0.917195,0.990378,1
27,19,1,0.916801,0.990303,1
27,19,2,0.917677,0.990485,1
27,19,3,0.91771,0.990495,1
27,19,4,0.917413,0.99035,1
27,19,5,0.916924,0.990325,1
27,19,6,0.916692,0.990262,1
27,19,7,0.9168,0.99031,1
27,19,8,0.91775,0.990497,1
27,19,9,0.810934,0.970866,0
28,0,0,0.509892,0.866131,1
28,0,1,0.583297,0.91283,1
28,0,2,0.464415,0.835602,1
28,0,3,0.400381,0.751349,1
28,0,4,0.485359,0.860041,1
28,0,5,0.555693,0.898484,1
28,0,6,0.573251,0.906248,1
28,0,7,0.566696,0.903792,1
28,0,8,0.406343,0.776701,1
28,0,9,0.549172,0.893791,0
28,1,0,0.596272,0.919754,1
28,1,1,0.650043,0.937741,1
28,1,2,0.339904,0.766703,1
28,1,3,0.312636,0.742064,1
28,1,4,0.349753,0.773412,1
28,1,5,0.631253,0.931753,1
28,1,6,0.643293,0.93592,1
28,1,7,0.639119,0.934739,1
28,1,8,0.313627,0.740785,1
28,1,9,0.626779,0.930518,0
28,2,0,0.660024,0.940537,1
28,2,1,0.699981,0.951332,1
28,2,2,0.405411,0.820866,1
28,2,3,0.372835,0.797803,1
28,2,4,0.415023,0.825574,1
28,2,5,0.687075,0.947958,1
28,2,6,0.695457,0.950401,1
28,2,7,0.692727,0.949797,1
28,2,8,0.374154,0.797007,1
28,2,9,0.683912,0.947299,0
28,3,0,0.707812,0.953161,1
28,3,1,0.738229,0.960237,1
28,3,2,0.462716,0.856931,1
28,3,3,0.427618,0.836782,1
28,3,4,0.471839,0.860348,1
28,3,5,0.729234,0.958188,1
28,3,6,0.735204,0.959766,1
28,3,7,0.73337,0.959434,1
28,3,8,0.429422,0.836439,1
28,3,9,0.726925,0.957834,0
28,4,0,0.74452,0.961532,1
28,4,1,0.768246,0.966482,1
28,4,2,0.511952,0.88194,1
28,4,3,0.476074,0.864589,1
28,4,4,0.520509,0.884535,1
28,4,5,0.761909,0.965188,1
28,4,6,0.766234,0.966254,1
28,4,7,0.764986,0.96607,1
28,4,8,0.478381,0.864592,1
28,4,9,0.760168,0.964975,0
28,5,0,0.773413,0.967448,1
28,5,1,0.79233,0.971085,1
28,5,2,0.554078,0.90001,1
28,5,3,0.518428,0.885011,1
28,5,4,0.562076,0.902068,1
28,5,5,0.787848,0.970254,1
28,5,6,0.791013,0.970988,1
28,5,7,0.790164,0.970893,1
28,5,8,0.52118,0.885258,1
28,5,9,0.786493,0.970108,0
28,6,0,0.796655,0.971829,1
28,6,1,0.812028,0.9746,1
28,6,2,0.590216,0.913552,1
28,6,3,0.555354,0.900463,1
28,6,4,0.597685,0.915224,1
28,6,5,0.808866,0.974056,1
28,6,6,0.811204,0.974589,1
28,6,7,0.810631,0.974545,1
28,6,8,0.558448,0.900844,1
28,6,9,0.807789,0.973961,0
28,7,0,0.81571,0.975195,1
28,7,1,0.828409,0.97737,1
28,7,2,0.621382,0.924016,1
28,7,3,0.5876,0.912472,1
28,7,4,0.628367,0.925408,1
28,7,5,0.826207,0.977016,1
28,7,6,0.82794,0.977412,1
28,7,7,0.827564,0.9774,1
28,7,8,0.590942,0.912932,1
28,7,9,0.825334,0.976955,0
28,8,0,0.83159,0.977858,1
28,8,1,0.84223,0.979605,1
28,8,2,0.64844,0.932312,1
28,8,3,0.615869,0.922027,1
28,8,4,0.654984,0.933495,1
28,8,5,0.840737,0.979383,1
28,8,6,0.84202,0.979682,1
28,8,7,0.841786,0.979691,1
28,8,8,0.619383,0.922529,1
28,8,9,0.840019,0.979343,0
28,9,0,0.845011,0.980014,1
28,9,1,0.854036,0.981446,1
28,9,2,0.67209,0.939033,1
28,9,3,0.640774,0.929783,1
28,9,4,0.678239,0.940056,1
28,9,5,0.853076,0.981315,1
28,9,6,0.854019,0.981546,1
28,9,7,0.853889,0.981568,1
28,9,8,0.644399,0.930306,1
28,9,9,0.852478,0.981291,0
28,10,0,0.856494,0.981795,1
28,10,1,0.864232,0.982988,1
28,10,2,0.692903,0.944579,1
28,10,3,0.662831,0.93619,1
28,10,4,0.698694,0.945475,1
28,10,5,0.863678,0.982922,1
28,10,6,0.864358,0.983101,1
28,10,7,0.864307,0.983133,1
28,10,8,0.666522,0.93672,1
28,10,9,0.863173,0.982909,0
28,11,0,0.866424,0.983289,1
28,11,1,0.87312,0.984296,1
28,11,2,0.711335,0.949227,1
28,11,3,0.682471,0.941563,1
28,11,4,0.716803,0.950021,1
28,11,5,0.87288,0.984278,1
28,11,6,0.873355,0.984418,1
28,11,7,0.873363,0.984456,1
28,11,8,0.686191,0.942091,1
28,11,9,0.87245,0.984274,0
28,12,0,0.875092,0.98456,1
28,12,1,0.880935,0.985421,1
28,12,2,0.727757,0.953173,1
28,12,3,0.700047,0.946127,1
28,12,4,0.732934,0.953886,1
28,12,5,0.880938,0.985439,1
28,12,6,0.881252,0.985548,1
28,12,7,0.881305,0.98559,1
28,12,8,0.703771,0.946648,1
28,12,9,0.880569,0.985437,0
28,13,0,0.882721,0.985654,1
28,13,1,0.887858,0.986397,1
28,13,2,0.742469,0.956564,1
28,13,3,0.715855,0.950048,1
28,13,4,0.747382,0.957209,1
28,13,5,0.888051,0.986442,1
28,13,6,0.888237,0.986527,1
28,13,7,0.888325,0.986571,1
28,13,8,0.719562,0.950559,1
28,13,9,0.887731,0.986444,0
28,14,0,0.889486,0.986605,1
28,14,1,0.894031,0.987252,1
28,14,2,0.755718,0.959508,1
28,14,3,0.730137,0.953452,1
28,14,4,0.76039,0.960095,1
28,14,5,0.894373,0.987317,1
28,14,6,0.894458,0.987383,1
28,14,7,0.894572,0.987429,1
28,14,8,0.733813,0.953951,1
28,14,9,0.894095,0.987322,0
28,15,0,0.895524,0.987439,1
28,15,1,0.899568,0.988007,1
28,15,2,0.767706,0.962085,1
28,15,3,0.743097,0.956431,1
28,15,4,0.772159,0.962623,1
28,15,5,0.90003,0.988087,1
28,15,6,0.900031,0.988138,1
28,15,7,0.900166,0.988185,1
28,15,8,0.746732,0.956917,1
28,15,9,0.899786,0.988095,0
28,16,0,0.900944,0.988176,1
28,16,1,0.904563,0.988679,1
28,16,2,0.7786,0.96436,1
28,16,3,0.754905,0.95906,1
28,16,4,0.782852,0.964856,1
28,16,5,0.905119,0.98877,1
28,16,6,0.905053,0.988809,1
28,16,7,0.905204,0.988857,1
28,16,8,0.758491,0.959532,1
28,16,9,0.904904,0.98878,0
28,17,0,0.905837,0.988833,1
28,17,1,0.909091,0.98928,1
28,17,2,0.78854,0.966382,1
28,17,3,0.765704,0.961396,1
28,17,4,0.792609,0.966842,1
28,17,5,0.909721,0.98938,1
28,17,6,0.909601,0.989409,1
28,17,7,0.909764,0.989457,1
28,17,8,0.769235,0.961854,1
28,17,9,0.909531,0.989392,0
28,18,0,0.910275,0.989421,1
28,18,1,0.913213,0.989821,1
28,18,2,0.797645,0.96819,1
28,18,3,0.775614,0.963484,1
28,18,4,0.801544,0.968618,1
28,18,5,0.913903,0.989927,1
28,18,6,0.913738,0.989949,1
28,18,7,0.913911,0.989996,1
28,18,8,0.779088,0.963929,1
28,18,9,0.913733,0.98994,0
28,19,0,0.914318,0.989951,1
28,19,1,0.916982,0.990311,1
28,19,2,0.806013,0.969817,1
28,19,3,0.784739,0.965362,1
28,19,4,0.809756,0.970217,1
28,19,5,0.917718,0.990422,1
28,19,6,0.917517,0.990437,1
28,19,7,0.917697,0.990483,1
28,19,8,0.788152,0.965794,1
28,19,9,0.917567,0.990436,0
29,0,0,0.581668,0.913631,1
29,0,1,0.586069,0.915278,1
29,0,2,0.577478,0.908612,1
29,0,3,0.555598,0.897903,1
29,0,4,0.58134,0.913275,1
29,0,5,0.576039,0.911452,1
29,0,6,0.583111,0.914817,1
29,0,7,0.585661,0.914149,1
29,0,8,0.563743,0.898196,1
29,0,9,0.400205,0.721769,0
29,1,0,0.648819,0.93734,1
29,1,1,0.651395,0.937429,1
29,1,2,0.645946,0.936541,1
29,1,3,0.631341,0.932373,1
29,1,4,0.648602,0.937188,1
29,1,5,0.645314,0.936359,1
29,1,6,0.649768,0.937636,1
29,1,7,0.651263,0.937797,1
29,1,8,0.636909,0.933725,1
29,1,9,0.313574,0.74297,0
29,2,0,0.699086,0.951092,1
29,2,1,0.700591,0.950891,1
29,2,2,0.697138,0.950604,1
29,2,3,0.68721,0.948454,1
29,2,4,0.698952,0.951019,1
29,2,5,0.696879,0.950678,1
29,2,6,0.699721,0.951302,1
29,2,7,0.700594,0.95122,1
29,2,8,0.691129,0.94904,1
29,2,9,0.374109,0.798738,0
29,3,0,0.73759,0.960091,1
29,3,1,0.738447,0.959796,1
29,3,2,0.736274,0.959821,1
29,3,3,0.729378,0.958617,1
29,3,4,0.737509,0.960046,1
29,3,5,0.736197,0.959902,1
29,3,6,0.738008,0.96022,1
29,3,7,0.738508,0.960091,1
29,3,8,0.732205,0.95891,1
29,3,9,0.428873,0.837484,0
29,4,0,0.767797,0.966388,1
29,4,1,0.768247,0.966063,1
29,4,2,0.766914,0.96624,1
29,4,3,0.762042,0.965546,1
29,4,4,0.76775,0.966357,1
29,4,5,0.76693,0.966316,1
29,4,6,0.768065,0.96647,1
29,4,7,0.768332,0.966327,1
29,4,8,0.764128,0.965686,1
29,4,9,0.477163,0.865063,0
29,5,0,0.792019,0.97102,1
29,5,1,0.792206,0.970689,1
29,5,2,0.79144,0.970948,1
29,5,3,0.787956,0.970545,1
29,5,4,0.791995,0.970994,1
29,5,5,0.791504,0.97101,1
29,5,6,0.792182,0.971071,1
29,5,7,0.792298,0.970929,1
29,5,8,0.789524,0.970602,1
29,5,9,0.519311,0.885313,0
29,6,0,0.81182,0.974557,1
29,6,1,0.811832,0.974235,1
29,6,2,0.811457,0.97453,1
29,6,3,0.808954,0.974309,1
29,6,4,0.811811,0.974538,1
29,6,5,0.811545,0.974584,1
29,6,6,0.811909,0.97459,1
29,6,7,0.811924,0.974451,1
29,6,8,0.810151,0.974315,1
29,6,9,0.556028,0.900639,0
29,7,0,0.828278,0.977342,1
29,7,1,0.828173,0.977034,1
29,7,2,0.828071,0.977343,1
29,7,3,0.826277,0.977239,1
29,7,4,0.828279,0.977327,1
29,7,5,0.828171,0.977391,1
29,7,6,0.828315,0.977363,1
29,7,7,0.828262,0.977229,1
29,7,8,0.827202,0.977213,1
29,7,9,0.588081,0.912558,0
29,8,0,0.842157,0.979589,1
29,8,1,0.841972,0.979295,1
29,8,2,0.842064,0.979608,1
29,8,3,0.840793,0.979581,1
29,8,4,0.842165,0.979577,1
29,8,5,0.842169,0.979651,1
29,8,6,0.842155,0.979601,1
29,8,7,0.842055,0.979473,1
29,8,8,0.841515,0.979536,1
29,8,9,0.616183,0.922048,0
29,9,0,0.854006,0.98144,1
29,9,1,0.85377,0.981179,1
29,9,2,0.853999,0.981472,1
29,9,3,0.853121,0.981493,1
29,9,4,0.854018,0.981417,1
29,9,5,0.854105,0.981496,1
29,9,6,0.853979,0.981435,1
29,9,7,0.853846,0.981315,1
29,9,8,0.853686,0.981445,1
29,9,9,0.640945,0.929759,0
29,10,0,0.864235,0.982987,1
29,10,1,0.863963,0.982739,1
29,10,2,0.864292,0.983026,1
29,10,3,0.863712,0.983084,1
29,10,4,0.864249,0.982966,1
29,10,5,0.864397,0.983049,1
29,10,6,0.864188,0.982979,1
29,10,7,0.864033,0.982864,1
29,10,8,0.864157,0.983027,1
29,10,9,0.662883,0.936133,0
29,11,0,0.87315,0.984299,1
29,11,1,0.872854,0.984064,1
29,11,2,0.873255,0.984344,1
29,11,3,0.872906,0.984427,1
29,11,4,0.873165,0.98428,1
29,11,5,0.873357,0.984365,1
29,11,6,0.873088,0.984289,1
29,11,7,0.872917,0.984179,1
29,11,8,0.873256,0.984364,1
29,11,9,0.682423,0.941482,0
29,12,0,0.880984,0.985426,1
29,12,1,0.880673,0.985203,1
29,12,2,0.881126,0.985474,1
29,12,3,0.880957,0.985575,1
29,12,4,0.881002,0.985409,1
29,12,5,0.881225,0.985494,1
29,12,6,0.880912,0.985415,1
29,12,7,0.880731,0.98531,1
29,12,8,0.881232,0.985508,1
29,12,9,0.699918,0.94603,0
29,13,0,0.887922,0.986405,1
29,13,1,0.8876,0.986193,1
29,13,2,0.888092,0.986454,1
29,13,3,0.888065,0.986568,1
29,13,4,0.887941,0.986389,1
29,13,5,0.888188,0.986473,1
29,13,6,0.887842,0.986393,1
29,13,7,0.887654,0.986292,1
29,13,8,0.888278,0.986499,1
29,13,9,0.715657,0.949939,0
29,14,0,0.894108,0.987262,1
29,14,1,0.89378,0.987059,1
29,14,2,0.894299,0.987313,1
29,14,3,0.894383,0.987434,1
29,14,4,0.894127,0.987247,1
29,14,5,0.89439,0.98733,1
29,14,6,0.894022,0.987249,1
29,14,7,0.893829,0.987153,1
29,14,8,0.894548,0.987365,1
29,14,9,0.729883,0.953334,0
29,15,0,0.899655,0.988018,1
29,15,1,0.899324,0.987825,1
29,15,2,0.899863,0.98807,1
29,15,3,0.900036,0.988197,1
29,15,4,0.899674,0.988004,1
29,15,5,0.89995,0.988086,1
29,15,6,0.899565,0.988005,1
29,15,7,0.89937,0.987913,1
29,15,8,0.90016,0.988127,1
29,15,9,0.742797,0.956308,0
29,16,0,0.904657,0.988691,1
29,16,1,0.904326,0.988506,1
29,16,2,0.904877,0.988743,1
29,16,3,0.905121,0.988873,1
29,16,4,0.904677,0.988678,1
29,16,5,0.904961,0.988757,1
29,16,6,0.904564,0.988677,1
29,16,7,0.904368,0.988589,1
29,16,8,0.905212,0.988804,1
29,16,9,0.754567,0.958933,0
29,17,0,0.909191,0.989293,1
29,17,1,0.90886,0.989116,1
29,17,2,0.90942,0.989344,1
29,17,3,0.909721,0.989477,1
29,17,4,0.909211,0.98928,1
29,17,5,0.9095,0.989358,1
29,17,6,0.909095,0.989279,1
29,17,7,0.9089,0.989195,1
29,17,8,0.909784,0.989408,1
29,17,9,0.765335,0.961267,0
29,18,0,0.913317,0.989834,1
29,18,1,0.912989,0.989665,1
29,18,2,0.913553,0.989886,1
29,18,3,0.9139,0.990019,1
29,18,4,0.913337,0.989823,1
29,18,5,0.91363,0.989899,1
29,18,6,0.913221,0.98982,1
29,18,7,0.913026,0.98974,1
29,18,8,0.913941,0.989951,1
29,18,9,0.77522,0.963354,0
29,19,0,0.917089,0.990324,1
29,19,1,0.916765,0.990162,1
29,19,2,0.91733,0.990375,1
29,19,3,0.917714,0.990509,1
29,19,4,0.91711,0.990314,1
29,19,5,0.917403,0.990388,1
29,19,6,0.916992,0.990311,1
29,19,7,0.916799,0.990233,1
29,19,8,0.917735,0.990442,1
29,19,9,0.784324,0.965232,0
30,0,0,0.569276,0.905987,1
30,0,1,0.585393,0.915103,1
30,0,2,0.541379,0.886248,1
30,0,3,0.4306,0.799745,1
30,0,4,0.567681,0.905784,1
30,0,5,0.5236,0.876064,1
30,0,6,0.573205,0.908298,1
30,0,7,0.585272,0.916017,1
30,0,8,0.439661,0.807052,1
30,0,9,0.400016,0.704869,0
30,1,0,0.640863,0.935263,1
30,1,1,0.651079,0.93786,1
30,1,2,0.621092,0.928444,1
30,1,3,0.326147,0.75455,1
30,1,4,0.63988,0.934925,1
30,1,5,0.607718,0.924118,1
30,1,6,0.643437,0.935475,1
30,1,7,0.650744,0.937578,1
30,1,8,0.329736,0.757729,1
30,1,9,0.314852,0.744098,0
30,2,0,0.693915,0.950079,1
30,2,1,0.700465,0.951301,1
30,2,2,0.679672,0.946,1
30,2,3,0.390538,0.810812,1
30,2,4,0.6933,0.949934,1
30,2,5,0.669386,0.943385,1
30,2,6,0.695658,0.95011,1
30,2,7,0.70014,0.951121,1
30,2,8,0.394641,0.813571,1
30,2,9,0.375882,0.799947,0
30,3,0,0.734196,0.959601,1
30,3,1,0.738422,0.960162,1
30,3,2,0.723687,0.956959,1
30,3,3,0.447382,0.848569,1
30,3,4,0.733797,0.959515,1
30,3,5,0.715548,0.955197,1
30,3,6,0.735388,0.959509,1
30,3,7,0.738132,0.960006,1
30,3,8,0.451759,0.850967,1
30,3,9,0.430647,0.83841,0
30,4,0,0.76557,0.966171,1
30,4,1,0.768274,0.966381,1
30,4,2,0.757631,0.964348,1
30,4,3,0.496586,0.874876,1
30,4,4,0.765304,0.966114,1
30,4,5,0.751016,0.963069,1
30,4,6,0.766391,0.966026,1
30,4,7,0.768031,0.966251,1
30,4,8,0.50108,0.876971,1
30,4,9,0.478716,0.865692,0
30,5,0,0.790581,0.970955,1
30,5,1,0.792262,0.970974,1
30,5,2,0.784459,0.969634,1
30,5,3,0.538951,0.893946,1
30,5,4,0.790403,0.970917,1
30,5,5,0.778957,0.968663,1
30,5,6,0.791146,0.970788,1
30,5,7,0.792061,0.970864,1
30,5,8,0.54345,0.89578,1
30,5,9,0.520571,0.885707,0
30,6,0,0.81093,0.974584,1
30,6,1,0.811905,0.974495,1
30,6,2,0.806125,0.973592,1
30,6,3,0.575466,0.908257,1
30,6,4,0.81081,0.974551,1
30,6,5,0.80146,0.972831,1
30,6,6,0.811312,0.974401,1
30,6,7,0.811738,0.974393,1
30,6,8,0.579908,0.90989,1
30,6,9,0.556994,0.900856,0
30,7,0,0.827776,0.977423,1
30,7,1,0.828254,0.977269,1
30,7,2,0.823949,0.976655,1
30,7,3,0.607096,0.919337,1
30,7,4,0.827698,0.977401,1
30,7,5,0.819929,0.976037,1
30,7,6,0.828028,0.977243,1
30,7,7,0.828117,0.977182,1
30,7,8,0.611438,0.920792,1
30,7,9,0.588779,0.912653,0
30,8,0,0.841935,0.979704,1
30,8,1,0.842056,0.97951,1
30,8,2,0.83885,0.979095,1
30,8,3,0.634654,0.928131,1
30,8,4,0.841886,0.979687,1
30,8,5,0.835336,0.97858,1
30,8,6,0.842092,0.979528,1
30,8,7,0.841944,0.979434,1
30,8,8,0.638873,0.929439,1
30,8,9,0.616646,0.922058,0
30,9,0,0.85399,0.981573,1
30,9,1,0.853852,0.981356,1
30,9,2,0.851478,0.981081,1
30,9,3,0.658814,0.93526,1
30,9,4,0.853962,0.981561,1
30,9,5,0.84837,0.980644,1
30,9,6,0.854076,0.981403,1
30,9,7,0.853761,0.981289,1
30,9,8,0.6629,0.936446,1
30,9,9,0.64121,0.929707,0
30,10,0,0.864371,0.983132,1
30,10,1,0.864043,0.982902,1
30,10,2,0.862308,0.982729,1
30,10,3,0.68013,0.941145,1
30,10,4,0.864359,0.983124,1
30,10,5,0.859532,0.982351,1
30,10,6,0.864404,0.982969,1
30,10,7,0.86397,0.982843,1
30,10,8,0.684078,0.942228,1
30,10,9,0.662981,0.936038,0
30,11,0,0.873399,0.984452,1
30,11,1,0.87293,0.984215,1
30,11,2,0.871694,0.984115,1
30,11,3,0.69905,0.946078,1
30,11,4,0.873399,0.984446,1
30,11,5,0.869192,0.983786,1
30,11,6,0.873392,0.984297,1
30,11,7,0.872872,0.984163,1
30,11,8,0.70286,0.947075,1
30,11,9,0.682381,0.941356,0
30,12,0,0.881319,0.985583,1
30,12,1,0.880746,0.985344,1
30,12,2,0.879902,0.985301,1
30,12,3,0.715939,0.950269,1
30,12,4,0.881329,0.985578,1
30,12,5,0.87763,0.985008,1
30,12,6,0.881282,0.985433,1
30,12,7,0.8807,0.985296,1
30,12,8,0.719615,0.95119,1
30,12,9,0.69976,0.945881,0
30,13,0,0.888321,0.986563,1
30,13,1,0.887671,0.986324,1
30,13,2,0.88714,0.986323,1
30,13,3,0.731096,0.95387,1
30,13,4,0.888338,0.986559,1
30,13,5,0.885062,0.986061,1
30,13,6,0.88826,0.986419,1
30,13,7,0.887635,0.98628,1
30,13,8,0.734642,0.954727,1
30,13,9,0.715404,0.949775,0
30,14,0,0.894555,0.987419,1
30,14,1,0.893847,0.987183,1
30,14,2,0.893567,0.987214,1
30,14,3,0.744765,0.956996,1
30,14,4,0.894577,0.987417,1
30,14,5,0.891656,0.986978,1
30,14,6,0.894476,0.987281,1
30,14,7,0.89382,0.987143,1
30,14,8,0.748187,0.957796,1
30,14,9,0.729551,0.953159,0
30,15,0,0.900138,0.988174,1
30,15,1,0.899389,0.987942,1
30,15,2,0.899311,0.987997,1
30,15,3,0.757149,0.959734,1
30,15,4,0.900164,0.988173,1
30,15,5,0.897544,0.987783,1
30,15,6,0.900045,0.988042,1
30,15,7,0.89937,0.987905,1
30,15,8,0.760453,0.960484,1
30,15,9,0.742399,0.956126,0
30,16,0,0.905168,0.988845,1
30,16,1,0.904388,0.988616,1
30,16,2,0.904474,0.988691,1
30,16,3,0.768417,0.96215,1
30,16,4,0.905197,0.988844,1
30,16,5,0.902833,0.988495,1
30,16,6,0.905063,0.988718,1
30,16,7,0.904375,0.988582,1
30,16,8,0.771609,0.962856,1
30,16,9,0.754115,0.958746,0
30,17,0,0.909721,0.989444,1
30,17,1,0.90892,0.989221,1
30,17,2,0.90914,0.98931,1
30,17,3,0.77871,0.964298,1
30,17,4,0.909752,0.989444,1
30,17,5,0.90761,0.98913,1
30,17,6,0.909607,0.989322,1
30,17,7,0.908912,0.989189,1
30,17,8,0.781795,0.964964,1
30,17,9,0.764838,0.961077,0
30,18,0,0.913861,0.989983,1
30,18,1,0.913047,0.989764,1
30,18,2,0.913377,0.989865,1
30,18,3,0.788146,0.96622,1
30,18,4,0.913895,0.989983,1
30,18,5,0.911944,0.989699,1
30,18,6,0.913742,0.989866,1
30,18,7,0.913044,0.989735,1
30,18,8,0.791131,0.96685,1
30,18,9,0.774687,0.963163,0
30,19,0,0.917643,0.99047,1
30,19,1,0.91682,0.990257,1
30,19,2,0.917241,0.990366,1
30,19,3,0.796827,0.967948,1
30,19,4,0.917678,0.990471,1
30,19,5,0.915895,0.990212,1
30,19,6,0.917518,0.990357,1
30,19,7,0.916821,0.990229,1
30,19,8,0.799717,0.968546,1
30,19,9,0.783761,0.965041,0
31,0,0,0.576715,0.909109,1
31,0,1,0.58526,0.915866,1
31,0,2,0.552839,0.898058,1
31,0,3,0.448426,0.821315,1
31,0,4,0.561312,0.897064,1
31,0,5,0.561585,0.89926,1
31,0,6,0.569932,0.906797,1
31,0,7,0.58568,0.914966,1
31,0,8,0.482845,0.845593,1
31,0,9,0.400016,0.689139,0
31,1,0,0.645929,0.936701,1
31,1,1,0.651115,0.938242,1
31,1,2,0.628602,0.929872,1
31,1,3,0.33315,0.760591,1
31,1,4,0.635321,0.933465,1
31,1,5,0.635544,0.933029,1
31,1,6,0.641383,0.935499,1
31,1,7,0.651506,0.938103,1
31,1,8,0.348764,0.774788,1
31,1,9,0.313613,0.743159,0
31,2,0,0.697385,0.950852,1
31,2,1,0.700563,0.951619,1
31,2,2,0.684908,0.946626,1
31,2,3,0.398371,0.81605,1
31,2,4,0.690035,0.949045,1
31,2,5,0.690206,0.948698,1
31,2,6,0.694314,0.950241,1
31,2,7,0.700879,0.951491,1
31,2,8,0.414181,0.826888,1
31,2,9,0.374181,0.798907,0
31,3,0,0.736592,0.960035,1
31,3,1,0.73853,0.960426,1
31,3,2,0.727526,0.957202,1
31,3,3,0.455651,0.853042,1
31,3,4,0.731431,0.958961,1
31,3,5,0.731561,0.958669,1
31,3,6,0.734496,0.959712,1
31,3,7,0.738774,0.960307,1
31,3,8,0.471075,0.861522,1
31,3,9,0.428934,0.837613,0
31,4,0,0.767232,0.966412,1
31,4,1,0.768379,0.966611,1
31,4,2,0.760575,0.964442,1
31,4,3,0.50502,0.878744,1
31,4,4,0.76357,0.96574,1
31,4,5,0.763668,0.965499,1
31,4,6,0.765793,0.966254,1
31,4,7,0.768561,0.966498,1
31,4,8,0.519798,0.885548,1
31,4,9,0.477196,0.865157,0
31,5,0,0.791732,0.971089,1
31,5,1,0.792356,0.971173,1
31,5,2,0.786792,0.969625,1
31,5,3,0.547366,0.897307,1
31,5,4,0.789116,0.970667,1
31,5,5,0.789191,0.970454,1
31,5,6,0.790747,0.971018,1
31,5,7,0.792492,0.971069,1
31,5,8,0.561393,0.902944,1
31,5,9,0.519313,0.885378,0
31,6,0,0.811716,0.974649,1
31,6,1,0.811987,0.974666,1
31,6,2,0.808026,0.973532,1
31,6,3,0.58376,0.911225,1
31,6,4,0.809848,0.974383,1
31,6,5,0.809906,0.974193,1
31,6,6,0.811053,0.974633,1
31,6,7,0.812086,0.974569,1
31,6,8,0.597022,0.915995,1
31,6,9,0.555999,0.900684,0
31,7,0,0.828299,0.977446,1
31,7,1,0.828325,0.977421,1
31,7,2,0.825533,0.976563,1
31,7,3,0.615195,0.921977,1
31,7,4,0.826975,0.977284,1
31,7,5,0.82702,0.97711,1
31,7,6,0.827868,0.977463,1
31,7,7,0.828396,0.977331,1
31,7,8,0.627721,0.926096,1
31,7,9,0.588027,0.912589,0
31,8,0,0.842262,0.979697,1
31,8,1,0.842117,0.979646,1
31,8,2,0.840194,0.97899,1
31,8,3,0.64252,0.930504,1
31,8,4,0.841343,0.979605,1
31,8,5,0.841379,0.979447,1
31,8,6,0.842002,0.979736,1
31,8,7,0.842166,0.979562,1
31,8,8,0.654354,0.934112,1
31,8,9,0.616107,0.922068,0
31,9,0,0.854171,0.981547,1
31,9,1,0.853904,0.981479,1
31,9,2,0.852637,0.980971,1
31,9,3,0.66643,0.937413,1
31,9,4,0.853558,0.981503,1
31,9,5,0.853586,0.981358,1
31,9,6,0.854038,0.9816,1
31,9,7,0.853937,0.9814,1
31,9,8,0.677625,0.940615,1
31,9,9,0.640852,0.929771,0
31,10,0,0.864441,0.983093,1
31,10,1,0.864088,0.983015,1
31,10,2,0.863322,0.982616,1
31,10,3,0.687489,0.943112,1
31,10,4,0.864062,0.983083,1
31,10,5,0.864084,0.98295,1
31,10,6,0.864404,0.983156,1
31,10,7,0.864106,0.98294,1
31,10,8,0.698097,0.945985,1
31,10,9,0.662777,0.936139,0
31,11,0,0.873385,0.984403,1
31,11,1,0.872969,0.984319,1
31,11,2,0.87259,0.984003,1
31,11,3,0.706153,0.947887,1
31,11,4,0.873186,0.984419,1
31,11,5,0.873203,0.984295,1
31,11,6,0.873421,0.984472,1
31,11,7,0.872977,0.984249,1
31,11,8,0.716223,0.95049,1
31,11,9,0.682307,0.941484,0
31,12,0,0.881239,0.985528,1
31,12,1,0.88078,0.98544,1
31,12,2,0.880703,0.985189,1
31,12,3,0.722794,0.951943,1
31,12,4,0.881182,0.985561,1
31,12,5,0.881195,0.985447,1
31,12,6,0.881332,0.9856,1
31,12,7,0.880779,0.985373,1
31,12,8,0.732369,0.954319,1
31,12,9,0.699793,0.946029,0
31,13,0,0.888191,0.986503,1
31,13,1,0.8877,0.986413,1
31,13,2,0.887861,0.986214,1
31,13,3,0.73771,0.955427,1
31,13,4,0.888244,0.98655,1
31,13,5,0.888254,0.986443,1
31,13,6,0.888326,0.986578,1
31,13,7,0.887692,0.98635,1
31,13,8,0.746834,0.957611,1
31,13,9,0.715527,0.949936,0
31,14,0,0.894385,0.987357,1
31,14,1,0.893873,0.987266,1
31,14,2,0.894221,0.987108,1
31,14,3,0.75115,0.958451,1
31,14,4,0.894526,0.987413,1
31,14,5,0.894533,0.987313,1
31,14,6,0.894554,0.987433,1
31,14,7,0.893859,0.987206,1
31,14,8,0.759858,0.960469,1
31,14,9,0.729749,0.953329,0
31,15,0,0.899937,0.98811,1
31,15,1,0.899411,0.988019,1
31,15,2,0.899909,0.987894,1
31,15,3,0.763315,0.961098,1
31,15,4,0.900149,0.988174,1
31,15,5,0.900153,0.988079,1
31,15,6,0.900133,0.988186,1
31,15,7,0.899393,0.987962,1
31,15,8,0.771641,0.962975,1
31,15,9,0.742659,0.956301,0
31,16,0,0.904942,0.98878,1
31,16,1,0.904408,0.98869,1
31,16,2,0.905024,0.98859,1
31,16,3,0.774375,0.963434,1
31,16,4,0.90521,0.988849,1
31,16,5,0.905213,0.988759,1
31,16,6,0.905158,0.988856,1
31,16,7,0.904385,0.988635,1
31,16,8,0.782349,0.965187,1
31,16,9,0.754427,0.958925,0
31,17,0,0.909476,0.989379,1
31,17,1,0.908937,0.98929,1
31,17,2,0.909648,0.989212,1
31,17,3,0.784471,0.96551,1
31,17,4,0.909788,0.989452,1
31,17,5,0.90979,0.989367,1
31,17,6,0.909708,0.989454,1
31,17,7,0.908912,0.989237,1
31,17,8,0.792119,0.967154,1
31,17,9,0.765193,0.961258,0
31,18,0,0.913602,0.989918,1
31,18,1,0.913062,0.98983,1
31,18,2,0.913848,0.98977,1
31,18,3,0.793721,0.967367,1
31,18,4,0.91395,0.989994,1
31,18,5,0.91395,0.989913,1
31,18,6,0.913846,0.989992,1
31,18,7,0.913034,0.989779,1
31,18,8,0.801068,0.968914,1
31,18,9,0.775078,0.963345,0
31,19,0,0.917373,0.990405,1
31,19,1,0.916833,0.990319,1
31,19,2,0.91768,0.990274,1
31,19,3,0.802225,0.969037,1
31,19,4,0.917749,0.990483,1
31,19,5,0.917748,0.990406,1
31,19,6,0.917625,0.990478,1
31,19,7,0.916803,0.99027,1
31,19,8,0.809292,0.970498,1
31,19,9,0.784182,0.965222,0
32,0,0,0.585747,0.91589,1
32,0,1,0.586886,0.915331,1
32,0,2,0.586561,0.916096,1
32,0,3,0.585111,0.915174,1
32,0,4,0.586467,0.915889,1
32,0,5,0.583949,0.914839,1
32,0,6,0.587053,0.916059,1
32,0,7,0.586628,0.91597,1
32,0,8,0.587043,0.915571,1
32,0,9,0.454867,0.818984,0
32,1,0,0.651177,0.937919,1
32,1,1,0.651903,0.937527,1
32,1,2,0.651621,0.938231,1
32,1,3,0.651127,0.938204,1
32,1,4,0.651738,0.938322,1
32,1,5,0.649689,0.937651,1
32,1,6,0.652158,0.93827,1
32,1,7,0.65157,0.938004,1
32,1,8,0.651629,0.937352,1
32,1,9,0.335897,0.763003,0
32,2,0,0.700464,0.951324,1
32,2,1,0.700922,0.950952,1
32,2,2,0.700701,0.951525,1
32,2,3,0.70063,0.951602,1
32,2,4,0.700875,0.951612,1
32,2,5,0.69933,0.95119,1
32,2,6,0.701167,0.951541,1
32,2,7,0.700617,0.951337,1
32,2,8,0.700537,0.950784,1
32,2,9,0.401315,0.818018,0
32,3,0,0.738374,0.96017,1
32,3,1,0.738659,0.959828,1
32,3,2,0.738494,0.960312,1
32,3,3,0.738612,0.960415,1
32,3,4,0.738669,0.960385,1
32,3,5,0.737538,0.960114,1
32,3,6,0.738869,0.960309,1
32,3,7,0.738405,0.960155,1
32,3,8,0.738276,0.959687,1
32,3,9,0.458643,0.854649,0
32,4,0,0.768201,0.966394,1
32,4,1,0.76838,0.966078,1
32,4,2,0.768264,0.966498,1
32,4,3,0.768451,0.966589,1
32,4,4,0.768417,0.966548,1
32,4,5,0.767582,0.966364,1
32,4,6,0.768551,0.966472,1
32,4,7,0.768177,0.966361,1
32,4,8,0.768062,0.965991,1
32,4,9,0.507973,0.88006,0
32,5,0,0.792186,0.970979,1
32,5,1,0.792284,0.970697,1
32,5,2,0.792199,0.971066,1
32,5,3,0.792426,0.971165,1
32,5,4,0.792335,0.971116,1
32,5,5,0.791745,0.970997,1
32,5,6,0.792421,0.971043,1
32,5,7,0.792124,0.970951,1
32,5,8,0.792003,0.970606,1
32,5,9,0.550233,0.898424,0
32,6,0,0.81183,0.974495,1
32,6,1,0.811871,0.974237,1
32,6,2,0.811812,0.974567,1
32,6,3,0.812051,0.974658,1
32,6,4,0.811928,0.974609,1
32,6,5,0.811522,0.97453,1
32,6,6,0.81198,0.974538,1
32,6,7,0.811747,0.974466,1
32,6,8,0.81163,0.974161,1
32,6,9,0.58652,0.912186,0
32,7,0,0.828182,0.977269,1
32,7,1,0.828184,0.977032,1
32,7,2,0.828144,0.977329,1
32,7,3,0.828382,0.977413,1
32,7,4,0.828244,0.977365,1
32,7,5,0.827976,0.977315,1
32,7,6,0.82827,0.977298,1
32,7,7,0.828089,0.97724,1
32,7,8,0.827978,0.976967,1
32,7,9,0.617841,0.922819,0
32,8,0,0.841988,0.97951,1
32,8,1,0.841963,0.979291,1
32,8,2,0.841937,0.979562,1
32,8,3,0.842168,0.979639,1
32,8,4,0.842022,0.979592,1
32,8,5,0.84186,0.979563,1
32,8,6,0.842029,0.979529,1
32,8,7,0.84189,0.979482,1
32,8,8,0.841787,0.979236,1
32,8,9,0.64505,0.93125,0
32,9,0,0.853789,0.981356,1
32,9,1,0.853743,0.981153,1
32,9,2,0.853729,0.981402,1
32,9,3,0.85395,0.981472,1
32,9,4,0.853801,0.981428,1
32,9,5,0.853721,0.981413,1
32,9,6,0.853794,0.981368,1
32,9,7,0.853689,0.98133,1
32,9,8,0.853594,0.981105,1
32,9,9,0.668848,0.93808,0
32,10,0,0.863984,0.982903,1
32,10,1,0.863924,0.982713,1
32,10,2,0.863918,0.982943,1
32,10,3,0.864128,0.983008,1
32,10,4,0.863979,0.982966,1
32,10,5,0.863962,0.982961,1
32,10,6,0.863962,0.98291,1
32,10,7,0.863884,0.982878,1
32,10,8,0.863798,0.982672,1
32,10,9,0.6898,0.943715,0
32,11,0,0.872876,0.984216,1
32,11,1,0.872805,0.984039,1
32,11,2,0.872807,0.984252,1
32,11,3,0.873005,0.984312,1
32,11,4,0.872858,0.984273,1
32,11,5,0.87289,0.984276,1
32,11,6,0.872833,0.984219,1
32,11,7,0.872778,0.984192,1
32,11,8,0.872698,0.984002,1
32,11,9,0.708363,0.948437,0
32,12,0,0.880695,0.985345,1
32,12,1,0.880617,0.985178,1
32,12,2,0.880624,0.985377,1
32,12,3,0.880812,0.985433,1
32,12,4,0.880668,0.985396,1
32,12,5,0.880739,0.985405,1
32,12,6,0.880637,0.985345,1
32,12,7,0.8806,0.985322,1
32,12,8,0.880527,0.985146,1
32,12,9,0.724908,0.952447,0
32,13,0,0.887624,0.986325,1
32,13,1,0.88754,0.986168,1
32,13,2,0.887552,0.986355,1
32,13,3,0.887729,0.986407,1
32,13,4,0.887589,0.986371,1
32,13,5,0.88769,0.986384,1
32,13,6,0.887553,0.986323,1
32,13,7,0.887531,0.986304,1
32,13,8,0.887464,0.98614,1
32,13,9,0.739736,0.955892,0
32,14,0,0.893804,0.987184,1
32,14,1,0.893716,0.987036,1
32,14,2,0.893731,0.987211,1
32,14,3,0.893898,0.98726,1
32,14,4,0.893763,0.987226,1
32,14,5,0.893887,0.987243,1
32,14,6,0.893723,0.98718,1
32,14,7,0.893713,0.987164,1
32,14,8,0.893652,0.98701,1
32,14,9,0.753093,0.958882,0
32,15,0,0.899348,0.987942,1
32,15,1,0.899258,0.987802,1
32,15,2,0.899276,0.987968,1
32,15,3,0.899434,0.988013,1
32,15,4,0.899303,0.987982,1
32,15,5,0.899446,0.988001,1
32,15,6,0.899261,0.987937,1
32,15,7,0.899261,0.987923,1
32,15,8,0.899205,0.987779,1
32,15,9,0.765181,0.9615,0
32,16,0,0.90435,0.988617,1
32,16,1,0.904258,0.988484,1
32,16,2,0.904279,0.988641,1
32,16,3,0.904428,0.988684,1
32,16,4,0.904301,0.988653,1
32,16,5,0.904459,0.988674,1
32,16,6,0.904257,0.988611,1
32,16,7,0.904266,0.988599,1
32,16,8,0.904214,0.988463,1
32,16,9,0.776169,0.963811,0
32,17,0,0.908885,0.989221,1
32,17,1,0.908792,0.989094,1
32,17,2,0.908814,0.989244,1
32,17,3,0.908955,0.989284,1
32,17,4,0.908833,0.989255,1
32,17,5,0.909003,0.989277,1
32,17,6,0.908787,0.989214,1
32,17,7,0.908803,0.989204,1
32,17,8,0.908755,0.989076,1
32,17,9,0.786198,0.965865,0
32,18,0,0.913014,0.989765,1
32,18,1,0.912921,0.989644,1
32,18,2,0.912944,0.989786,1
32,18,3,0.913078,0.989824,1
32,18,4,0.91296,0.989797,1
32,18,5,0.913139,0.98982,1
32,18,6,0.912913,0.989758,1
32,18,7,0.912935,0.989749,1
32,18,8,0.912891,0.989627,1
32,18,9,0.795385,0.967702,0
32,19,0,0.916789,0.990258,1
32,19,1,0.916696,0.990141,1
32,19,2,0.916721,0.990277,1
32,19,3,0.916847,0.990313,1
32,19,4,0.916733,0.990287,1
32,19,5,0.916919,0.990311,1
32,19,6,0.916686,0.990249,1
32,19,7,0.916713,0.990242,1
32,19,8,0.916672,0.990126,1
32,19,9,0.803831,0.969354,0
33,0,0,0.571706,0.907116,1
33,0,1,0.569772,0.906972,1
33,0,2,0.567382,0.904454,1
33,0,3,0.409199,0.779122,1
33,0,4,0.58068,0.911983,1
33,0,5,0.426453,0.796723,1
33,0,6,0.510206,0.873729,1
33,0,7,0.573143,0.907852,1
33,0,8,0.426234,0.790353,1
33,0,9,0.400016,0.697355,0
33,1,0,0.642529,0.935799,1
33,1,1,0.64095,0.935292,1
33,1,2,0.639706,0.934952,1
33,1,3,0.317831,0.746908,1
33,1,4,0.648269,0.936846,1
33,1,5,0.324189,0.750956,1
33,1,6,0.595674,0.919151,1
33,1,7,0.642982,0.935652,1
33,1,8,0.323991,0.752397,1
33,1,9,0.313922,0.742715,0
33,2,0,0.695072,0.950389,1
33,2,1,0.693862,0.950072,1
33,2,2,0.693188,0.949936,1
33,2,3,0.379973,0.803099,1
33,2,4,0.698789,0.950753,1
33,2,5,0.38807,0.807554,1
33,2,6,0.659287,0.940052,1
33,2,7,0.695125,0.950181,1
33,2,8,0.387822,0.808735,1
33,2,9,0.374574,0.798555,0
33,3,0,0.735005,0.959788,1
33,3,1,0.734096,0.959582,1
33,3,2,0.733723,0.959528,1
33,3,3,0.435548,0.841525,1
33,3,4,0.737434,0.959844,1
33,3,5,0.444723,0.845783,1
33,3,6,0.707157,0.952794,1
33,3,7,0.734897,0.959585,1
33,3,8,0.444467,0.846777,1
33,3,9,0.429319,0.8373,0
33,4,0,0.76614,0.966291,1
33,4,1,0.765459,0.966153,1
33,4,2,0.765256,0.966136,1
33,4,3,0.484153,0.868625,1
33,4,4,0.767724,0.966195,1
33,4,5,0.493918,0.872519,1
33,4,6,0.743993,0.961252,1
33,4,7,0.765972,0.966107,1
33,4,8,0.493673,0.873377,1
33,4,9,0.477532,0.864857,0
33,5,0,0.790985,0.971034,1
33,5,1,0.790475,0.97094,1
33,5,2,0.790371,0.970941,1
33,5,3,0.526334,0.888418,1
33,5,4,0.791996,0.970861,1
33,5,5,0.536356,0.891935,1
33,5,6,0.773008,0.967226,1
33,5,7,0.790799,0.970871,1
33,5,8,0.536133,0.892687,1
33,5,9,0.519588,0.885088,0
33,6,0,0.811213,0.974635,1
33,6,1,0.810833,0.974571,1
33,6,2,0.810789,0.97458,1
33,6,3,0.562926,0.903354,1
33,6,4,0.811829,0.974424,1
33,6,5,0.572992,0.906527,1
33,6,6,0.796353,0.971651,1
33,6,7,0.811031,0.974491,1
33,6,8,0.572792,0.907197,1
33,6,9,0.556213,0.900404,0
33,7,0,0.827973,0.977458,1
33,7,1,0.82769,0.977413,1
33,7,2,0.827684,0.977427,1
33,7,3,0.594775,0.91495,1
33,7,4,0.828308,0.977227,1
33,7,5,0.604749,0.917822,1
33,7,6,0.815491,0.97505,1
33,7,7,0.827801,0.977329,1
33,7,8,0.604572,0.918425,1
33,7,9,0.588186,0.91232,0
33,8,0,0.842067,0.979726,1
33,8,1,0.841859,0.979695,1
33,8,2,0.841878,0.979712,1
33,8,3,0.622634,0.924174,1
33,8,4,0.8422,0.979488,1
33,8,5,0.632433,0.926789,1
33,8,6,0.831437,0.977737,1
33,8,7,0.841909,0.979611,1
33,8,8,0.632276,0.927336,1
33,8,9,0.616219,0.921811,0
33,9,0,0.854074,0.981587,1
33,9,1,0.853924,0.981566,1
33,9,2,0.853958,0.981584,1
33,9,3,0.64714,0.931665,1
33,9,4,0.854059,0.981348,1
33,9,5,0.656714,0.934058,1
33,9,6,0.844911,0.979913,1
33,9,7,0.85393,0.981483,1
33,9,8,0.656576,0.934559,1
33,9,9,0.640924,0.929526,0
33,10,0,0.864418,0.98314,1
33,10,1,0.864314,0.983127,1
33,10,2,0.864358,0.983145,1
33,10,3,0.668821,0.937856,1
33,10,4,0.864293,0.982903,1
33,10,5,0.678142,0.940058,1
33,10,6,0.856436,0.981708,1
33,10,7,0.864288,0.983046,1
33,10,8,0.67802,0.94052,1
33,10,9,0.662815,0.935906,0
33,11,0,0.873417,0.984456,1
33,11,1,0.87335,0.984448,1
33,11,2,0.8734,0.984465,1
33,11,3,0.688113,0.94305,1
33,11,4,0.873211,0.984223,1
33,11,5,0.697166,0.945083,1
33,11,6,0.8664,0.983212,1
33,11,7,0.8733,0.98437,1
33,11,8,0.697057,0.945515,1
33,11,9,0.682316,0.941262,0
33,12,0,0.881315,0.985583,1
33,12,1,0.881277,0.98558,1
33,12,2,0.881331,0.985597,1
33,12,3,0.705368,0.947467,1
33,12,4,0.881049,0.985356,1
33,12,5,0.714151,0.949356,1
33,12,6,0.875094,0.984493,1
33,12,7,0.88121,0.985505,1
33,12,8,0.714053,0.949758,1
33,12,9,0.699779,0.945817,0
33,13,0,0.8883,0.98656,1
33,13,1,0.888285,0.98656,1
33,13,2,0.888341,0.986576,1
33,13,3,0.720882,0.951264,1
33,13,4,0.887988,0.98634,1
33,13,5,0.729396,0.953027,1
33,13,6,0.882745,0.985594,1
33,13,7,0.888205,0.986488,1
33,13,8,0.729308,0.953404,1
33,13,9,0.715493,0.949733,0
33,14,0,0.89452,0.987415,1
33,14,1,0.894524,0.987417,1
33,14,2,0.894581,0.987433,1
33,14,3,0.734895,0.954561,1
33,14,4,0.894173,0.987201,1
33,14,5,0.743146,0.956214,1
33,14,6,0.889527,0.986552,1
33,14,7,0.894435,0.987348,1
33,14,8,0.743067,0.956567,1
33,14,9,0.729699,0.953135,0
33,15,0,0.900093,0.988168,1
33,15,1,0.900112,0.988173,1
33,15,2,0.900169,0.988189,1
33,15,3,0.747608,0.95745,1
33,15,4,0.899721,0.987962,1
33,15,5,0.755605,0.959008,1
33,15,6,0.895579,0.987393,1
33,15,7,0.900016,0.988105,1
33,15,8,0.755535,0.959338,1
33,15,9,0.742596,0.956116,0
33,16,0,0.905114,0.988838,1
33,16,1,0.905145,0.988844,1
33,16,2,0.905202,0.988859,1
33,16,3,0.75919,0.960001,1
33,16,4,0.904723,0.988638,1
33,16,5,0.766941,0.961471,1
33,16,6,0.901011,0.988135,1
33,16,7,0.905044,0.988779,1
33,16,8,0.766879,0.961783,1
33,16,9,0.754353,0.958747,0
33,17,0,0.90966,0.989436,1
33,17,1,0.909702,0.989444,1
33,17,2,0.909758,0.989459,1
33,17,3,0.769782,0.962268,1
33,17,4,0.909255,0.989243,1
33,17,5,0.777297,0.96366,1
33,17,6,0.905913,0.988796,1
33,17,7,0.909597,0.989381,1
33,17,8,0.777242,0.963955,1
33,17,9,0.765109,0.961085,0
33,18,0,0.913795,0.989975,1
33,18,1,0.913845,0.989983,1
33,18,2,0.913901,0.989997,1
33,18,3,0.779502,0.964297,1
33,18,4,0.913381,0.989788,1
33,18,5,0.786793,0.965617,1
33,18,6,0.910358,0.989388,1
33,18,7,0.913738,0.989922,1
33,18,8,0.786743,0.965898,1
33,18,9,0.774986,0.963179,0
33,19,0,0.917573,0.990461,1
33,19,1,0.91763,0.990471,1
33,19,2,0.917684,0.990484,1
33,19,3,0.788452,0.966122,1
33,19,4,0.917153,0.99028,1
33,19,5,0.795527,0.967378,1
33,19,6,0.914407,0.989921,1
33,19,7,0.917521,0.990412,1
33,19,8,0.795483,0.967646,1
33,19,9,0.784083,0.965062,0
34,0,0,0.586464,0.916138,1
34,0,1,0.587535,0.916643,1
34,0,2,0.58658,0.915025,1
34,0,3,0.586706,0.915398,1
34,0,4,0.586293,0.916135,1
34,0,5,0.586987,0.915754,1
34,0,6,0.587359,0.916733,1
34,0,7,0.587347,0.916111,1
34,0,8,0.585908,0.915368,1
34,0,9,0.445193,0.82305,0
34,1,0,0.651616,0.937964,1
34,1,1,0.652521,0.938367,1
34,1,2,0.651627,0.937517,1
34,1,3,0.651852,0.937835,1
34,1,4,0.651422,0.938141,1
34,1,5,0.652014,0.937962,1
34,1,6,0.652453,0.938498,1
34,1,7,0.652417,0.937925,1
34,1,8,0.650838,0.937729,1
34,1,9,0.331533,0.758728,0
34,2,0,0.700735,0.951316,1
34,2,1,0.701427,0.951595,1
34,2,2,0.700702,0.950964,1
34,2,3,0.700923,0.951217,1
34,2,4,0.700572,0.951476,1
34,2,5,0.701017,0.951295,1
34,2,6,0.701409,0.95171,1
34,2,7,0.701372,0.951257,1
34,2,8,0.699997,0.951154,1
34,2,9,0.396526,0.814437,0
34,3,0,0.738539,0.960144,1
34,3,1,0.739054,0.960342,1
34,3,2,0.738491,0.959843,1
34,3,3,0.73868,0.960047,1
34,3,4,0.738415,0.960285,1
34,3,5,0.738736,0.960102,1
34,3,6,0.739056,0.96044,1
34,3,7,0.739026,0.960075,1
34,3,8,0.737913,0.960026,1
34,3,9,0.453771,0.851734,0
34,4,0,0.768303,0.966356,1
34,4,1,0.768678,0.966498,1
34,4,2,0.768253,0.9661,1
34,4,3,0.76841,0.966269,1
34,4,4,0.768205,0.966473,1
34,4,5,0.768439,0.966315,1
34,4,6,0.768693,0.966586,1
34,4,7,0.768666,0.966267,1
34,4,8,0.767796,0.966269,1
34,4,9,0.503197,0.877661,0
34,5,0,0.792238,0.970943,1
34,5,1,0.792505,0.971049,1
34,5,2,0.792191,0.97072,1
34,5,3,0.792319,0.970863,1
34,5,4,0.792162,0.971047,1
34,5,5,0.792329,0.9709,1
34,5,6,0.792527,0.971127,1
34,5,7,0.792505,0.970851,1
34,5,8,0.791836,0.970882,1
34,5,9,0.545637,0.896416,0
34,6,0,0.811848,0.974457,1
34,6,1,0.812034,0.97454,1
34,6,2,0.811805,0.974262,1
34,6,3,0.811907,0.974384,1
34,6,4,0.811789,0.974552,1
34,6,5,0.811906,0.974415,1
34,6,6,0.812058,0.974609,1
34,6,7,0.81204,0.974366,1
34,6,8,0.811532,0.974416,1
34,6,9,0.582136,0.910475,0
34,7,0,0.828177,0.977231,1
34,7,1,0.8283,0.977296,1
34,7,2,0.828138,0.977057,1
34,7,3,0.82822,0.977164,1
34,7,4,0.828133,0.977318,1
34,7,5,0.82821,0.977189,1
34,7,6,0.828326,0.977358,1
34,7,7,0.828311,0.977141,1
34,7,8,0.827931,0.977203,1
34,7,9,0.613676,0.921337,0
34,8,0,0.841967,0.979473,1
34,8,1,0.842043,0.979524,1
34,8,2,0.841932,0.979315,1
34,8,3,0.841996,0.97941,1
34,8,4,0.841934,0.979553,1
34,8,5,0.841982,0.979432,1
34,8,6,0.842068,0.979581,1
34,8,7,0.842056,0.979385,1
34,8,8,0.841777,0.979454,1
34,8,9,0.6411,0.929948,0
34,9,0,0.853756,0.98132,1
34,9,1,0.853795,0.981362,1
34,9,2,0.853725,0.981177,1
34,9,3,0.853775,0.981261,1
34,9,4,0.853732,0.981395,1
34,9,5,0.853757,0.981281,1
34,9,6,0.85382,0.981414,1
34,9,7,0.85381,0.981236,1
34,9,8,0.853611,0.981309,1
34,9,9,0.665101,0.936922,0
34,10,0,0.863942,0.982868,1
34,10,1,0.863953,0.982902,1
34,10,2,0.863915,0.982737,1
34,10,3,0.863954,0.982813,1
34,10,4,0.863926,0.982937,1
34,10,5,0.863933,0.98283,1
34,10,6,0.863977,0.98295,1
34,10,7,0.863969,0.982786,1
34,10,8,0.863835,0.982862,1
34,10,9,0.686243,0.942674,0
34,11,0,0.872828,0.984183,1
34,11,1,0.872816,0.984211,1
34,11,2,0.872803,0.984061,1
34,11,3,0.872833,0.984131,1
34,11,4,0.872818,0.984247,1
34,11,5,0.87281,0.984147,1
34,11,6,0.87284,0.984255,1
34,11,7,0.872833,0.984104,1
34,11,8,0.872751,0.984181,1
34,11,9,0.704983,0.947494,0
34,12,0,0.880644,0.985313,1
34,12,1,0.880614,0.985336,1
34,12,2,0.880622,0.9852,1
34,12,3,0.880643,0.985264,1
34,12,4,0.880639,0.985374,1
34,12,5,0.88062,0.985278,1
34,12,6,0.880637,0.985377,1
34,12,7,0.880631,0.985237,1
34,12,8,0.880592,0.985315,1
34,12,9,0.721692,0.951585,0
34,13,0,0.887569,0.986295,1
34,13,1,0.887525,0.986314,1
34,13,2,0.887549,0.986189,1
34,13,3,0.887565,0.986247,1
34,13,4,0.887568,0.986351,1
34,13,5,0.88754,0.986261,1
34,13,6,0.887547,0.986352,1
34,13,7,0.887543,0.986221,1
34,13,8,0.887537,0.986298,1
34,13,9,0.73667,0.9551,0
34,14,0,0.893747,0.987155,1
34,14,1,0.893692,0.987171,1
34,14,2,0.893729,0.987056,1
34,14,3,0.893739,0.98711,1
34,14,4,0.893749,0.987209,1
34,14,5,0.893714,0.987122,1
34,14,6,0.893713,0.987207,1
34,14,7,0.89371,0.987084,1
34,14,8,0.893732,0.98716,1
34,14,9,0.750165,0.95815,0
34,15,0,0.899291,0.987915,1
34,15,1,0.899227,0.987928,1
34,15,2,0.899274,0.987822,1
34,15,3,0.89928,0.987872,1
34,15,4,0.899295,0.987966,1
34,15,5,0.899255,0.987884,1
34,15,6,0.899247,0.987962,1
34,15,7,0.899244,0.987846,1
34,15,8,0.899289,0.987922,1
34,15,9,0.762381,0.960819,0
34,16,0,0.904292,0.988591,1
34,16,1,0.904221,0.988602,1
34,16,2,0.904277,0.988503,1
34,16,3,0.904279,0.98855,1
34,16,4,0.904298,0.988639,1
34,16,5,0.904254,0.988561,1
34,16,6,0.90424,0.988634,1
34,16,7,0.904238,0.988525,1
34,16,8,0.904302,0.988599,1
34,16,9,0.773488,0.963175,0
34,17,0,0.908826,0.989196,1
34,17,1,0.90875,0.989205,1
34,17,2,0.908813,0.989113,1
34,17,3,0.908811,0.989157,1
34,17,4,0.908834,0.989242,1
34,17,5,0.908786,0.989167,1
34,17,6,0.908768,0.989236,1
34,17,7,0.908767,0.989132,1
34,17,8,0.908846,0.989205,1
34,17,9,0.783626,0.965269,0
34,18,0,0.912955,0.989741,1
34,18,1,0.912874,0.989749,1
34,18,2,0.912943,0.989662,1
34,18,3,0.912939,0.989703,1
34,18,4,0.912965,0.989785,1
34,18,5,0.912914,0.989713,1
34,18,6,0.912892,0.989778,1
34,18,7,0.912891,0.989679,1
34,18,8,0.912983,0.989751,1
34,18,9,0.792915,0.967141,0
34,19,0,0.91673,0.990234,1
34,19,1,0.916646,0.990241,1
34,19,2,0.916719,0.990159,1
34,19,3,0.916713,0.990198,1
34,19,4,0.916742,0.990276,1
34,19,5,0.916689,0.990207,1
34,19,6,0.916663,0.990268,1
34,19,7,0.916663,0.990175,1
34,19,8,0.916765,0.990244,1
34,19,9,0.801455,0.968824,0
35,0,0,0.585841,0.915099,1
35,0,1,0.58788,0.916922,1
35,0,2,0.585452,0.916058,1
35,0,3,0.586457,0.91504,1
35,0,4,0.587441,0.916691,1
35,0,5,0.586887,0.916003,1
35,0,6,0.586924,0.916294,1
35,0,7,0.584997,0.915687,1
35,0,8,0.585991,0.915101,1
35,0,9,0.457538,0.821227,0
35,1,0,0.651396,0.937838,1
35,1,1,0.652752,0.938678,1
35,1,2,0.651053,0.93781,1
35,1,3,0.651827,0.937959,1
35,1,4,0.652365,0.9385,1
35,1,5,0.652253,0.938236,1
35,1,6,0.652248,0.93843,1
35,1,7,0.650555,0.937817,1
35,1,8,0.651379,0.937828,1
35,1,9,0.336114,0.761502,0
35,2,0,0.700693,0.951266,1
35,2,1,0.701579,0.951825,1
35,2,2,0.700422,0.951253,1
35,2,3,0.700986,0.951334,1
35,2,4,0.701271,0.9517,1
35,2,5,0.701339,0.951532,1
35,2,6,0.701321,0.951684,1
35,2,7,0.69999,0.951277,1
35,2,8,0.700616,0.951239,1
35,2,9,0.401263,0.816565,0
35,3,0,0.738579,0.960117,1
35,3,1,0.739147,0.960518,1
35,3,2,0.738374,0.960115,1
35,3,3,0.738775,0.960157,1
35,3,4,0.738912,0.960427,1
35,3,5,0.739053,0.960308,1
35,3,6,0.739032,0.960432,1
35,3,7,0.738025,0.96015,1
35,3,8,0.738487,0.960096,1
35,3,9,0.458629,0.853518,0
35,4,0,0.768381,0.96634,1
35,4,1,0.768734,0.966644,1
35,4,2,0.76823,0.966349,1
35,4,3,0.768509,0.966361,1
35,4,4,0.76856,0.966576,1
35,4,5,0.768724,0.966481,1
35,4,6,0.768703,0.966587,1
35,4,7,0.767956,0.966389,1
35,4,8,0.768291,0.966323,1
35,4,9,0.508106,0.879205,0
35,5,0,0.792332,0.970931,1
35,5,1,0.792537,0.971172,1
35,5,2,0.792222,0.970948,1
35,5,3,0.792413,0.970941,1
35,5,4,0.79241,0.97112,1
35,5,5,0.792575,0.97104,1
35,5,6,0.792556,0.971131,1
35,5,7,0.79201,0.97099,1
35,5,8,0.79225,0.970919,1
35,5,9,0.550533,0.897775,0
35,6,0,0.811947,0.974449,1
35,6,1,0.812048,0.974645,1
35,6,2,0.811869,0.974469,1
35,6,3,0.811994,0.974452,1
35,6,4,0.811957,0.974605,1
35,6,5,0.812115,0.974535,1
35,6,6,0.812098,0.974615,1
35,6,7,0.811707,0.974513,1
35,6,8,0.811874,0.97444,1
35,6,9,0.586972,0.911687,0
35,7,0,0.828275,0.977224,1
35,7,1,0.828303,0.977388,1
35,7,2,0.828222,0.977246,1
35,7,3,0.828298,0.977223,1
35,7,4,0.82824,0.977356,1
35,7,5,0.828387,0.977293,1
35,7,6,0.828372,0.977365,1
35,7,7,0.8281,0.977291,1
35,7,8,0.828212,0.977218,1
35,7,9,0.61842,0.92243,0
35,8,0,0.842062,0.979467,1
35,8,1,0.842037,0.979606,1
35,8,2,0.842028,0.979491,1
35,8,3,0.842067,0.979462,1
35,8,4,0.841995,0.979581,1
35,8,5,0.84213,0.979522,1
35,8,6,0.842117,0.979588,1
35,8,7,0.841937,0.979535,1
35,8,8,0.842007,0.97946,1
35,8,9,0.645731,0.930942,0
35,9,0,0.853847,0.981315,1
35,9,1,0.853782,0.981436,1
35,9,2,0.853827,0.98134,1
35,9,3,0.853838,0.981308,1
35,9,4,0.853758,0.981415,1
35,9,5,0.853881,0.981361,1
35,9,6,0.85387,0.981421,1
35,9,7,0.853762,0.981383,1
35,9,8,0.853799,0.98131,1
35,9,9,0.669606,0.937832,0
35,10,0,0.864029,0.982863,1
35,10,1,0.863936,0.982969,1
35,10,2,0.864021,0.982888,1
35,10,3,0.86401,0.982855,1
35,10,4,0.863925,0.982952,1
35,10,5,0.864037,0.982901,1
35,10,6,0.864027,0.982957,1
35,10,7,0.863976,0.98293,1
35,10,8,0.863987,0.982859,1
35,10,9,0.690617,0.943514,0
35,11,0,0.87291,0.984178,1
35,11,1,0.872796,0.984272,1
35,11,2,0.872911,0.984202,1
35,11,3,0.872883,0.984169,1
35,11,4,0.872796,0.984258,1
35,11,5,0.872898,0.98421,1
35,11,6,0.872889,0.984262,1
35,11,7,0.872882,0.984243,1
35,11,8,0.872874,0.984175,1
35,11,9,0.709224,0.948272,0
35,12,0,0.880722,0.985309,1
35,12,1,0.880591,0.985393,1
35,12,2,0.880729,0.985332,1
35,12,3,0.880689,0.985299,1
35,12,4,0.8806,0.985381,1
35,12,5,0.880693,0.985336,1
35,12,6,0.880685,0.985384,1
35,12,7,0.880714,0.985372,1
35,12,8,0.88069,0.985306,1
35,12,9,0.725801,0.95231,0
35,13,0,0.887643,0.98629,1
35,13,1,0.887501,0.986366,1
35,13,2,0.887656,0.986313,1
35,13,3,0.887606,0.986281,1
35,13,4,0.887516,0.986356,1
35,13,5,0.887601,0.986314,1
35,13,6,0.887594,0.986358,1
35,13,7,0.887651,0.986352,1
35,13,8,0.887615,0.986288,1
35,13,9,0.74065,0.955778,0
35,14,0,0.893817,0.987151,1
35,14,1,0.893666,0.98722,1
35,14,2,0.893834,0.987173,1
35,14,3,0.893776,0.987141,1
35,14,4,0.893686,0.987211,1
35,14,5,0.893765,0.987171,1
35,14,6,0.893758,0.987213,1
35,14,7,0.893838,0.98721,1
35,14,8,0.893792,0.987149,1
35,14,9,0.754021,0.958787,0
35,15,0,0.899356,0.987911,1
35,15,1,0.8992,0.987974,1
35,15,2,0.899377,0.987932,1
35,15,3,0.899313,0.987901,1
35,15,4,0.899224,0.987966,1
35,15,5,0.899296,0.987928,1
35,15,6,0.899291,0.987968,1
35,15,7,0.899389,0.987968,1
35,15,8,0.899335,0.987909,1
35,15,9,0.766117,0.96142,0
35,16,0,0.904354,0.988587,1
35,16,1,0.904193,0.988645,1
35,16,2,0.904378,0.988608,1
35,16,3,0.904309,0.988577,1
35,16,4,0.904221,0.988638,1
35,16,5,0.904288,0.988602,1
35,16,6,0.904283,0.988639,1
35,16,7,0.904395,0.988643,1
35,16,8,0.904335,0.988586,1
35,16,9,0.777108,0.963743,0
35,17,0,0.908885,0.989192,1
35,17,1,0.908721,0.989246,1
35,17,2,0.908911,0.989212,1
35,17,3,0.908839,0.989182,1
35,17,4,0.908752,0.98924,1
35,17,5,0.908814,0.989205,1
35,17,6,0.908809,0.989241,1
35,17,7,0.908934,0.989246,1
35,17,8,0.908868,0.989191,1
35,17,9,0.787135,0.965807,0
35,18,0,0.913011,0.989737,1
35,18,1,0.912846,0.989787,1
35,18,2,0.913039,0.989757,1
35,18,3,0.912964,0.989727,1
35,18,4,0.912879,0.989782,1
35,18,5,0.912936,0.989749,1
35,18,6,0.912932,0.989783,1
35,18,7,0.913066,0.98979,1
35,18,8,0.912996,0.989737,1
35,18,9,0.796319,0.967652,0
35,19,0,0.916784,0.99023,1
35,19,1,0.916618,0.990277,1
35,19,2,0.916813,0.990249,1
35,19,3,0.916736,0.990221,1
35,19,4,0.916653,0.990273,1
35,19,5,0.916705,0.990241,1
35,19,6,0.916702,0.990273,1
35,19,7,0.916843,0.990281,1
35,19,8,0.916771,0.99023,1
35,19,9,0.804758,0.969312,0
36,0,0,0.579929,0.911835,1
36,0,1,0.586902,0.916526,1
36,0,2,0.580274,0.912518,1
36,0,3,0.577839,0.912963,1
36,0,4,0.57684,0.909867,1
36,0,5,0.586784,0.916215,1
36,0,6,0.586467,0.916121,1
36,0,7,0.581796,0.911993,1
36,0,8,0.578627,0.912108,1
36,0,9,0.534124,0.882534,0
36,1,0,0.647504,0.937155,1
36,1,1,0.652358,0.93833,1
36,1,2,0.648266,0.937407,1
36,1,3,0.645493,0.934071,1
36,1,4,0.645892,0.936628,1
36,1,5,0.651651,0.937956,1
36,1,6,0.651638,0.938143,1
36,1,7,0.648777,0.937143,1
36,1,8,0.646874,0.937033,1
36,1,9,0.61575,0.92715,0
36,2,0,0.698145,0.951028,1
36,2,1,0.70146,0.951609,1
36,2,2,0.698926,0.951231,1
36,2,3,0.696483,0.948651,1
36,2,4,0.697301,0.950786,1
36,2,5,0.70066,0.951293,1
36,2,6,0.700757,0.951462,1
36,2,7,0.699003,0.950925,1
36,2,8,0.697848,0.951005,1
36,2,9,0.675651,0.945335,0
36,3,0,0.736922,0.960092,1
36,3,1,0.739164,0.960365,1
36,3,2,0.737611,0.960243,1
36,3,3,0.735617,0.958196,1
36,3,4,0.7365,0.959974,1
36,3,5,0.738431,0.960121,1
36,3,6,0.738559,0.960257,1
36,3,7,0.737497,0.959952,1
36,3,8,0.736801,0.960107,1
36,3,9,0.720559,0.956561,0
36,4,0,0.767326,0.966423,1
36,4,1,0.768819,0.966532,1
36,4,2,0.767902,0.966539,1
36,4,3,0.766327,0.964883,1
36,4,4,0.767145,0.966368,1
36,4,5,0.768185,0.966325,1
36,4,6,0.76832,0.966457,1
36,4,7,0.767708,0.966272,1
36,4,8,0.767301,0.966455,1
36,4,9,0.755127,0.964096,0
36,5,0,0.791692,0.971072,1
36,5,1,0.792655,0.971082,1
36,5,2,0.792162,0.971158,1
36,5,3,0.790935,0.969775,1
36,5,4,0.791655,0.971049,1
36,5,5,0.792123,0.970915,1
36,5,6,0.792252,0.97103,1
36,5,7,0.791939,0.97092,1
36,5,8,0.79172,0.97111,1
36,5,9,0.782404,0.969468,0
36,6,0,0.811598,0.974619,1
36,6,1,0.812181,0.974569,1
36,6,2,0.811978,0.974684,1
36,6,3,0.81103,0.973504,1
36,6,4,0.811649,0.974615,1
36,6,5,0.81174,0.974434,1
36,6,6,0.81186,0.974534,1
36,6,7,0.811749,0.974471,1
36,6,8,0.811657,0.974658,1
36,6,9,0.804403,0.973478,0
36,7,0,0.828134,0.977409,1
36,7,1,0.828441,0.977323,1
36,7,2,0.82844,0.977458,1
36,7,3,0.827714,0.976435,1
36,7,4,0.828241,0.977415,1
36,7,5,0.828078,0.977211,1
36,7,6,0.828187,0.9773,1
36,7,7,0.828216,0.977266,1
36,7,8,0.828211,0.977448,1
36,7,9,0.822482,0.976578,0
36,8,0,0.842072,0.979658,1
36,8,1,0.842174,0.979549,1
36,8,2,0.842316,0.979695,1
36,8,3,0.841766,0.978794,1
36,8,4,0.842213,0.97967,1
36,8,5,0.841877,0.979455,1
36,8,6,0.841975,0.979535,1
36,8,7,0.842102,0.979521,1
36,8,8,0.842158,0.979695,1
36,8,9,0.83758,0.979042,0
36,9,0,0.853966,0.981507,1
36,9,1,0.853917,0.981384,1
36,9,2,0.85416,0.981535,1
36,9,3,0.853751,0.980733,1
36,9,4,0.854129,0.981523,1
36,9,5,0.853675,0.981304,1
36,9,6,0.853762,0.981377,1
36,9,7,0.853959,0.981377,1
36,9,8,0.854058,0.981543,1
36,9,9,0.850365,0.981046,0
36,10,0,0.86423,0.983053,1
36,10,1,0.864067,0.982922,1
36,10,2,0.864383,0.983074,1
36,10,3,0.864085,0.982352,1
36,10,4,0.864405,0.983071,1
36,10,5,0.86387,0.982854,1
36,10,6,0.863948,0.98292,1
36,10,7,0.864194,0.982929,1
36,10,8,0.864324,0.983087,1
36,10,9,0.861323,0.982706,0
36,11,0,0.873171,0.984365,1
36,11,1,0.872921,0.984229,1
36,11,2,0.87329,0.98438,1
36,11,3,0.873084,0.983725,1
36,11,4,0.873354,0.984384,1
36,11,5,0.872762,0.98417,1
36,11,6,0.872832,0.98423,1
36,11,7,0.873114,0.984247,1
36,11,8,0.873265,0.984397,1
36,11,9,0.870813,0.984102,0
36,12,0,0.881027,0.985491,1
36,12,1,0.880712,0.985352,1
36,12,2,0.881118,0.985501,1
36,12,3,0.880985,0.984903,1
36,12,4,0.881213,0.98551,1
36,12,5,0.880584,0.985302,1
36,12,6,0.880647,0.985357,1
36,12,7,0.880954,0.985378,1
36,12,8,0.88112,0.985521,1
36,12,9,0.879109,0.985293,0
36,13,0,0.887981,0.986468,1
36,13,1,0.887616,0.986329,1
36,13,2,0.888049,0.986475,1
36,13,3,0.887976,0.985924,1
36,13,4,0.888169,0.986487,1
36,13,5,0.887515,0.986284,1
36,13,6,0.887572,0.986335,1
36,13,7,0.887896,0.98636,1
36,13,8,0.888073,0.986496,1
36,13,9,0.88642,0.98632,0
36,14,0,0.894179,0.987323,1
36,14,1,0.893776,0.987184,1
36,14,2,0.894227,0.987327,1
36,14,3,0.894204,0.986817,1
36,14,4,0.894366,0.987342,1
36,14,5,0.893698,0.987145,1
36,14,6,0.893749,0.987193,1
36,14,7,0.894084,0.98722,1
36,14,8,0.894269,0.98735,1
36,14,9,0.892909,0.987215,0
36,15,0,0.899736,0.988077,1
36,15,1,0.899305,0.987941,1
36,15,2,0.899768,0.988079,1
36,15,3,0.899786,0.987606,1
36,15,4,0.899921,0.988097,1
36,15,5,0.899246,0.987906,1
36,15,6,0.899292,0.98795,1
36,15,7,0.899635,0.987979,1
36,15,8,0.899824,0.988103,1
36,15,9,0.898707,0.988002,0
36,16,0,0.904747,0.988748,1
36,16,1,0.904294,0.988614,1
36,16,2,0.904765,0.988749,1
36,16,3,0.904816,0.988306,1
36,16,4,0.904929,0.988767,1
36,16,5,0.904251,0.988583,1
36,16,6,0.904293,0.988624,1
36,16,7,0.90464,0.988654,1
36,16,8,0.904831,0.988773,1
36,16,9,0.903917,0.988698,0
36,17,0,0.909286,0.989349,1
36,17,1,0.908818,0.989216,1
36,17,2,0.909292,0.989347,1
36,17,3,0.909372,0.988932,1
36,17,4,0.909465,0.989367,1
36,17,5,0.908789,0.989189,1
36,17,6,0.908827,0.989228,1
36,17,7,0.909175,0.989258,1
36,17,8,0.909368,0.989372,1
36,17,9,0.908623,0.989319,0
36,18,0,0.913418,0.989889,1
36,18,1,0.912938,0.989759,1
36,18,2,0.913414,0.989886,1
36,18,3,0.913517,0.989496,1
36,18,4,0.913593,0.989907,1
36,18,5,0.912921,0.989734,1
36,18,6,0.912955,0.989771,1
36,18,7,0.913304,0.989802,1
36,18,8,0.913497,0.989911,1
36,18,9,0.912896,0.989875,0
36,19,0,0.917193,0.990377,1
36,19,1,0.916707,0.99025,1
36,19,2,0.917181,0.990374,1
36,19,3,0.917303,0.990005,1
36,19,4,0.917365,0.990395,1
36,19,5,0.916699,0.990228,1
36,19,6,0.916731,0.990263,1
36,19,7,0.917078,0.990294,1
36,19,8,0.917271,0.990399,1
36,19,9,0.91679,0.990377,0
37,0,0,0.585284,0.915475,1
37,0,1,0.58594,0.916191,1
37,0,2,0.585714,0.913812,1
37,0,3,0.585466,0.915529,1
37,0,4,0.585834,0.91474,1
37,0,5,0.587444,0.916745,1
37,0,6,0.585112,0.915515,1
37,0,7,0.584713,0.915101,1
37,0,8,0.584734,0.914589,1
37,0,9,0.415717,0.794735,0
37,1,0,0.651352,0.938244,1
37,1,1,0.65161,0.938068,1
37,1,2,0.651109,0.937416,1
37,1,3,0.651592,0.938376,1
37,1,4,0.650783,0.937732,1
37,1,5,0.652571,0.938569,1
37,1,6,0.651077,0.938226,1
37,1,7,0.650157,0.937926,1
37,1,8,0.650834,0.937923,1
37,1,9,0.319022,0.746086,0
37,2,0,0.700823,0.951585,1
37,2,1,0.700928,0.951428,1
37,2,2,0.700362,0.950706,1
37,2,3,0.701026,0.951714,1
37,2,4,0.699898,0.951237,1
37,2,5,0.701445,0.951709,1
37,2,6,0.700608,0.951633,1
37,2,7,0.6996,0.951343,1
37,2,8,0.700397,0.951389,1
37,2,9,0.381446,0.802625,0
37,3,0,0.738773,0.960395,1
37,3,1,0.73879,0.960222,1
37,3,2,0.738262,0.959671,1
37,3,3,0.738935,0.960497,1
37,3,4,0.737786,0.960106,1
37,3,5,0.739029,0.960408,1
37,3,6,0.738611,0.960445,1
37,3,7,0.737681,0.96022,1
37,3,8,0.738442,0.96026,1
37,3,9,0.437501,0.84151,0
37,4,0,0.768593,0.966583,1
37,4,1,0.768555,0.966393,1
37,4,2,0.768095,0.965991,1
37,4,3,0.768719,0.966665,1
37,4,4,0.767648,0.966348,1
37,4,5,0.76861,0.966529,1
37,4,6,0.768471,0.966629,1
37,4,7,0.767662,0.966461,1
37,4,8,0.768341,0.966484,1
37,4,9,0.486586,0.86892,0
37,5,0,0.792538,0.97117,1
37,5,1,0.792473,0.971035,1
37,5,2,0.792107,0.970732,1
37,5,3,0.79264,0.971215,1
37,5,4,0.791735,0.970872,1
37,5,5,0.792477,0.971137,1
37,5,6,0.79243,0.971183,1
37,5,7,0.791782,0.971066,1
37,5,8,0.792349,0.971059,1
37,5,9,0.529171,0.888872,0
37,6,0,0.812138,0.974657,1
37,6,1,0.81206,0.974536,1
37,6,2,0.81177,0.974272,1
37,6,3,0.812219,0.974696,1
37,6,4,0.811463,0.974417,1
37,6,5,0.812027,0.974619,1
37,6,6,0.812047,0.974674,1
37,6,7,0.81153,0.974586,1
37,6,8,0.812,0.97457,1
37,6,9,0.566067,0.903908,0
37,7,0,0.82845,0.977409,1
37,7,1,0.828367,0.977298,1
37,7,2,0.828136,0.977067,1
37,7,3,0.828514,0.977442,1
37,7,4,0.827882,0.977211,1
37,7,5,0.828306,0.977366,1
37,7,6,0.828376,0.977427,1
37,7,7,0.827964,0.977361,1
37,7,8,0.82835,0.977338,1
37,7,9,0.598133,0.915556,0
37,8,0,0.84222,0.979633,1
37,8,1,0.842136,0.979532,1
37,8,2,0.841954,0.979331,1
37,8,3,0.84227,0.979661,1
37,8,4,0.841744,0.979463,1
37,8,5,0.842055,0.97959,1
37,8,6,0.84216,0.979651,1
37,8,7,0.841834,0.979602,1
37,8,8,0.842151,0.979573,1
37,8,9,0.626136,0.924803,0
37,9,0,0.85399,0.981466,1
37,9,1,0.853906,0.981373,1
37,9,2,0.853762,0.981195,1
37,9,3,0.854027,0.98149,1
37,9,4,0.853589,0.981318,1
37,9,5,0.853811,0.981422,1
37,9,6,0.853941,0.981483,1
37,9,7,0.853684,0.981447,1
37,9,8,0.853944,0.981414,1
37,9,9,0.650732,0.932298,0
37,10,0,0.864158,0.983001,1
37,10,1,0.864076,0.982915,1
37,10,2,0.863964,0.982761,1
37,10,3,0.864185,0.983021,1
37,10,4,0.863821,0.982869,1
37,10,5,0.863972,0.982959,1
37,10,6,0.864119,0.983017,1
37,10,7,0.863919,0.982992,1
37,10,8,0.86413,0.982956,1
37,10,9,0.67246,0.938484,0
37,11,0,0.873026,0.984305,1
37,11,1,0.872947,0.984225,1
37,11,2,0.872861,0.984086,1
37,11,3,0.873046,0.984322,1
37,11,4,0.872744,0.984188,1
37,11,5,0.872836,0.984264,1
37,11,6,0.872996,0.984321,1
37,11,7,0.872842,0.984303,1
37,11,8,0.873014,0.984265,1
37,11,9,0.691766,0.943667,0
37,12,0,0.880826,0.985426,1
37,12,1,0.880749,0.985351,1
37,12,2,0.880685,0.985225,1
37,12,3,0.880839,0.985441,1
37,12,4,0.880589,0.985321,1
37,12,5,0.880635,0.985386,1
37,12,6,0.880803,0.985441,1
37,12,7,0.880687,0.985429,1
37,12,8,0.880826,0.98539,1
37,12,9,0.709013,0.948068,0
37,13,0,0.887737,0.9864,1
37,13,1,0.887663,0.98633,1
37,13,2,0.887617,0.986214,1
37,13,3,0.887745,0.986413,1
37,13,4,0.887539,0.986304,1
37,13,5,0.887547,0.986361,1
37,13,6,0.88772,0.986414,1
37,13,7,0.887636,0.986406,1
37,13,8,0.887746,0.986366,1
37,13,9,0.724501,0.951848,0
37,14,0,0.893902,0.987253,1
37,14,1,0.893831,0.987187,1
37,14,2,0.8938,0.98708,1
37,14,3,0.893905,0.987264,1
37,14,4,0.893737,0.987165,1
37,14,5,0.893713,0.987215,1
37,14,6,0.89389,0.987267,1
37,14,7,0.893832,0.987263,1
37,14,8,0.893919,0.987222,1
37,14,9,0.738476,0.955127,0
37,15,0,0.899434,0.988006,1
37,15,1,0.899366,0.987945,1
37,15,2,0.899347,0.987845,1
37,15,3,0.899434,0.988017,1
37,15,4,0.899296,0.987927,1
37,15,5,0.899248,0.98797,1
37,15,6,0.899426,0.98802,1
37,15,7,0.89939,0.988019,1
37,15,8,0.899457,0.987978,1
37,15,9,0.751143,0.957998,0
37,16,0,0.904425,0.988676,1
37,16,1,0.904359,0.988618,1
37,16,2,0.904351,0.988526,1
37,16,3,0.904421,0.988686,1
37,16,4,0.904311,0.988604,1
37,16,5,0.904241,0.988642,1
37,16,6,0.90442,0.98869,1
37,16,7,0.904402,0.988691,1
37,16,8,0.904453,0.988651,1
37,16,9,0.762672,0.960531,0
37,17,0,0.908949,0.989277,1
37,17,1,0.908887,0.989222,1
37,17,2,0.908887,0.989135,1
37,17,3,0.908943,0.989285,1
37,17,4,0.908856,0.98921,1
37,17,5,0.908769,0.989243,1
37,17,6,0.908948,0.98929,1
37,17,7,0.908946,0.989293,1
37,17,8,0.908982,0.989253,1
37,17,9,0.773207,0.962781,0
37,18,0,0.91307,0.989817,1
37,18,1,0.91301,0.989765,1
37,18,2,0.913017,0.989683,1
37,18,3,0.913062,0.989825,1
37,18,4,0.912995,0.989756,1
37,18,5,0.912893,0.989785,1
37,18,6,0.913071,0.98983,1
37,18,7,0.913082,0.989835,1
37,18,8,0.913105,0.989795,1
37,18,9,0.782867,0.964793,0
37,19,0,0.916838,0.990306,1
37,19,1,0.91678,0.990256,1
37,19,2,0.916794,0.990179,1
37,19,3,0.916828,0.990313,1
37,19,4,0.916778,0.990249,1
37,19,5,0.916665,0.990275,1
37,19,6,0.916841,0.990318,1
37,19,7,0.916863,0.990325,1
37,19,8,0.916876,0.990286,1
37,19,9,0.791756,0.966602,0
38,0,0,0.58659,0.916074,1
38,0,1,0.582917,0.914152,1
38,0,2,0.586566,0.916413,1
38,0,3,0.586014,0.915873,1
38,0,4,0.583406,0.914671,1
38,0,5,0.583766,0.914829,1
38,0,6,0.582565,0.913801,1
38,0,7,0.58696,0.916446,1
38,0,8,0.585961,0.916298,1
38,0,9,0.41521,0.79366,0
38,1,0,0.651642,0.938193,1
38,1,1,0.649356,0.937642,1
38,1,2,0.65186,0.938324,1
38,1,3,0.651668,0.938397,1
38,1,4,0.649628,0.937628,1
38,1,5,0.650456,0.937886,1
38,1,6,0.649668,0.937809,1
38,1,7,0.652351,0.938566,1
38,1,8,0.651418,0.937861,1
38,1,9,0.318266,0.745257,0
38,2,0,0.700729,0.951493,1
38,2,1,0.699301,0.951258,1
38,2,2,0.700986,0.951597,1
38,2,3,0.700943,0.951704,1
38,2,4,0.699456,0.951228,1
38,2,5,0.700304,0.95142,1
38,2,6,0.699793,0.951429,1
38,2,7,0.70143,0.951792,1
38,2,8,0.700659,0.951242,1
38,2,9,0.380406,0.802433,0
38,3,0,0.738511,0.960287,1
38,3,1,0.737638,0.960194,1
38,3,2,0.738761,0.960382,1
38,3,3,0.738796,0.960474,1
38,3,4,0.737722,0.960148,1
38,3,5,0.738476,0.96031,1
38,3,6,0.738144,0.960345,1
38,3,7,0.739129,0.96052,1
38,3,8,0.738536,0.960119,1
38,3,9,0.436457,0.840828,0
38,4,0,0.768268,0.966475,1
38,4,1,0.767757,0.96646,1
38,4,2,0.76849,0.966552,1
38,4,3,0.76856,0.966638,1
38,4,4,0.767797,0.966414,1
38,4,5,0.768431,0.966534,1
38,4,6,0.76822,0.966585,1
38,4,7,0.768784,0.966659,1
38,4,8,0.768338,0.966341,1
38,4,9,0.485636,0.868407,0
38,5,0,0.792202,0.971045,1
38,5,1,0.791933,0.971073,1
38,5,2,0.792392,0.971108,1
38,5,3,0.792477,0.971187,1
38,5,4,0.791946,0.971028,1
38,5,5,0.792466,0.971117,1
38,5,6,0.792338,0.971175,1
38,5,7,0.792622,0.971192,1
38,5,8,0.792292,0.970933,1
38,5,9,0.528339,0.888515,0
38,6,0,0.811813,0.974548,1
38,6,1,0.81171,0.9746,1
38,6,2,0.811973,0.9746,1
38,6,3,0.812064,0.974671,1
38,6,4,0.811705,0.974557,1
38,6,5,0.812127,0.974623,1
38,6,6,0.812057,0.974683,1
38,6,7,0.812152,0.974667,1
38,6,8,0.811911,0.974451,1
38,6,9,0.565358,0.903648,0
38,7,0,0.828144,0.977312,1
38,7,1,0.828156,0.977377,1
38,7,2,0.828278,0.977356,1
38,7,3,0.828368,0.97742,1
38,7,4,0.82814,0.977338,1
38,7,5,0.82848,0.977386,1
38,7,6,0.828452,0.977446,1
38,7,7,0.828415,0.97741,1
38,7,8,0.828244,0.977227,1
38,7,9,0.597538,0.915365,0
38,8,0,0.841936,0.979546,1
38,8,1,0.84203,0.979619,1
38,8,2,0.842048,0.979583,1
38,8,3,0.842136,0.979642,1
38,8,4,0.842006,0.979582,1
38,8,5,0.842278,0.979617,1
38,8,6,0.84228,0.979676,1
38,8,7,0.842152,0.979628,1
38,8,8,0.842034,0.979469,1
38,8,9,0.625642,0.924663,0
38,9,0,0.853728,0.981386,1
38,9,1,0.853879,0.981463,1
38,9,2,0.85382,0.981418,1
38,9,3,0.853905,0.981473,1
38,9,4,0.85385,0.98143,1
38,9,5,0.854067,0.981454,1
38,9,6,0.854091,0.981512,1
38,9,7,0.853897,0.981456,1
38,9,8,0.853822,0.981315,1
38,9,9,0.650323,0.932195,0
38,10,0,0.863917,0.982928,1
38,10,1,0.864109,0.983007,1
38,10,2,0.863993,0.982956,1
38,10,3,0.864074,0.983006,1
38,10,4,0.864077,0.982976,1
38,10,5,0.864248,0.982993,1
38,10,6,0.864289,0.983048,1
38,10,7,0.864049,0.982988,1
38,10,8,0.864007,0.982863,1
38,10,9,0.672125,0.938408,0
38,11,0,0.872805,0.984239,1
38,11,1,0.873027,0.984318,1
38,11,2,0.872868,0.984262,1
38,11,3,0.872944,0.984309,1
38,11,4,0.872992,0.984288,1
38,11,5,0.873126,0.984299,1
38,11,6,0.873179,0.984353,1
38,11,7,0.872906,0.98429,1
38,11,8,0.87289,0.984178,1
38,11,9,0.691493,0.943612,0
38,12,0,0.880623,0.985365,1
38,12,1,0.880865,0.985443,1
38,12,2,0.880674,0.985386,1
38,12,3,0.880746,0.985429,1
38,12,4,0.88083,0.985416,1
38,12,5,0.880932,0.985422,1
38,12,6,0.880994,0.985474,1
38,12,7,0.880698,0.98541,1
38,12,8,0.880703,0.985308,1
38,12,9,0.708793,0.948029,0
38,13,0,0.88755,0.986344,1
38,13,1,0.887808,0.98642,1
38,13,2,0.887592,0.986362,1
38,13,3,0.88766,0.986402,1
38,13,4,0.887771,0.986394,1
38,13,5,0.887848,0.986397,1
38,13,6,0.887916,0.986447,1
38,13,7,0.887604,0.986383,1
38,13,8,0.887626,0.986292,1
38,13,9,0.724326,0.951816,0
38,14,0,0.893729,0.987201,1
38,14,1,0.893997,0.987276,1
38,14,2,0.893764,0.987217,1
38,14,3,0.893828,0.987255,1
38,14,4,0.89396,0.987251,1
38,14,5,0.894015,0.987251,1
38,14,6,0.894089,0.987299,1
38,14,7,0.893766,0.987235,1
38,14,8,0.893802,0.987152,1
38,14,9,0.73834,0.955106,0
38,15,0,0.899274,0.987958,1
38,15,1,0.899549,0.988032,1
38,15,2,0.899302,0.987972,1
38,15,3,0.899362,0.988008,1
38,15,4,0.899512,0.988008,1
38,15,5,0.899548,0.988006,1
38,15,6,0.899626,0.988052,1
38,15,7,0.899296,0.987989,1
38,15,8,0.899343,0.987911,1
38,15,9,0.75104,0.957985,0
38,16,0,0.904277,0.988631,1
38,16,1,0.904555,0.988703,1
38,16,2,0.904298,0.988645,1
38,16,3,0.904356,0.988678,1
38,16,4,0.904519,0.988681,1
38,16,5,0.90454,0.988677,1
38,16,6,0.904619,0.988721,1
38,16,7,0.904286,0.988659,1
38,16,8,0.904342,0.988587,1
38,16,9,0.762597,0.960524,0
38,17,0,0.908812,0.989235,1
38,17,1,0.909093,0.989305,1
38,17,2,0.908828,0.989246,1
38,17,3,0.908883,0.989278,1
38,17,4,0.909056,0.989283,1
38,17,5,0.909065,0.989278,1
38,17,6,0.909146,0.98932,1
38,17,7,0.90881,0.989259,1
38,17,8,0.908874,0.989193,1
38,17,9,0.773155,0.962779,0
38,18,0,0.912942,0.989778,1
38,18,1,0.913223,0.989846,1
38,18,2,0.912954,0.989788,1
38,18,3,0.913006,0.989818,1
38,18,4,0.913187,0.989825,1
38,18,5,0.913184,0.989818,1
38,18,6,0.913267,0.989859,1
38,18,7,0.912932,0.9898,1
38,18,8,0.913001,0.989738,1
38,18,9,0.782835,0.964795,0
38,19,0,0.916718,0.990269,1
38,19,1,0.916999,0.990335,1
38,19,2,0.916727,0.990279,1
38,19,3,0.916776,0.990307,1
38,19,4,0.916964,0.990315,1
38,19,5,0.916951,0.990308,1
38,19,6,0.917034,0.990347,1
38,19,7,0.9167,0.990289,1
38,19,8,0.916774,0.990231,1
38,19,9,0.791741,0.966608,0
39,0,0,0.574791,0.908761,1
39,0,1,0.584905,0.91431,1
39,0,2,0.578564,0.910182,1
39,0,3,0.570429,0.904931,1
39,0,4,0.582781,0.912796,1
39,0,5,0.581781,0.913682,1
39,0,6,0.582616,0.914164,1
39,0,7,0.579749,0.912687,1
39,0,8,0.561761,0.901242,1
39,0,9,0.400422,0.737434,0
39,1,0,0.644549,0.93598,1
39,1,1,0.650927,0.938047,1
39,1,2,0.647151,0.937073,1
39,1,3,0.641661,0.935456,1
39,1,4,0.64953,0.937799,1
39,1,5,0.648721,0.937243,1
39,1,6,0.649122,0.937509,1
39,1,7,0.647705,0.937254,1
39,1,8,0.635854,0.933724,1
39,1,9,0.3129,0.73795,0
39,2,0,0.696413,0.950383,1
39,2,1,0.700464,0.951483,1
39,2,2,0.698196,0.951059,1
39,2,3,0.694473,0.950178,1
39,2,4,0.699549,0.951398,1
39,2,5,0.698944,0.951003,1
39,2,6,0.699125,0.951163,1
39,2,7,0.698445,0.951127,1
39,2,8,0.690509,0.949242,1
39,2,9,0.373157,0.794483,0
39,3,0,0.735908,0.959701,1
39,3,1,0.738482,0.960323,1
39,3,2,0.737133,0.960152,1
39,3,3,0.734588,0.959649,1
39,3,4,0.737889,0.960315,1
39,3,5,0.737446,0.960019,1
39,3,6,0.737512,0.960128,1
39,3,7,0.737225,0.960177,1
39,3,8,0.731822,0.959103,1
39,3,9,0.42796,0.834071,0
39,4,0,0.766751,0.966169,1
39,4,1,0.76836,0.96653,1
39,4,2,0.767591,0.966486,1
39,4,3,0.765847,0.966194,1
39,4,4,0.767984,0.96656,1
39,4,5,0.767664,0.96633,1
39,4,6,0.767668,0.966411,1
39,4,7,0.767599,0.966492,1
39,4,8,0.763881,0.965861,1
39,4,9,0.47641,0.862311,0
39,5,0,0.791396,0.970898,1
39,5,1,0.792356,0.971106,1
39,5,2,0.791966,0.971131,1
39,5,3,0.790778,0.970963,1
39,5,4,0.79213,0.971156,1
39,5,5,0.791902,0.970971,1
39,5,6,0.791871,0.971034,1
39,5,7,0.791929,0.971128,1
39,5,8,0.789363,0.970756,1
39,5,9,0.518747,0.883052,0
39,6,0,0.811486,0.974496,1
39,6,1,0.811999,0.974609,1
39,6,2,0.811863,0.974672,1
39,6,3,0.811069,0.974582,1
39,6,4,0.811877,0.97467,1
39,6,5,0.811719,0.974516,1
39,6,6,0.811667,0.974568,1
39,6,7,0.811799,0.974664,1
39,6,8,0.810044,0.974454,1
39,6,9,0.555641,0.898744,0
39,7,0,0.828145,0.977319,1
39,7,1,0.828344,0.977371,1
39,7,2,0.828382,0.977456,1
39,7,3,0.827873,0.977416,1
39,7,4,0.828298,0.977437,1
39,7,5,0.828191,0.977307,1
39,7,6,0.828128,0.977351,1
39,7,7,0.828304,0.977446,1
39,7,8,0.827131,0.977339,1
39,7,9,0.587849,0.91094,0
39,8,0,0.842166,0.97959,1
39,8,1,0.842141,0.979602,1
39,8,2,0.842299,0.979699,1
39,8,3,0.842001,0.979693,1
39,8,4,0.842149,0.97967,1
39,8,5,0.842082,0.979559,1
39,8,6,0.842013,0.979597,1
39,8,7,0.842214,0.979688,1
39,8,8,0.841467,0.97965,1
39,8,9,0.61608,0.920645,0
39,9,0,0.854119,0.981456,1
39,9,1,0.853931,0.98144,1
39,9,2,0.854174,0.981544,1
39,9,3,0.854033,0.981561,1
39,9,4,0.853979,0.981509,1
39,9,5,0.853943,0.981412,1
39,9,6,0.853871,0.981445,1
39,9,7,0.854086,0.981533,1
39,9,8,0.853656,0.981541,1
39,9,9,0.640949,0.928525,0
39,10,0,0.864422,0.983012,1
39,10,1,0.864117,0.982979,1
39,10,2,0.864419,0.983085,1
39,10,3,0.864396,0.983119,1
39,10,4,0.864194,0.983047,1
39,10,5,0.864181,0.982961,1
39,10,6,0.864109,0.982991,1
39,10,7,0.86433,0.983075,1
39,10,8,0.864139,0.983115,1
39,10,9,0.662974,0.934994,0
39,11,0,0.873391,0.984333,1
39,11,1,0.872999,0.984287,1
39,11,2,0.873343,0.984393,1
39,11,3,0.87341,0.984438,1
39,11,4,0.873098,0.984353,1
39,11,5,0.873104,0.984277,1
39,11,6,0.873031,0.984304,1
39,11,7,0.873255,0.984383,1
39,11,8,0.873246,0.984446,1
39,11,9,0.682585,0.940458,0
39,12,0,0.881266,0.985465,1
39,12,1,0.88081,0.98541,1
39,12,2,0.881183,0.985516,1
39,12,3,0.88132,0.985568,1
39,12,4,0.880926,0.985475,1
39,12,5,0.880946,0.985406,1
39,12,6,0.880874,0.985431,1
39,12,7,0.881096,0.985506,1
39,12,8,0.881228,0.985585,1
39,12,9,0.700136,0.9451,0
39,13,0,0.888233,0.986447,1
39,13,1,0.887731,0.986386,1
39,13,2,0.888124,0.98649,1
39,13,3,0.888314,0.986548,1
39,13,4,0.887858,0.986449,1
39,13,5,0.887889,0.986386,1
39,13,6,0.88782,0.986409,1
39,13,7,0.888039,0.986481,1
39,13,8,0.888279,0.986571,1
39,13,9,0.715921,0.94909,0
39,14,0,0.894439,0.987307,1
39,14,1,0.893903,0.98724,1
39,14,2,0.894309,0.987343,1
39,14,3,0.894541,0.987404,1
39,14,4,0.894039,0.987302,1
39,14,5,0.89408,0.987245,1
39,14,6,0.894012,0.987266,1
39,14,7,0.894227,0.987334,1
39,14,8,0.894552,0.987432,1
39,14,9,0.730184,0.952552,0
39,15,0,0.900001,0.988065,1
39,15,1,0.899441,0.987996,1
39,15,2,0.899855,0.988096,1
39,15,3,0.900119,0.988159,1
39,15,4,0.899584,0.988055,1
39,15,5,0.899631,0.988003,1
39,15,6,0.899565,0.988022,1
39,15,7,0.899776,0.988087,1
39,15,8,0.900166,0.988191,1
39,15,9,0.743127,0.955584,0
39,16,0,0.905013,0.988738,1
39,16,1,0.904437,0.988667,1
39,16,2,0.904856,0.988765,1
39,16,3,0.905144,0.98883,1
39,16,4,0.904584,0.988725,1
39,16,5,0.904637,0.988676,1
39,16,6,0.904573,0.988695,1
39,16,7,0.904779,0.988757,1
39,16,8,0.905221,0.988864,1
39,16,9,0.75492,0.95826,0
39,17,0,0.909553,0.989341,1
39,17,1,0.908966,0.989268,1
39,17,2,0.909386,0.989364,1
39,17,3,0.909694,0.98943,1
39,17,4,0.909116,0.989325,1
39,17,5,0.909174,0.989279,1
39,17,6,0.909112,0.989297,1
39,17,7,0.909312,0.989356,1
39,17,8,0.909794,0.989466,1
39,17,9,0.765706,0.960638,0
39,18,0,0.913684,0.989883,1
39,18,1,0.91309,0.98981,1
39,18,2,0.91351,0.989902,1
39,18,3,0.913832,0.989969,1
39,18,4,0.913242,0.989864,1
39,18,5,0.913303,0.989822,1
39,18,6,0.913243,0.989839,1
39,18,7,0.913438,0.989895,1
39,18,8,0.913951,0.990006,1
39,18,9,0.775605,0.962765,0
39,19,0,0.917458,0.990372,1
39,19,1,0.916861,0.9903,1
39,19,2,0.917279,0.99039,1
39,19,3,0.917612,0.990456,1
39,19,4,0.917014,0.990352,1
39,19,5,0.917078,0.990313,1
39,19,6,0.91702,0.990329,1
39,19,7,0.917209,0.990383,1
39,19,8,0.917746,0.990494,1
39,19,9,0.784721,0.964677,0
40,0,0,0.5764,0.911527,1
40,0,1,0.557364,0.899365,1
40,0,2,0.572816,0.90529,1
40,0,3,0.432939,0.799703,1
40,0,4,0.581791,0.914219,1
40,0,5,0.410184,0.768955,1
40,0,6,0.446881,0.820452,1
40,0,7,0.576563,0.911407,1
40,0,8,0.424632,0.788429,1
40,0,9,0.400016,0.691152,0
40,1,0,0.645549,0.936208,1
40,1,1,0.632418,0.932549,1
40,1,2,0.64314,0.93574,1
40,1,3,0.325998,0.75173,1
40,1,4,0.648646,0.937464,1
40,1,5,0.318763,0.747965,1
40,1,6,0.332654,0.760054,1
40,1,7,0.645598,0.936659,1
40,1,8,0.323372,0.751764,1
40,1,9,0.312848,0.740332,0
40,2,0,0.697046,0.950475,1
40,2,1,0.687909,0.948512,1
40,2,2,0.695418,0.950283,1
40,2,3,0.390095,0.808285,1
40,2,4,0.698853,0.95117,1
40,2,5,0.381237,0.80417,1
40,2,6,0.397863,0.815606,1
40,2,7,0.697048,0.950819,1
40,2,8,0.387057,0.808124,1
40,2,9,0.373147,0.796547,0
40,3,0,0.736313,0.959734,1
40,3,1,0.729857,0.958622,1
40,3,2,0.735204,0.959672,1
40,3,3,0.447021,0.846549,1
40,3,4,0.73736,0.960158,1
40,3,5,0.436885,0.842421,1
40,3,6,0.455118,0.85267,1
40,3,7,0.736296,0.960012,1
40,3,8,0.443625,0.846234,1
40,3,9,0.427954,0.835782,0
40,4,0,0.76701,0.966173,1
40,4,1,0.762383,0.965528,1
40,4,2,0.766252,0.966178,1
40,4,3,0.496455,0.873297,1
40,4,4,0.76759,0.966449,1
40,4,5,0.485438,0.869341,1
40,4,6,0.504464,0.878402,1
40,4,7,0.766985,0.966406,1
40,4,8,0.492798,0.872901,1
40,4,9,0.476384,0.863744,0
40,5,0,0.791558,0.970886,1
40,5,1,0.78821,0.970517,1
40,5,2,0.791043,0.970928,1
40,5,3,0.539073,0.892705,1
40,5,4,0.79184,0.971076,1
40,5,5,0.527516,0.888989,1
40,5,6,0.546794,0.897008,1
40,5,7,0.791531,0.971087,1
40,5,8,0.53525,0.89227,1
40,5,9,0.51869,0.884269,0
40,6,0,0.81158,0.974475,1
40,6,1,0.809147,0.974276,1
40,6,2,0.811239,0.974537,1
40,6,3,0.575828,0.907274,1
40,6,4,0.811667,0.97461,1
40,6,5,0.563991,0.903812,1
40,6,6,0.583179,0.910956,1
40,6,7,0.811554,0.974651,1
40,6,8,0.571918,0.906828,1
40,6,9,0.55555,0.899793,0
40,7,0,0.828193,0.977294,1
40,7,1,0.826429,0.977205,1
40,7,2,0.827976,0.977367,1
40,7,3,0.607656,0.91854,1
40,7,4,0.828149,0.977392,1
40,7,5,0.595725,0.915322,1
40,7,6,0.614613,0.921735,1
40,7,7,0.828168,0.977451,1
40,7,8,0.603715,0.918096,1
40,7,9,0.587727,0.911857,0
40,8,0,0.842181,0.979563,1
40,8,1,0.840914,0.979547,1
40,8,2,0.842056,0.979642,1
40,8,3,0.635372,0.927472,1
40,8,4,0.842047,0.979636,1
40,8,5,0.623478,0.92448,1
40,8,6,0.64194,0.930283,1
40,8,7,0.842158,0.979705,1
40,8,8,0.631442,0.92704,1
40,8,9,0.615931,0.921456,0
40,9,0,0.854109,0.981424,1
40,9,1,0.853219,0.981459,1
40,9,2,0.854053,0.981511,1
40,9,3,0.659654,0.934707,1
40,9,4,0.853913,0.981482,1
40,9,5,0.647889,0.931919,1
40,9,6,0.665856,0.937203,1
40,9,7,0.854088,0.981555,1
40,9,8,0.655765,0.934291,1
40,9,9,0.640782,0.929231,0
40,10,0,0.864395,0.982983,1
40,10,1,0.863794,0.983052,1
40,10,2,0.86439,0.983067,1
40,10,3,0.681068,0.940686,1
40,10,4,0.864157,0.983028,1
40,10,5,0.669486,0.938071,1
40,10,6,0.686924,0.942923,1
40,10,7,0.864376,0.983103,1
40,10,8,0.677236,0.940275,1
40,10,9,0.662792,0.935674,0
40,11,0,0.873351,0.984303,1
40,11,1,0.872974,0.984396,1
40,11,2,0.873385,0.984387,1
40,11,3,0.700062,0.945684,1
40,11,4,0.873083,0.984339,1
40,11,5,0.688703,0.943234,1
40,11,6,0.7056,0.947711,1
40,11,7,0.873334,0.984414,1
40,11,8,0.696301,0.945291,1
40,11,9,0.682389,0.941077,0
40,12,0,0.881216,0.985436,1
40,12,1,0.881015,0.985546,1
40,12,2,0.881281,0.985519,1
40,12,3,0.717005,0.949927,1
40,12,4,0.880929,0.985464,1
40,12,5,0.705894,0.947625,1
40,12,6,0.722252,0.951778,1
40,12,7,0.8812,0.985539,1
40,12,8,0.713324,0.949551,1
40,12,9,0.699929,0.945668,0
40,13,0,0.888176,0.986419,1
40,13,1,0.888114,0.986539,1
40,13,2,0.888264,0.9865,1
40,13,3,0.732201,0.953571,1
40,13,4,0.887876,0.986441,1
40,13,5,0.721351,0.951401,1
40,13,6,0.73718,0.955272,1
40,13,7,0.888162,0.986515,1
40,13,8,0.728605,0.953211,1
40,13,9,0.715705,0.949614,0
40,14,0,0.894377,0.987279,1
40,14,1,0.894426,0.987407,1
40,14,2,0.894482,0.987358,1
40,14,3,0.745898,0.956732,1
40,14,4,0.894068,0.987296,1
40,14,5,0.735315,0.954681,1
40,14,6,0.750632,0.958304,1
40,14,7,0.894364,0.987369,1
40,14,8,0.742388,0.956388,1
40,14,9,0.729961,0.953039,0
40,15,0,0.899935,0.988038,1
40,15,1,0.900073,0.988171,1
40,15,2,0.900054,0.988114,1
40,15,3,0.758301,0.959498,1
40,15,4,0.899622,0.988051,1
40,15,5,0.747986,0.957556,1
40,15,6,0.762811,0.960959,1
40,15,7,0.899923,0.988123,1
40,15,8,0.754878,0.959169,1
40,15,9,0.742899,0.956038,0
40,16,0,0.904945,0.988712,1
40,16,1,0.905154,0.988848,1
40,16,2,0.905075,0.988787,1
40,16,3,0.769579,0.961939,1
40,16,4,0.90463,0.988723,1
40,16,5,0.75953,0.960095,1
40,16,6,0.773883,0.963303,1
40,16,7,0.904934,0.988792,1
40,16,8,0.766244,0.961623,1
40,16,9,0.754688,0.958684,0
40,17,0,0.909483,0.989315,1
40,17,1,0.90975,0.989453,1
40,17,2,0.909621,0.989388,1
40,17,3,0.779877,0.964108,1
40,17,4,0.909169,0.989324,1
40,17,5,0.770089,0.962352,1
40,17,6,0.783992,0.965385,1
40,17,7,0.909473,0.989391,1
40,17,8,0.776628,0.963805,1
40,17,9,0.765472,0.961036,0
40,18,0,0.913612,0.989858,1
40,18,1,0.913926,0.989997,1
40,18,2,0.913757,0.989928,1
40,18,3,0.789314,0.966046,1
40,18,4,0.9133,0.989864,1
40,18,5,0.77978,0.964372,1
40,18,6,0.793254,0.967248,1
40,18,7,0.913603,0.98993,1
40,18,8,0.786148,0.965756,1
40,18,9,0.775369,0.96314,0
40,19,0,0.917386,0.990348,1
40,19,1,0.917737,0.990487,1
40,19,2,0.917535,0.990417,1
40,19,3,0.797992,0.96779,1
40,19,4,0.917075,0.990353,1
40,19,5,0.788704,0.96619,1
40,19,6,0.801769,0.968924,1
40,19,7,0.917377,0.990417,1
40,19,8,0.794906,0.96751,1
40,19,9,0.784483,0.965032,0
41,0,0,0.583862,0.915379,1
41,0,1,0.58682,0.91661,1
41,0,2,0.585217,0.915153,1
41,0,3,0.586989,0.916686,1
41,0,4,0.585876,0.916178,1
41,0,5,0.584168,0.914361,1
41,0,6,0.58631,0.916267,1
41,0,7,0.58683,0.916415,1
41,0,8,0.58481,0.914291,1
41,0,9,0.421509,0.795636,0
41,1,0,0.649641,0.937409,1
41,1,1,0.651856,0.938059,1
41,1,2,0.650929,0.937977,1
41,1,3,0.651635,0.938205,1
41,1,4,0.651052,0.938085,1
41,1,5,0.650176,0.937493,1
41,1,6,0.652005,0.938467,1
41,1,7,0.652252,0.938547,1
41,1,8,0.650537,0.937583,1
41,1,9,0.320485,0.745825,0
41,2,0,0.699302,0.951001,1
41,2,1,0.70089,0.951377,1
41,2,2,0.700358,0.951402,1
41,2,3,0.700564,0.951468,1
41,2,4,0.700267,0.951439,1
41,2,5,0.699832,0.951071,1
41,2,6,0.70125,0.951754,1
41,2,7,0.701358,0.951785,1
41,2,8,0.700033,0.951107,1
41,2,9,0.383243,0.80273,0
41,3,0,0.737519,0.959977,1
41,3,1,0.738646,0.9602,1
41,3,2,0.738331,0.960247,1
41,3,3,0.738319,0.960263,1
41,3,4,0.73818,0.960271,1
41,3,5,0.737975,0.959992,1
41,3,6,0.739042,0.960508,1
41,3,7,0.739079,0.960518,1
41,3,8,0.738089,0.960002,1
41,3,9,0.4397,0.841893,0
41,4,0,0.767592,0.96625,1
41,4,1,0.768369,0.96638,1
41,4,2,0.768212,0.966463,1
41,4,3,0.768072,0.966446,1
41,4,4,0.768028,0.96647,1
41,4,5,0.767969,0.96628,1
41,4,6,0.768753,0.966656,1
41,4,7,0.768749,0.966658,1
41,4,8,0.768024,0.96628,1
41,4,9,0.489126,0.869446,0
41,5,0,0.791754,0.970886,1
41,5,1,0.792276,0.970959,1
41,5,2,0.79222,0.971049,1
41,5,3,0.792017,0.97102,1
41,5,4,0.792031,0.971051,1
41,5,5,0.79206,0.970903,1
41,5,6,0.792626,0.971196,1
41,5,7,0.792598,0.971193,1
41,5,8,0.792077,0.970896,1
41,5,9,0.531951,0.889488,0
41,6,0,0.811531,0.974433,1
41,6,1,0.811867,0.974469,1
41,6,2,0.811876,0.974559,1
41,6,3,0.811644,0.974527,1
41,6,4,0.811695,0.974561,1
41,6,5,0.811776,0.97444,1
41,6,6,0.812177,0.974674,1
41,6,7,0.812136,0.974669,1
41,6,8,0.811769,0.97443,1
41,6,9,0.569008,0.904546,0
41,7,0,0.827985,0.977228,1
41,7,1,0.828182,0.977239,1
41,7,2,0.828236,0.977328,1
41,7,3,0.827993,0.977295,1
41,7,4,0.828066,0.97733,1
41,7,5,0.82818,0.977228,1
41,7,6,0.828454,0.977419,1
41,7,7,0.828405,0.977413,1
41,7,8,0.828156,0.977216,1
41,7,9,0.601168,0.91619,0
41,8,0,0.841869,0.979486,1
41,8,1,0.841962,0.97948,1
41,8,2,0.842044,0.979565,1
41,8,3,0.841801,0.979532,1
41,8,4,0.841889,0.979567,1
41,8,5,0.842022,0.979478,1
41,8,6,0.8422,0.979638,1
41,8,7,0.842147,0.979631,1
41,8,8,0.841989,0.979465,1
41,8,9,0.629214,0.925367,0
41,9,0,0.853729,0.981343,1
41,9,1,0.853744,0.981325,1
41,9,2,0.853846,0.981407,1
41,9,3,0.853608,0.981376,1
41,9,4,0.853704,0.98141,1
41,9,5,0.853849,0.981332,1
41,9,6,0.853951,0.981467,1
41,9,7,0.853896,0.98146,1
41,9,8,0.853808,0.981318,1
41,9,9,0.653818,0.932845,0
41,10,0,0.863971,0.982897,1
41,10,1,0.863926,0.982872,1
41,10,2,0.864041,0.98295,1
41,10,3,0.86381,0.98292,1
41,10,4,0.863912,0.982953,1
41,10,5,0.864063,0.982884,1
41,10,6,0.864106,0.982999,1
41,10,7,0.864051,0.982992,1
41,10,8,0.864018,0.98287,1
41,10,9,0.67553,0.93901,0
41,11,0,0.872898,0.984216,1
41,11,1,0.872808,0.984185,1
41,11,2,0.872931,0.98426,1
41,11,3,0.87271,0.984232,1
41,11,4,0.872814,0.984263,1
41,11,5,0.872968,0.984201,1
41,11,6,0.872965,0.984301,1
41,11,7,0.87291,0.984295,1
41,11,8,0.87292,0.984188,1
41,11,9,0.694803,0.944172,0
41,12,0,0.880747,0.98535,1
41,12,1,0.88062,0.985315,1
41,12,2,0.88075,0.985386,1
41,12,3,0.880538,0.985359,1
41,12,4,0.880643,0.98539,1
41,12,5,0.880798,0.985333,1
41,12,6,0.880758,0.985421,1
41,12,7,0.880704,0.985414,1
41,12,8,0.880748,0.98532,1
41,12,9,0.712006,0.948551,0
41,13,0,0.887697,0.986333,1
41,13,1,0.887544,0.986296,1
41,13,2,0.887677,0.986363,1
41,13,3,0.887474,0.986339,1
41,13,4,0.887579,0.986368,1
41,13,5,0.887733,0.986316,1
41,13,6,0.887664,0.986393,1
41,13,7,0.887611,0.986387,1
41,13,8,0.887682,0.986303,1
41,13,9,0.727441,0.95231,0
41,14,0,0.893895,0.987195,1
41,14,1,0.89372,0.987155,1
41,14,2,0.893855,0.98722,1
41,14,3,0.893661,0.987197,1
41,14,4,0.893766,0.987225,1
41,14,5,0.893918,0.987177,1
41,14,6,0.893825,0.987245,1
41,14,7,0.893773,0.987239,1
41,14,8,0.893866,0.987164,1
41,14,9,0.741359,0.95557,0
41,15,0,0.899453,0.987955,1
41,15,1,0.899263,0.987915,1
41,15,2,0.899398,0.987977,1
41,15,3,0.899213,0.987955,1
41,15,4,0.899316,0.987982,1
41,15,5,0.899466,0.987937,1
41,15,6,0.899355,0.987998,1
41,15,7,0.899304,0.987992,1
41,15,8,0.899414,0.987925,1
41,15,9,0.753965,0.958421,0
41,16,0,0.904466,0.988632,1
41,16,1,0.904263,0.98859,1
41,16,2,0.904399,0.98865,1
41,16,3,0.904222,0.988629,1
41,16,4,0.904323,0.988655,1
41,16,5,0.90447,0.988613,1
41,16,6,0.904344,0.988668,1
41,16,7,0.904295,0.988663,1
41,16,8,0.904419,0.988602,1
41,16,9,0.765432,0.960936,0
41,17,0,0.909009,0.989237,1
41,17,1,0.908797,0.989195,1
41,17,2,0.908932,0.989252,1
41,17,3,0.908762,0.989233,1
41,17,4,0.908862,0.989257,1
41,17,5,0.909006,0.989219,1
41,17,6,0.908868,0.989268,1
41,17,7,0.90882,0.989263,1
41,17,8,0.908955,0.989207,1
41,17,9,0.775904,0.96317,0
41,18,0,0.913145,0.989782,1
41,18,1,0.912925,0.98974,1
41,18,2,0.913059,0.989795,1
41,18,3,0.912897,0.989776,1
41,18,4,0.912995,0.9898,1
41,18,5,0.913135,0.989763,1
41,18,6,0.912988,0.989809,1
41,18,7,0.912942,0.989803,1
41,18,8,0.913085,0.989752,1
41,18,9,0.785502,0.965167,0
41,19,0,0.916926,0.990274,1
41,19,1,0.916701,0.990233,1
41,19,2,0.916833,0.990286,1
41,19,3,0.916678,0.990268,1
41,19,4,0.916773,0.990291,1
41,19,5,0.916911,0.990256,1
41,19,6,0.916756,0.990298,1
41,19,7,0.916711,0.990293,1
41,19,8,0.916861,0.990246,1
41,19,9,0.794329,0.966961,0
42,0,0,0.587328,0.916565,1
42,0,1,0.577248,0.910279,1
42,0,2,0.585683,0.91564,1
42,0,3,0.585636,0.915855,1
42,0,4,0.584397,0.915564,1
42,0,5,0.565464,0.902011,1
42,0,6,0.574293,0.909616,1
42,0,7,0.584776,0.91503,1
42,0,8,0.585582,0.914906,1
42,0,9,0.465811,0.829257,0
42,1,0,0.652589,0.938515,1
42,1,1,0.646173,0.936817,1
42,1,2,0.651013,0.938053,1
42,1,3,0.651502,0.938342,1
42,1,4,0.649829,0.937604,1
42,1,5,0.638163,0.934313,1
42,1,6,0.64421,0.936125,1
42,1,7,0.650627,0.938095,1
42,1,8,0.651565,0.938302,1
42,1,9,0.339326,0.764233,0
42,2,0,0.70161,0.951771,1
42,2,1,0.69748,0.950915,1
42,2,2,0.700275,0.951443,1
42,2,3,0.700879,0.951668,1
42,2,4,0.699392,0.951059,1
42,2,5,0.692005,0.949547,1
42,2,6,0.696162,0.950476,1
42,2,7,0.70016,0.951508,1
42,2,8,0.700979,0.951661,1
42,2,9,0.404371,0.818507,0
42,3,0,0.739258,0.960489,1
42,3,1,0.736616,0.96007,1
42,3,2,0.738202,0.960269,1
42,3,3,0.738777,0.960455,1
42,3,4,0.737554,0.960001,1
42,3,5,0.732828,0.959261,1
42,3,6,0.735724,0.959791,1
42,3,7,0.738214,0.96035,1
42,3,8,0.738879,0.960449,1
42,3,9,0.46171,0.855098,0
42,4,0,0.76887,0.966617,1
42,4,1,0.767223,0.966443,1
42,4,2,0.768069,0.966479,1
42,4,3,0.768569,0.966634,1
42,4,4,0.767579,0.966298,1
42,4,5,0.764579,0.965942,1
42,4,6,0.76662,0.96626,1
42,4,7,0.768135,0.966562,1
42,4,8,0.768662,0.966618,1
42,4,9,0.511161,0.880541,0
42,5,0,0.792675,0.971144,1
42,5,1,0.791707,0.971108,1
42,5,2,0.792078,0.971055,1
42,5,3,0.792502,0.971188,1
42,5,4,0.791713,0.970938,1
42,5,5,0.789859,0.970788,1
42,5,6,0.791305,0.970992,1
42,5,7,0.792171,0.971142,1
42,5,8,0.792582,0.971173,1
42,5,9,0.553546,0.898937,0
42,6,0,0.812181,0.974621,1
42,6,1,0.811683,0.974663,1
42,6,2,0.811743,0.974564,1
42,6,3,0.812097,0.974674,1
42,6,4,0.811475,0.974477,1
42,6,5,0.810401,0.974462,1
42,6,6,0.811423,0.974583,1
42,6,7,0.811848,0.974645,1
42,6,8,0.812165,0.974659,1
42,6,9,0.589924,0.912712,0
42,7,0,0.828427,0.977366,1
42,7,1,0.828261,0.977457,1
42,7,2,0.828113,0.977333,1
42,7,3,0.828407,0.977424,1
42,7,4,0.827921,0.977266,1
42,7,5,0.82739,0.977334,1
42,7,6,0.828103,0.9774,1
42,7,7,0.828223,0.977407,1
42,7,8,0.828465,0.977409,1
42,7,9,0.621297,0.923346,0
42,8,0,0.842152,0.979586,1
42,8,1,0.842224,0.979706,1
42,8,2,0.841933,0.979569,1
42,8,3,0.842177,0.979646,1
42,8,4,0.841802,0.979517,1
42,8,5,0.841655,0.979637,1
42,8,6,0.84214,0.979666,1
42,8,7,0.842044,0.979637,1
42,8,8,0.842225,0.979632,1
42,8,9,0.648525,0.931768,0
42,9,0,0.853888,0.981416,1
42,9,1,0.854133,0.981554,1
42,9,2,0.853746,0.981411,1
42,9,3,0.853946,0.981477,1
42,9,4,0.853661,0.981372,1
42,9,5,0.853791,0.981522,1
42,9,6,0.854104,0.981527,1
42,9,7,0.853854,0.981475,1
42,9,8,0.853987,0.981463,1
42,9,9,0.672314,0.938585,0
42,10,0,0.864033,0.98295,1
42,10,1,0.864403,0.983099,1
42,10,2,0.86395,0.982954,1
42,10,3,0.864115,0.983011,1
42,10,4,0.863903,0.982924,1
42,10,5,0.864235,0.983093,1
42,10,6,0.864417,0.983081,1
42,10,7,0.864055,0.983013,1
42,10,8,0.86415,0.982997,1
42,10,9,0.693237,0.944204,0
42,11,0,0.872885,0.984254,1
42,11,1,0.873348,0.984409,1
42,11,2,0.87285,0.984264,1
42,11,3,0.872985,0.984314,1
42,11,4,0.872832,0.984241,1
42,11,5,0.873312,0.984422,1
42,11,6,0.873392,0.984397,1
42,11,7,0.872951,0.984319,1
42,11,8,0.873014,0.984301,1
42,11,9,0.711757,0.948909,0
42,12,0,0.880673,0.985375,1
42,12,1,0.881204,0.985534,1
42,12,2,0.880676,0.985391,1
42,12,3,0.880787,0.985435,1
42,12,4,0.880681,0.985374,1
42,12,5,0.881271,0.98556,1
42,12,6,0.881272,0.985526,1
42,12,7,0.880773,0.985442,1
42,12,8,0.880811,0.98542,1
42,12,9,0.728248,0.952902,0
42,13,0,0.887577,0.986349,1
42,13,1,0.888157,0.986509,1
42,13,2,0.88761,0.986369,1
42,13,3,0.887699,0.986407,1
42,13,4,0.887634,0.986356,1
42,13,5,0.888304,0.986545,1
42,13,6,0.888243,0.986505,1
42,13,7,0.887703,0.986416,1
42,13,8,0.88772,0.986393,1
42,13,9,0.743015,0.95633,0
42,14,0,0.893736,0.987203,1
42,14,1,0.894352,0.987362,1
42,14,2,0.893795,0.987225,1
42,14,3,0.893866,0.98726,1
42,14,4,0.893833,0.987216,1
42,14,5,0.894561,0.987406,1
42,14,6,0.894453,0.987361,1
42,14,7,0.893883,0.98727,1
42,14,8,0.893883,0.987246,1
42,14,9,0.756306,0.959303,0
42,15,0,0.899265,0.987958,1
42,15,1,0.899906,0.988115,1
42,15,2,0.899343,0.987982,1
42,15,3,0.899399,0.988013,1
42,15,4,0.899394,0.987975,1
42,15,5,0.900165,0.988165,1
42,15,6,0.900017,0.988116,1
42,15,7,0.899428,0.988024,1
42,15,8,0.899413,0.988,1
42,15,9,0.768327,0.961905,0
42,16,0,0.904254,0.98863,1
42,16,1,0.904912,0.988784,1
42,16,2,0.904348,0.988655,1
42,16,3,0.904391,0.988683,1
42,16,4,0.904409,0.98865,1
42,16,5,0.90521,0.988838,1
42,16,6,0.905032,0.988787,1
42,16,7,0.904429,0.988695,1
42,16,8,0.904403,0.98867,1
42,16,9,0.779246,0.964201,0
42,17,0,0.908778,0.989231,1
42,17,1,0.909448,0.989383,1
42,17,2,0.908885,0.989258,1
42,17,3,0.908917,0.989282,1
42,17,4,0.908954,0.989255,1
42,17,5,0.909776,0.98944,1
42,17,6,0.909573,0.989387,1
42,17,7,0.908963,0.989295,1
42,17,8,0.908927,0.98927,1
42,17,9,0.789205,0.96624,0
42,18,0,0.912898,0.989773,1
42,18,1,0.913575,0.989922,1
42,18,2,0.913017,0.9898,1
42,18,3,0.913039,0.989823,1
42,18,4,0.913092,0.989798,1
42,18,5,0.913927,0.989981,1
42,18,6,0.913705,0.989927,1
42,18,7,0.913091,0.989836,1
42,18,8,0.913047,0.989811,1
42,18,9,0.798324,0.968064,0
42,19,0,0.916667,0.990263,1
42,19,1,0.917346,0.990409,1
42,19,2,0.916794,0.990291,1
42,19,3,0.916808,0.990311,1
42,19,4,0.916875,0.990291,1
42,19,5,0.917717,0.99047,1
42,19,6,0.91748,0.990415,1
42,19,7,0.916865,0.990325,1
42,19,8,0.916814,0.9903,1
42,19,9,0.806701,0.969703,0
43,0,0,0.584319,0.914791,1
43,0,1,0.584007,0.914328,1
43,0,2,0.583227,0.91424,1
43,0,3,0.555292,0.899507,1
43,0,4,0.585675,0.914874,1
43,0,5,0.545636,0.885878,1
43,0,6,0.536264,0.884264,1
43,0,7,0.576737,0.912065,1
43,0,8,0.542374,0.888797,1
43,0,9,0.539419,0.888155,0
43,1,0,0.650693,0.938129,1
43,1,1,0.650484,0.938011,1
43,1,2,0.649935,0.937917,1
43,1,3,0.631256,0.931719,1
43,1,4,0.651006,0.937646,1
43,1,5,0.623899,0.929625,1
43,1,6,0.61721,0.927612,1
43,1,7,0.645084,0.936277,1
43,1,8,0.621763,0.928784,1
43,1,9,0.619054,0.926326,0
43,2,0,0.700394,0.951588,1
43,2,1,0.700255,0.95151,1
43,2,2,0.699876,0.951473,1
43,2,3,0.687205,0.947972,1
43,2,4,0.700284,0.951105,1
43,2,5,0.681655,0.946755,1
43,2,6,0.676713,0.945597,1
43,2,7,0.696384,0.95048,1
43,2,8,0.680161,0.946253,1
43,2,9,0.677942,0.944507,0
43,3,0,0.73849,0.960426,1
43,3,1,0.738398,0.96037,1
43,3,2,0.738141,0.960363,1
43,3,3,0.729399,0.958228,1
43,3,4,0.738215,0.959992,1
43,3,5,0.725161,0.957471,1
43,3,6,0.721375,0.956731,1
43,3,7,0.735659,0.959735,1
43,3,8,0.724056,0.957132,1
43,3,9,0.72228,0.955811,0
43,4,0,0.768406,0.966625,1
43,4,1,0.768347,0.966583,1
43,4,2,0.768171,0.966591,1
43,4,3,0.762069,0.965231,1
43,4,4,0.768073,0.966235,1
43,4,5,0.75878,0.964727,1
43,4,6,0.75578,0.964216,1
43,4,7,0.766426,0.966177,1
43,4,8,0.757919,0.964479,1
43,4,9,0.756498,0.963425,0
43,5,0,0.792421,0.971192,1
43,5,1,0.792384,0.971159,1
43,5,2,0.792267,0.971175,1
43,5,3,0.787983,0.970275,1
43,5,4,0.792078,0.970849,1
43,5,5,0.785385,0.96993,1
43,5,6,0.782945,0.969558,1
43,5,7,0.791057,0.970899,1
43,5,8,0.784691,0.969739,1
43,5,9,0.783544,0.968874,0
43,6,0,0.812071,0.974687,1
43,6,1,0.812051,0.97466,1
43,6,2,0.811976,0.974681,1
43,6,3,0.808977,0.974071,1
43,6,4,0.81174,0.974383,1
43,6,5,0.806892,0.973831,1
43,6,6,0.804863,0.973549,1
43,6,7,0.811159,0.974496,1
43,6,8,0.806317,0.973676,1
43,6,9,0.805381,0.972947,0
43,7,0,0.828419,0.977442,1
43,7,1,0.82841,0.97742,1
43,7,2,0.828367,0.977443,1
43,7,3,0.826296,0.977027,1
43,7,4,0.828109,0.97717,1
43,7,5,0.824599,0.976857,1
43,7,6,0.822881,0.976636,1
43,7,7,0.827841,0.97732,1
43,7,8,0.824112,0.976727,1
43,7,9,0.823339,0.9761,0
43,8,0,0.842216,0.979667,1
43,8,1,0.842215,0.979648,1
43,8,2,0.842196,0.979673,1
43,8,3,0.840808,0.97939,1
43,8,4,0.841929,0.979422,1
43,8,5,0.83941,0.979268,1
43,8,6,0.837932,0.979091,1
43,8,7,0.841888,0.979593,1
43,8,8,0.83899,0.979158,1
43,8,9,0.838346,0.978609,0
43,9,0,0.854005,0.981499,1
43,9,1,0.85401,0.981484,1
43,9,2,0.854009,0.981509,1
43,9,3,0.853131,0.98132,1
43,9,4,0.853741,0.981278,1
43,9,5,0.851969,0.981233,1
43,9,6,0.85068,0.981087,1
43,9,7,0.853866,0.981459,1
43,9,8,0.8516,0.981137,1
43,9,9,0.851058,0.98065,0
43,10,0,0.864188,0.983034,1
43,10,1,0.864198,0.98302,1
43,10,2,0.86421,0.983045,1
43,10,3,0.86372,0.982925,1
43,10,4,0.863945,0.982832,1
43,10,5,0.862744,0.982864,1
43,10,6,0.861607,0.982742,1
43,10,7,0.864194,0.983019,1
43,10,8,0.862417,0.982779,1
43,10,9,0.861957,0.982342,0
43,11,0,0.873067,0.984337,1
43,11,1,0.873081,0.984325,1
43,11,2,0.873103,0.98435,1
43,11,3,0.872911,0.98428,1
43,11,4,0.872845,0.984151,1
43,11,5,0.872084,0.984238,1
43,11,6,0.871072,0.984134,1
43,11,7,0.873185,0.98434,1
43,11,8,0.871791,0.984162,1
43,11,9,0.871398,0.983766,0
43,12,0,0.880875,0.985457,1
43,12,1,0.880891,0.985446,1
43,12,2,0.880922,0.985471,1
43,12,3,0.88096,0.985439,1
43,12,4,0.880671,0.985285,1
43,12,5,0.880256,0.985411,1
43,12,6,0.879347,0.985322,1
43,12,7,0.88108,0.985474,1
43,12,8,0.87999,0.985342,1
43,12,9,0.879652,0.984981,0
43,13,0,0.887793,0.986429,1
43,13,1,0.887811,0.98642,1
43,13,2,0.887847,0.986444,1
43,13,3,0.888065,0.98644,1
43,13,4,0.887605,0.98627,1
43,13,5,0.887462,0.986423,1
43,13,6,0.886639,0.986346,1
43,13,7,0.888065,0.986457,1
43,13,8,0.88722,0.986361,1
43,13,9,0.886927,0.986029,0
43,14,0,0.893962,0.987282,1
43,14,1,0.893982,0.987273,1
43,14,2,0.894023,0.987296,1
43,14,3,0.894382,0.987315,1
43,14,4,0.89379,0.987133,1
43,14,5,0.893862,0.987306,1
43,14,6,0.893113,0.987239,1
43,14,7,0.894287,0.987316,1
43,14,8,0.89364,0.987249,1
43,14,9,0.893385,0.986942,0
43,15,0,0.899498,0.988034,1
43,15,1,0.899518,0.988026,1
43,15,2,0.899563,0.988049,1
43,15,3,0.900033,0.988084,1
43,15,4,0.899338,0.987895,1
43,15,5,0.899583,0.988083,1
43,15,6,0.898897,0.988023,1
43,15,7,0.899863,0.988075,1
43,15,8,0.899378,0.98803,1
43,15,9,0.899156,0.987744,0
43,16,0,0.904491,0.988704,1
43,16,1,0.904512,0.988697,1
43,16,2,0.90456,0.988719,1
43,16,3,0.905118,0.988767,1
43,16,4,0.904344,0.988573,1
43,16,5,0.904727,0.988771,1
43,16,6,0.904095,0.988718,1
43,16,7,0.904888,0.988749,1
43,16,8,0.904537,0.988722,1
43,16,9,0.904342,0.988455,0
43,17,0,0.909018,0.989303,1
43,17,1,0.90904,0.989296,1
43,17,2,0.909089,0.989318,1
43,17,3,0.909716,0.989376,1
43,17,4,0.908881,0.98918,1
43,17,5,0.909376,0.989385,1
43,17,6,0.908792,0.989337,1
43,17,7,0.909439,0.989351,1
43,17,8,0.909199,0.989339,1
43,17,9,0.909027,0.989089,0
43,18,0,0.91314,0.989843,1
43,18,1,0.913162,0.989837,1
43,18,2,0.913213,0.989858,1
43,18,3,0.913895,0.989924,1
43,18,4,0.913013,0.989726,1
43,18,5,0.913598,0.989936,1
43,18,6,0.913055,0.989893,1
43,18,7,0.91358,0.989893,1
43,18,8,0.913432,0.989893,1
43,18,9,0.91328,0.989657,0
43,19,0,0.916908,0.990331,1
43,19,1,0.916931,0.990325,1
43,19,2,0.916983,0.990346,1
43,19,3,0.917708,0.990418,1
43,19,4,0.91679,0.99022,1
43,19,5,0.917448,0.990433,1
43,19,6,0.916941,0.990394,1
43,19,7,0.917363,0.990384,1
43,19,8,0.917292,0.990392,1
43,19,9,0.917158,0.99017,0
44,0,0,0.579628,0.911842,1
44,0,1,0.568367,0.906613,1
44,0,2,0.583822,0.914527,1
44,0,3,0.458807,0.828375,1
44,0,4,0.585479,0.915048,1
44,0,5,0.405908,0.758835,1
44,0,6,0.453712,0.825469,1
44,0,7,0.579638,0.911677,1
44,0,8,0.455162,0.825055,1
44,0,9,0.400165,0.739239,0
44,1,0,0.647834,0.937342,1
44,1,1,0.640063,0.934812,1
44,1,2,0.650417,0.937859,1
44,1,3,0.33792,0.764228,1
44,1,4,0.651148,0.938077,1
44,1,5,0.31608,0.743408,1
44,1,6,0.335244,0.761372,1
44,1,7,0.647355,0.93678,1
44,1,8,0.335892,0.763299,1
44,1,9,0.307789,0.730937,0
44,2,0,0.698607,0.951188,1
44,2,1,0.693097,0.949575,1
44,2,2,0.700187,0.951284,1
44,2,3,0.403525,0.819211,1
44,2,4,0.700659,0.951499,1
44,2,5,0.376963,0.798156,1
44,2,6,0.400857,0.817478,1
44,2,7,0.697722,0.950424,1
44,2,8,0.401219,0.81807,1
44,2,9,0.36651,0.789309,0
44,3,0,0.737398,0.960246,1
44,3,1,0.733583,0.959329,1
44,3,2,0.738371,0.960267,1
44,3,3,0.460838,0.855434,1
44,3,4,0.738566,0.960323,1
44,3,5,0.432442,0.838235,1
44,3,6,0.45811,0.853713,1
44,3,7,0.736642,0.959796,1
44,3,8,0.458563,0.854794,1
44,3,9,0.420963,0.828577,0
44,4,0,0.767761,0.96655,1
44,4,1,0.765113,0.965973,1
44,4,2,0.768344,0.966506,1
44,4,3,0.510068,0.880663,1
44,4,4,0.768375,0.966514,1
44,4,5,0.481124,0.86593,1
44,4,6,0.507405,0.879226,1
44,4,7,0.767146,0.966201,1
44,4,8,0.507927,0.880216,1
44,4,9,0.470066,0.85821,0
44,5,0,0.792071,0.971175,1
44,5,1,0.79024,0.970802,1
44,5,2,0.792393,0.971094,1
44,5,3,0.552195,0.898888,1
44,5,4,0.792332,0.971086,1
44,5,5,0.523454,0.88616,1
44,5,6,0.549662,0.897696,1
44,5,7,0.791578,0.970891,1
44,5,8,0.550221,0.898575,1
44,5,9,0.513413,0.880075,0
44,6,0,0.811922,0.974704,1
44,6,1,0.810674,0.974459,1
44,6,2,0.812065,0.974599,1
44,6,3,0.588341,0.912541,1
44,6,4,0.811955,0.97459,1
44,6,5,0.560219,0.901411,1
44,6,6,0.585967,0.911559,1
44,6,7,0.811525,0.97446,1
44,6,8,0.586534,0.912322,1
44,6,9,0.551364,0.896601,0
44,7,0,0.828408,0.977479,1
44,7,1,0.827585,0.977321,1
44,7,2,0.828428,0.977366,1
44,7,3,0.619528,0.923103,1
44,7,4,0.828289,0.977352,1
44,7,5,0.592244,0.913268,1
44,7,6,0.617313,0.922264,1
44,7,7,0.82809,0.977272,1
44,7,8,0.617877,0.922949,1
44,7,9,0.58455,0.909407,0
44,8,0,0.842303,0.979717,1
44,8,1,0.841793,0.979618,1
44,8,2,0.842234,0.9796,1
44,8,3,0.646614,0.93148,1
44,8,4,0.84208,0.979584,1
44,8,5,0.620272,0.922699,1
44,8,6,0.644549,0.930753,1
44,8,7,0.842049,0.979538,1
44,8,8,0.645105,0.931373,1
44,8,9,0.613638,0.919556,0
44,9,0,0.854161,0.981557,1
44,9,1,0.853886,0.9815,1
44,9,2,0.85403,0.98144,1
44,9,3,0.670301,0.93827,1
44,9,4,0.853867,0.981422,1
44,9,5,0.644934,0.930355,1
44,9,6,0.668373,0.937631,1
44,9,7,0.853959,0.9814,1
44,9,8,0.668917,0.938197,1
44,9,9,0.639238,0.927762,0
44,10,0,0.864393,0.983095,1
44,10,1,0.864299,0.983076,1
44,10,2,0.864217,0.982981,1
44,10,3,0.691151,0.94385,1
44,10,4,0.864048,0.982962,1
44,10,5,0.666762,0.93672,1
44,10,6,0.689345,0.943277,1
44,10,7,0.864236,0.982966,1
44,10,8,0.68988,0.943829,1
44,10,9,0.661928,0.934913,0
44,11,0,0.873308,0.9844,1
44,11,1,0.873351,0.984403,1
44,11,2,0.873099,0.984289,1
44,11,3,0.709624,0.948549,1
44,11,4,0.872929,0.98427,1
44,11,5,0.686184,0.942023,1
44,11,6,0.707929,0.948035,1
44,11,7,0.873187,0.984285,1
44,11,8,0.708453,0.948545,1
44,11,9,0.682081,0.94053,0
44,12,0,0.881141,0.985522,1
44,12,1,0.881291,0.98554,1
44,12,2,0.880909,0.985412,1
44,12,3,0.726089,0.952542,1
44,12,4,0.880739,0.985394,1
44,12,5,0.703558,0.94653,1
44,12,6,0.724495,0.952076,1
44,12,7,0.88105,0.985418,1
44,12,8,0.725005,0.95255,1
44,12,9,0.700076,0.945284,0
44,13,0,0.888077,0.986494,1
44,13,1,0.888309,0.986525,1
44,13,2,0.887828,0.986388,1
44,13,3,0.740845,0.955972,1
44,13,4,0.887661,0.98637,1
44,13,5,0.719178,0.950405,1
44,13,6,0.739342,0.955547,1
44,13,7,0.888009,0.986401,1
44,13,8,0.739839,0.95599,1
44,13,9,0.716225,0.949372,0
44,14,0,0.894259,0.987346,1
44,14,1,0.894555,0.987386,1
44,14,2,0.893998,0.987243,1
44,14,3,0.754137,0.95895,1
44,14,4,0.893834,0.987226,1
44,14,5,0.733287,0.953769,1
44,14,6,0.752718,0.958561,1
44,14,7,0.894211,0.987261,1
44,14,8,0.753199,0.958976,1
44,14,9,0.730785,0.952893,0
44,15,0,0.899802,0.988098,1
44,15,1,0.900148,0.988144,1
44,15,2,0.899534,0.987998,1
44,15,3,0.766167,0.961559,1
44,15,4,0.899374,0.987982,1
44,15,5,0.746088,0.956714,1
44,15,6,0.764824,0.9612,1
44,15,7,0.899771,0.98802,1
44,15,8,0.765291,0.96159,1
44,15,9,0.743973,0.955967,0
44,16,0,0.9048,0.988766,1
44,16,1,0.905186,0.988818,1
44,16,2,0.904528,0.98867,1
44,16,3,0.777103,0.963862,1
44,16,4,0.904371,0.988654,1
44,16,5,0.75775,0.959314,1
44,16,6,0.775829,0.963529,1
44,16,7,0.904783,0.988694,1
44,16,8,0.776282,0.963897,1
44,16,9,0.755967,0.958673,0
44,17,0,0.90933,0.989365,1
44,17,1,0.909745,0.989419,1
44,17,2,0.909054,0.989271,1
44,17,3,0.787085,0.96591,1
44,17,4,0.908902,0.989256,1
44,17,5,0.768413,0.961626,1
44,17,6,0.785873,0.965599,1
44,17,7,0.909324,0.989298,1
44,17,8,0.786312,0.965947,1
44,17,9,0.766918,0.961072,0
44,18,0,0.913452,0.989903,1
44,18,1,0.913892,0.98996,1
44,18,2,0.913176,0.989813,1
44,18,3,0.796228,0.967741,1
44,18,4,0.913028,0.989798,1
44,18,5,0.778199,0.963693,1
44,18,6,0.795075,0.967451,1
44,18,7,0.913456,0.989841,1
44,18,8,0.7955,0.96778,1
44,18,9,0.776952,0.963214,0
44,19,0,0.91722,0.99039,1
44,19,1,0.917678,0.990449,1
44,19,2,0.916944,0.990303,1
44,19,3,0.804634,0.969389,1
44,19,4,0.916801,0.990288,1
44,19,5,0.78721,0.965553,1
44,19,6,0.803534,0.969117,1
44,19,7,0.917232,0.990332,1
44,19,8,0.803946,0.96943,1
44,19,9,0.786179,0.965136,0
45,0,0,0.575043,0.910088,1
45,0,1,0.437511,0.815872,1
45,0,2,0.586299,0.915058,1
45,0,3,0.426936,0.806487,1
45,0,4,0.567928,0.908588,1
45,0,5,0.400016,0.669725,1
45,0,6,0.400058,0.704021,1
45,0,7,0.550691,0.895441,1
45,0,8,0.410856,0.763056,1
45,0,9,0.400016,0.650132,0
45,1,0,0.644653,0.936331,1
45,1,1,0.327961,0.755416,1
45,1,2,0.651495,0.938289,1
45,1,3,0.322086,0.748392,1
45,1,4,0.639242,0.933943,1
45,1,5,0.314193,0.743773,1
45,1,6,0.313827,0.743311,1
45,1,7,0.62794,0.931356,1
45,1,8,0.318513,0.746477,1
45,1,9,0.309333,0.728574,0
45,2,0,0.696444,0.950632,1
45,2,1,0.392417,0.811505,1
45,2,2,0.700641,0.951591,1
45,2,3,0.385161,0.805021,1
45,2,4,0.692478,0.949069,1
45,2,5,0.374974,0.799539,1
45,2,6,0.374466,0.799086,1
45,2,7,0.684787,0.947892,1
45,2,8,0.380883,0.802875,1
45,2,9,0.368782,0.787603,0
45,3,0,0.735916,0.959912,1
45,3,1,0.449499,0.849306,1
45,3,2,0.738459,0.960364,1
45,3,3,0.441767,0.843651,1
45,3,4,0.733001,0.958823,1
45,3,5,0.429761,0.838101,1
45,3,6,0.42915,0.837692,1
45,3,7,0.727588,0.958265,1
45,3,8,0.436559,0.841402,1
45,3,9,0.42373,0.828649,0
45,4,0,0.766741,0.966335,1
45,4,1,0.49896,0.875628,1
45,4,2,0.768244,0.966552,1
45,4,3,0.491368,0.871078,1
45,4,4,0.764615,0.965541,1
45,4,5,0.477924,0.86552,1
45,4,6,0.477398,0.865223,1
45,4,7,0.760685,0.965317,1
45,4,8,0.485226,0.868521,1
45,4,9,0.472743,0.858146,0
45,5,0,0.791377,0.971038,1
45,5,1,0.541536,0.894703,1
45,5,2,0.792195,0.971116,1
45,5,3,0.534325,0.890956,1
45,5,4,0.789827,0.970437,1
45,5,5,0.51991,0.88563,1
45,5,6,0.519493,0.885427,1
45,5,7,0.786903,0.970388,1
45,5,8,0.527428,0.888334,1
45,5,9,0.515752,0.87982,0
45,6,0,0.811462,0.974618,1
45,6,1,0.578215,0.909012,1
45,6,2,0.811819,0.974612,1
45,6,3,0.571478,0.905895,1
45,6,4,0.810338,0.974152,1
45,6,5,0.556464,0.900851,1
45,6,6,0.556155,0.900716,1
45,6,7,0.808119,0.974198,1
45,6,8,0.564022,0.903289,1
45,6,9,0.553292,0.896196,0
45,7,0,0.82812,0.977427,1
45,7,1,0.609951,0.920072,1
45,7,2,0.828158,0.977371,1
45,7,3,0.603694,0.917421,1
45,7,4,0.827313,0.977056,1
45,7,5,0.588372,0.912694,1
45,7,6,0.588157,0.912607,1
45,7,7,0.825604,0.977158,1
45,7,8,0.595856,0.914895,1
45,7,9,0.586074,0.908892,0
45,8,0,0.842141,0.979688,1
45,8,1,0.63757,0.928838,1
45,8,2,0.841956,0.979601,1
45,8,3,0.631768,0.926553,1
45,8,4,0.841574,0.979385,1
45,8,5,0.61635,0.92213,1
45,8,6,0.616212,0.922077,1
45,8,7,0.840243,0.979521,1
45,8,8,0.623691,0.924126,1
45,8,9,0.614794,0.91897,0
45,9,0,0.854094,0.981545,1
45,9,1,0.661758,0.935938,1
45,9,2,0.853751,0.981438,1
45,9,3,0.656375,0.933939,1
45,9,4,0.853711,0.981293,1
45,9,5,0.641008,0.929801,1
45,9,6,0.640935,0.929772,1
45,9,7,0.852665,0.981449,1
45,9,8,0.648169,0.931621,1
45,9,9,0.640073,0.927133,0
45,10,0,0.864399,0.983095,1
45,10,1,0.683076,0.941793,1
45,10,2,0.863942,0.982977,1
45,10,3,0.678071,0.940022,1
45,10,4,0.864157,0.982884,1
45,10,5,0.66286,0.936146,1
45,10,6,0.66284,0.936135,1
45,10,7,0.863331,0.98305,1
45,10,8,0.669818,0.937815,1
45,10,9,0.662438,0.933843,0
45,11,0,0.873369,0.98441,1
45,11,1,0.701979,0.946698,1
45,11,2,0.872832,0.984283,1
45,11,3,0.697319,0.945124,1
45,11,4,0.873238,0.984233,1
45,11,5,0.682329,0.941474,1
45,11,6,0.682351,0.941475,1
45,11,7,0.872584,0.984401,1
45,11,8,0.689077,0.943017,1
45,11,9,0.682328,0.939416,0
45,12,0,0.881245,0.985537,1
45,12,1,0.718838,0.950861,1
45,12,2,0.88065,0.985406,1
45,12,3,0.714486,0.94944,1
45,12,4,0.881202,0.985384,1
45,12,5,0.699765,0.946006,1
45,12,6,0.699822,0.946016,1
45,12,7,0.880683,0.985556,1
45,12,8,0.7063,0.947435,1
45,12,9,0.70011,0.944199,0
45,13,0,0.888214,0.986514,1
45,13,1,0.733955,0.954436,1
45,13,2,0.887578,0.986382,1
45,13,3,0.72988,0.953147,1
45,13,4,0.888239,0.986382,1
45,13,5,0.715457,0.949904,1
45,13,6,0.715543,0.949921,1
45,13,7,0.887829,0.986553,1
45,13,8,0.721782,0.951234,1
45,13,9,0.716086,0.948302,0
45,14,0,0.894421,0.987369,1
45,14,1,0.747579,0.957536,1
45,14,2,0.893757,0.987238,1
45,14,3,0.74375,0.956354,1
45,14,4,0.894502,0.98725,1
45,14,5,0.729644,0.95329,1
45,14,6,0.729754,0.953314,1
45,14,7,0.89418,0.987424,1
45,14,8,0.735764,0.954529,1
45,14,9,0.730508,0.95192,0
45,15,0,0.899984,0.988123,1
45,15,1,0.759913,0.96025,1
45,15,2,0.899302,0.987993,1
45,15,3,0.756308,0.959163,1
45,15,4,0.90011,0.988019,1
45,15,5,0.742527,0.956257,1
45,15,6,0.742656,0.956285,1
45,15,7,0.89986,0.988189,1
45,15,8,0.748448,0.95742,1
45,15,9,0.743582,0.955026,0
45,16,0,0.904998,0.988794,1
45,16,1,0.771128,0.962645,1
45,16,2,0.904304,0.988665,1
45,16,3,0.767724,0.961636,1
45,16,4,0.905159,0.988699,1
45,16,5,0.754271,0.958877,1
45,16,6,0.754416,0.958908,1
45,16,7,0.904968,0.988868,1
45,16,8,0.760002,0.95997,1
45,16,9,0.755483,0.957763,0
45,17,0,0.909539,0.989393,1
45,17,1,0.781366,0.964773,1
45,17,2,0.908839,0.989266,1
45,17,3,0.778145,0.963837,1
45,17,4,0.909729,0.989309,1
45,17,5,0.765018,0.961208,1
45,17,6,0.765175,0.96124,1
45,17,7,0.909587,0.989474,1
45,17,8,0.770567,0.96224,1
45,17,9,0.766358,0.960193,0
45,18,0,0.91367,0.989932,1
45,18,1,0.790748,0.966675,1
45,18,2,0.912968,0.989808,1
45,18,3,0.787692,0.965802,1
45,18,4,0.913884,0.989857,1
45,18,5,0.774886,0.963292,1
45,18,6,0.775054,0.963327,1
45,18,7,0.913783,0.990018,1
45,18,8,0.780262,0.96427,1
45,18,9,0.776331,0.962364,0
45,19,0,0.917445,0.99042,1
45,19,1,0.799374,0.968386,1
45,19,2,0.916744,0.990298,1
45,19,3,0.79647,0.967568,1
45,19,4,0.917677,0.990352,1
45,19,5,0.783977,0.965168,1
45,19,6,0.784153,0.965204,1
45,19,7,0.917611,0.990509,1
45,19,8,0.789188,0.966096,1
45,19,9,0.785507,0.964314,0
46,0,0,0.579883,0.912408,1
46,0,1,0.583395,0.914271,1
46,0,2,0.584665,0.914999,1
46,0,3,0.583345,0.914539,1
46,0,4,0.586148,0.915811,1
46,0,5,0.564612,0.903942,1
46,0,6,0.576015,0.90754,1
46,0,7,0.58276,0.914461,1
46,0,8,0.57724,0.911346,1
46,0,9,0.406407,0.771612,0
46,1,0,0.647063,0.936619,1
46,1,1,0.650194,0.937951,1
46,1,2,0.650506,0.937907,1
46,1,3,0.649937,0.937573,1
46,1,4,0.651248,0.938117,1
46,1,5,0.63782,0.934384,1
46,1,6,0.645357,0.936499,1
46,1,7,0.64982,0.937869,1
46,1,8,0.646229,0.936827,1
46,1,9,0.312041,0.738118,0
46,2,0,0.697618,0.950607,1
46,2,1,0.70012,0.951503,1
46,2,2,0.700054,0.951372,1
46,2,3,0.699857,0.951214,1
46,2,4,0.700398,0.951438,1
46,2,5,0.691886,0.94962,1
46,2,6,0.696951,0.950737,1
46,2,7,0.699906,0.951469,1
46,2,8,0.697557,0.950932,1
46,2,9,0.372555,0.795757,0
46,3,0,0.736417,0.959752,1
46,3,1,0.738342,0.960384,1
46,3,2,0.738114,0.960227,1
46,3,3,0.738115,0.960158,1
46,3,4,0.738255,0.960235,1
46,3,5,0.732807,0.959333,1
46,3,6,0.736265,0.959969,1
46,3,7,0.738227,0.960372,1
46,3,8,0.736689,0.960086,1
46,3,9,0.428151,0.835776,0
46,4,0,0.766901,0.966126,1
46,4,1,0.768341,0.966597,1
46,4,2,0.768059,0.966471,1
46,4,3,0.768139,0.966394,1
46,4,4,0.76808,0.966466,1
46,4,5,0.764598,0.966022,1
46,4,6,0.766991,0.966358,1
46,4,7,0.768279,0.966603,1
46,4,8,0.767287,0.966447,1
46,4,9,0.477154,0.863568,0
46,5,0,0.791342,0.970824,1
46,5,1,0.792407,0.971177,1
46,5,2,0.792115,0.971062,1
46,5,3,0.792234,0.971004,1
46,5,4,0.792065,0.971045,1
46,5,5,0.789894,0.970868,1
46,5,6,0.791555,0.971049,1
46,5,7,0.79238,0.971188,1
46,5,8,0.79176,0.971112,1
46,5,9,0.520141,0.884488,0
46,6,0,0.811312,0.974409,1
46,6,1,0.81209,0.974679,1
46,6,2,0.811806,0.974577,1
46,6,3,0.811945,0.97453,1
46,6,4,0.811716,0.974554,1
46,6,5,0.810441,0.974534,1
46,6,6,0.811588,0.97462,1
46,6,7,0.812086,0.974692,1
46,6,8,0.811727,0.974666,1
46,6,9,0.557637,0.900286,0
46,7,0,0.827902,0.977228,1
46,7,1,0.828459,0.977439,1
46,7,2,0.828192,0.977347,1
46,7,3,0.828339,0.977308,1
46,7,4,0.828077,0.977321,1
46,7,5,0.82743,0.977398,1
46,7,6,0.828206,0.977424,1
46,7,7,0.828471,0.977453,1
46,7,8,0.828297,0.977458,1
46,7,9,0.590351,0.912528,0
46,8,0,0.841884,0.979501,1
46,8,1,0.842269,0.979666,1
46,8,2,0.842023,0.979587,1
46,8,3,0.84217,0.97955,1
46,8,4,0.841892,0.97956,1
46,8,5,0.841693,0.979695,1
46,8,6,0.842198,0.97968,1
46,8,7,0.842292,0.979681,1
46,8,8,0.842253,0.979706,1
46,8,9,0.618997,0.922191,0
46,9,0,0.853816,0.981368,1
46,9,1,0.854067,0.9815,1
46,9,2,0.853841,0.98143,1
46,9,3,0.853986,0.981396,1
46,9,4,0.853701,0.981402,1
46,9,5,0.853826,0.981575,1
46,9,6,0.854129,0.981534,1
46,9,7,0.854097,0.981516,1
46,9,8,0.854156,0.981554,1
46,9,9,0.644185,0.930059,0
46,10,0,0.864109,0.982929,1
46,10,1,0.864255,0.983037,1
46,10,2,0.864047,0.98297,1
46,10,3,0.864189,0.982944,1
46,10,4,0.863904,0.982944,1
46,10,5,0.864266,0.983142,1
46,10,6,0.864416,0.983084,1
46,10,7,0.864291,0.983052,1
46,10,8,0.864423,0.983099,1
46,10,9,0.666441,0.936579,0
46,11,0,0.873075,0.984253,1
46,11,1,0.873138,0.984341,1
46,11,2,0.872947,0.98428,1
46,11,3,0.873084,0.984256,1
46,11,4,0.872803,0.984254,1
46,11,5,0.873339,0.984467,1
46,11,6,0.873372,0.984397,1
46,11,7,0.873177,0.984356,1
46,11,8,0.873363,0.984408,1
46,11,9,0.68622,0.941995,0
46,12,0,0.880951,0.985389,1
46,12,1,0.880948,0.985461,1
46,12,2,0.880772,0.985406,1
46,12,3,0.880905,0.985384,1
46,12,4,0.88063,0.985381,1
46,12,5,0.881295,0.985601,1
46,12,6,0.881237,0.985523,1
46,12,7,0.880989,0.985476,1
46,12,8,0.881216,0.985532,1
46,12,9,0.703891,0.946587,0
46,13,0,0.887922,0.986375,1
46,13,1,0.887867,0.986434,1
46,13,2,0.887705,0.986384,1
46,13,3,0.887832,0.986362,1
46,13,4,0.887564,0.98636,1
46,13,5,0.888325,0.986584,1
46,13,6,0.888197,0.9865,1
46,13,7,0.88791,0.986448,1
46,13,8,0.888166,0.986507,1
46,13,9,0.719759,0.950499,0
46,14,0,0.894135,0.987237,1
46,14,1,0.894036,0.987287,1
46,14,2,0.893887,0.987239,1
46,14,3,0.894009,0.98722,1
46,14,4,0.893749,0.987216,1
46,14,5,0.89458,0.987442,1
46,14,6,0.894398,0.987355,1
46,14,7,0.89408,0.9873,1
46,14,8,0.894359,0.98736,1
46,14,9,0.734071,0.953936,0
46,15,0,0.899704,0.987998,1
46,15,1,0.899571,0.988039,1
46,15,2,0.899433,0.987996,1
46,15,3,0.89955,0.987978,1
46,15,4,0.899298,0.987973,1
46,15,5,0.900181,0.988198,1
46,15,6,0.899956,0.98811,1
46,15,7,0.899616,0.988052,1
46,15,8,0.899911,0.988113,1
46,15,9,0.747039,0.956918,0
46,16,0,0.904724,0.988675,1
46,16,1,0.904564,0.988709,1
46,16,2,0.904436,0.988668,1
46,16,3,0.904549,0.988651,1
46,16,4,0.904304,0.988647,1
46,16,5,0.905224,0.988869,1
46,16,6,0.904965,0.98878,1
46,16,7,0.904609,0.988722,1
46,16,8,0.904916,0.988782,1
46,16,9,0.758838,0.959546,0
46,17,0,0.909272,0.98928,1
46,17,1,0.90909,0.989308,1
46,17,2,0.908971,0.98927,1
46,17,3,0.909079,0.989254,1
46,17,4,0.908842,0.98925,1
46,17,5,0.909788,0.989469,1
46,17,6,0.909503,0.989379,1
46,17,7,0.909134,0.989321,1
46,17,8,0.90945,0.989381,1
46,17,9,0.769615,0.961878,0
46,18,0,0.913411,0.989824,1
46,18,1,0.91321,0.989848,1
46,18,2,0.9131,0.989812,1
46,18,3,0.913203,0.989797,1
46,18,4,0.912974,0.989792,1
46,18,5,0.913937,0.990008,1
46,18,6,0.913632,0.989919,1
46,18,7,0.913255,0.98986,1
46,18,8,0.913576,0.98992,1
46,18,9,0.779494,0.963961,0
46,19,0,0.917193,0.990317,1
46,19,1,0.916978,0.990336,1
46,19,2,0.916875,0.990303,1
46,19,3,0.916974,0.990288,1
46,19,4,0.916753,0.990283,1
46,19,5,0.917726,0.990496,1
46,19,6,0.917404,0.990407,1
46,19,7,0.917022,0.990348,1
46,19,8,0.917347,0.990407,1
46,19,9,0.788579,0.965832,0
47,0,0,0.586877,0.916425,1
47,0,1,0.561225,0.902959,1
47,0,2,0.586132,0.915706,1
47,0,3,0.538669,0.887207,1
47,0,4,0.58397,0.914397,1
47,0,5,0.499919,0.856522,1
47,0,6,0.511736,0.872987,1
47,0,7,0.581833,0.913109,1
47,0,8,0.532013,0.8844,1
47,0,9,0.521074,0.875571,0
47,1,0,0.652317,0.93855,1
47,1,1,0.634993,0.933433,1
47,1,2,0.651562,0.938252,1
47,1,3,0.618731,0.927702,1
47,1,4,0.650496,0.938005,1
47,1,5,0.358208,0.783492,1
47,1,6,0.598231,0.920796,1
47,1,7,0.649051,0.937486,1
47,1,8,0.613799,0.926405,1
47,1,9,0.603777,0.921089,0
47,2,0,0.701405,0.951797,1
47,2,1,0.689649,0.948957,1
47,2,2,0.700751,0.951605,1
47,2,3,0.677801,0.945646,1
47,2,4,0.700256,0.951454,1
47,2,5,0.423141,0.833051,1
47,2,6,0.661742,0.941312,1
47,2,7,0.699322,0.951142,1
47,2,8,0.674065,0.94486,1
47,2,9,0.666199,0.942103,0
47,3,0,0.739111,0.960523,1
47,3,1,0.731075,0.95889,1
47,3,2,0.738584,0.960387,1
47,3,3,0.722206,0.956728,1
47,3,4,0.738396,0.960324,1
47,3,5,0.479262,0.866031,1
47,3,6,0.709259,0.953742,1
47,3,7,0.737795,0.96013,1
47,3,8,0.719283,0.956232,1
47,3,9,0.713036,0.9543,0
47,4,0,0.768772,0.966663,1
47,4,1,0.763264,0.965701,1
47,4,2,0.76836,0.966565,1
47,4,3,0.756446,0.964192,1
47,4,4,0.768344,0.966544,1
47,4,5,0.527159,0.888971,1
47,4,6,0.745733,0.961983,1
47,4,7,0.767965,0.966418,1
47,4,8,0.754094,0.963854,1
47,4,9,0.749037,0.962414,0
47,5,0,0.792615,0.971196,1
47,5,1,0.788862,0.970634,1
47,5,2,0.792298,0.971125,1
47,5,3,0.783498,0.969526,1
47,5,4,0.792381,0.971126,1
47,5,5,0.567991,0.90562,1
47,5,6,0.774435,0.967808,1
47,5,7,0.792154,0.971041,1
47,5,8,0.781557,0.969284,1
47,5,9,0.777386,0.96816,0
47,6,0,0.812147,0.974671,1
47,6,1,0.809639,0.974358,1
47,6,2,0.811907,0.974619,1
47,6,3,0.805335,0.973514,1
47,6,4,0.812048,0.974631,1
47,6,5,0.602946,0.91815,1
47,6,6,0.797525,0.972126,1
47,6,7,0.811927,0.974573,1
47,6,8,0.8037,0.973333,1
47,6,9,0.800198,0.972424,0
47,7,0,0.828413,0.977414,1
47,7,1,0.826806,0.977264,1
47,7,2,0.828233,0.977376,1
47,7,3,0.823292,0.9766,1
47,7,4,0.828408,0.977394,1
47,7,5,0.633061,0.927873,1
47,7,6,0.816458,0.975447,1
47,7,7,0.828362,0.977354,1
47,7,8,0.82189,0.976461,1
47,7,9,0.818905,0.975705,0
47,8,0,0.842151,0.979632,1
47,8,1,0.841206,0.97959,1
47,8,2,0.84202,0.979603,1
47,8,3,0.838296,0.979055,1
47,8,4,0.842213,0.979625,1
47,8,5,0.659191,0.935609,1
47,8,6,0.832239,0.978075,1
47,8,7,0.842222,0.979597,1
47,8,8,0.837077,0.978945,1
47,8,9,0.834498,0.978303,0
47,9,0,0.853898,0.98146,1
47,9,1,0.853448,0.981493,1
47,9,2,0.853805,0.981439,1
47,9,3,0.851007,0.981053,1
47,9,4,0.854009,0.981462,1
47,9,5,0.682027,0.941897,1
47,9,6,0.84558,0.980204,1
47,9,7,0.854057,0.981443,1
47,9,8,0.849933,0.980964,1
47,9,9,0.847678,0.980409,0
47,10,0,0.864051,0.982992,1
47,10,1,0.863973,0.983076,1
47,10,2,0.863989,0.982977,1
47,10,3,0.861904,0.982709,1
47,10,4,0.864196,0.983001,1
47,10,5,0.702123,0.9471,1
47,10,6,0.856997,0.981963,1
47,10,7,0.864273,0.982988,1
47,10,8,0.860948,0.982636,1
47,10,9,0.858957,0.982149,0
47,11,0,0.872909,0.984294,1
47,11,1,0.873115,0.984414,1
47,11,2,0.872871,0.984284,1
47,11,3,0.871344,0.984103,1
47,11,4,0.87308,0.984307,1
47,11,5,0.719923,0.951471,1
47,11,6,0.866872,0.983439,1
47,11,7,0.873178,0.9843,1
47,11,8,0.870486,0.984042,1
47,11,9,0.868711,0.98361,0
47,12,0,0.880701,0.985414,1
47,12,1,0.881126,0.985559,1
47,12,2,0.880684,0.985406,1
47,12,3,0.879597,0.985292,1
47,12,4,0.880891,0.985429,1
47,12,5,0.735786,0.955191,1
47,12,6,0.875494,0.984696,1
47,12,7,0.881005,0.985426,1
47,12,8,0.87882,0.985241,1
47,12,9,0.877227,0.984853,0
47,13,0,0.887608,0.986386,1
47,13,1,0.888201,0.986549,1
47,13,2,0.887607,0.986382,1
47,13,3,0.886872,0.986318,1
47,13,4,0.88781,0.986404,1
47,13,5,0.750001,0.958394,1
47,13,6,0.883084,0.985777,1
47,13,7,0.887936,0.986403,1
47,13,8,0.886163,0.986274,1
47,13,9,0.884722,0.985924,0
47,14,0,0.89377,0.987239,1
47,14,1,0.894493,0.987414,1
47,14,2,0.893782,0.987236,1
47,14,3,0.89333,0.987212,1
47,14,4,0.893981,0.987258,1
47,14,5,0.762805,0.961178,1
47,14,6,0.889816,0.986718,1
47,14,7,0.894116,0.987259,1
47,14,8,0.89268,0.987174,1
47,14,9,0.891368,0.986855,0
47,15,0,0.8993,0.987992,1
47,15,1,0.900124,0.988176,1
47,15,2,0.899323,0.987991,1
47,15,3,0.899101,0.987997,1
47,15,4,0.899518,0.988013,1
47,15,5,0.774394,0.963619,1
47,15,6,0.895824,0.987543,1
47,15,7,0.899659,0.988015,1
47,15,8,0.898501,0.987965,1
47,15,9,0.897301,0.987671,0
47,16,0,0.90429,0.988662,1
47,16,1,0.905193,0.988852,1
47,16,2,0.904322,0.988663,1
47,16,3,0.904287,0.988693,1
47,16,4,0.904512,0.988684,1
47,16,5,0.784929,0.965778,1
47,16,6,0.90122,0.988273,1
47,16,7,0.904657,0.988688,1
47,16,8,0.903732,0.988664,1
47,16,9,0.902627,0.988394,0
47,17,0,0.908815,0.989262,1
47,17,1,0.909778,0.989455,1
47,17,2,0.908855,0.989264,1
47,17,3,0.908973,0.989313,1
47,17,4,0.90904,0.989284,1
47,17,5,0.794545,0.967698,1
47,17,6,0.906091,0.988923,1
47,17,7,0.909187,0.989289,1
47,17,8,0.908456,0.989288,1
47,17,9,0.907435,0.989037,0
47,18,0,0.912937,0.989803,1
47,18,1,0.913945,0.989997,1
47,18,2,0.912982,0.989806,1
47,18,3,0.913226,0.98987,1
47,18,4,0.913162,0.989825,1
47,18,5,0.803354,0.969418,1
47,18,6,0.910509,0.989506,1
47,18,7,0.913311,0.989831,1
47,18,8,0.912743,0.989848,1
47,18,9,0.911796,0.989614,0
47,19,0,0.916705,0.990292,1
47,19,1,0.917748,0.990487,1
47,19,2,0.916756,0.990296,1
47,19,3,0.917104,0.990372,1
47,19,4,0.916931,0.990314,1
47,19,5,0.811453,0.970966,1
47,19,6,0.914536,0.990031,1
47,19,7,0.917081,0.990321,1
47,19,8,0.916651,0.990352,1
47,19,9,0.915769,0.990133,0
48,0,0,0.581565,0.910105,1
48,0,1,0.546246,0.890414,1
48,0,2,0.585892,0.915404,1
48,0,3,0.569287,0.907461,1
48,0,4,0.5844,0.915036,1
48,0,5,0.417892,0.784864,1
48,0,6,0.451641,0.811931,1
48,0,7,0.563035,0.903814,1
48,0,8,0.569326,0.904463,1
48,0,9,0.403786,0.767913,0
48,1,0,0.648846,0.936859,1
48,1,1,0.624266,0.929279,1
48,1,2,0.651281,0.937773,1
48,1,3,0.64001,0.934492,1
48,1,4,0.650765,0.938154,1
48,1,5,0.320371,0.749172,1
48,1,6,0.334044,0.760867,1
48,1,7,0.636513,0.933785,1
48,1,8,0.640933,0.93486,1
48,1,9,0.311932,0.73917,0
48,2,0,0.699166,0.950724,1
48,2,1,0.681902,0.946466,1
48,2,2,0.700538,0.951204,1
48,2,3,0.692925,0.94944,1
48,2,4,0.700453,0.951604,1
48,2,5,0.383261,0.805518,1
48,2,6,0.399218,0.816201,1
48,2,7,0.69087,0.949217,1
48,2,8,0.693987,0.949769,1
48,2,9,0.371766,0.795217,0
48,3,0,0.737686,0.959815,1
48,3,1,0.725366,0.957267,1
48,3,2,0.738447,0.960094,1
48,3,3,0.733281,0.959067,1
48,3,4,0.738542,0.960438,1
48,3,5,0.439432,0.843891,1
48,3,6,0.456526,0.853174,1
48,3,7,0.732023,0.959034,1
48,3,8,0.734254,0.959339,1
48,3,9,0.426878,0.834977,0
48,4,0,0.767885,0.96614,1
48,4,1,0.75893,0.964517,1
48,4,2,0.76826,0.966302,1
48,4,3,0.764787,0.965754,1
48,4,4,0.768446,0.966634,1
48,4,5,0.488495,0.870887,1
48,4,6,0.505968,0.878893,1
48,4,7,0.764001,0.965806,1
48,4,8,0.765617,0.965953,1
48,4,9,0.475895,0.86344,0
48,5,0,0.792097,0.970805,1
48,5,1,0.785503,0.96975,1
48,5,2,0.792227,0.970904,1
48,5,3,0.789931,0.970611,1
48,5,4,0.792451,0.971198,1
48,5,5,0.530977,0.890534,1
48,5,6,0.548379,0.897478,1
48,5,7,0.789436,0.9707,1
48,5,8,0.790619,0.970765,1
48,5,9,0.51883,0.884327,0
48,6,0,0.811887,0.974367,1
48,6,1,0.806987,0.973671,1
48,6,2,0.811858,0.974427,1
48,6,3,0.810396,0.974296,1
48,6,4,0.812094,0.974691,1
48,6,5,0.56775,0.90532,1
48,6,6,0.584821,0.911405,1
48,6,7,0.810088,0.9744,1
48,6,8,0.810959,0.974415,1
48,6,9,0.55626,0.900095,0
48,7,0,0.828335,0.977171,1
48,7,1,0.824679,0.976713,1
48,7,2,0.828201,0.977206,1
48,7,3,0.827342,0.977179,1
48,7,4,0.828436,0.977445,1
48,7,5,0.599691,0.916774,1
48,7,6,0.61629,0.922163,1
48,7,7,0.827157,0.97729,1
48,7,8,0.827799,0.977272,1
48,7,9,0.588915,0.912317,0
48,8,0,0.842204,0.979434,1
48,8,1,0.839478,0.979138,1
48,8,2,0.842,0.979453,1
48,8,3,0.841582,0.979493,1
48,8,4,0.842228,0.979669,1
48,8,5,0.627576,0.925868,1
48,8,6,0.643634,0.930689,1
48,8,7,0.841483,0.979604,1
48,8,8,0.841952,0.979566,1
48,8,9,0.617507,0.922015,0
48,9,0,0.854047,0.981295,1
48,9,1,0.852027,0.981112,1
48,9,2,0.853795,0.981301,1
48,9,3,0.853705,0.98139,1
48,9,4,0.854013,0.981501,1
48,9,5,0.652063,0.933242,1
48,9,6,0.667552,0.937594,1
48,9,7,0.853665,0.9815,1
48,9,8,0.854003,0.981449,1
48,9,9,0.642659,0.92987,0
48,10,0,0.864269,0.982852,1
48,10,1,0.862794,0.982751,1
48,10,2,0.863985,0.982851,1
48,10,3,0.864142,0.982972,1
48,10,4,0.864193,0.983035,1
48,10,5,0.673694,0.939329,1
48,10,6,0.688611,0.943289,1
48,10,7,0.864143,0.983078,1
48,10,8,0.864381,0.983018,1
48,10,9,0.664903,0.936345,0
48,11,0,0.873178,0.984174,1
48,11,1,0.872129,0.984134,1
48,11,2,0.872873,0.984167,1
48,11,3,0.873217,0.984309,1
48,11,4,0.87307,0.984338,1
48,11,5,0.692912,0.94443,1
48,11,6,0.707269,0.948059,1
48,11,7,0.873247,0.984411,1
48,11,8,0.873407,0.984346,1
48,11,9,0.684681,0.941764,0
48,12,0,0.881009,0.98531,1
48,12,1,0.880296,0.985314,1
48,12,2,0.88069,0.985299,1
48,12,3,0.881176,0.985455,1
48,12,4,0.880876,0.985457,1
48,12,5,0.71008,0.948762,1
48,12,6,0.723898,0.952109,1
48,12,7,0.881227,0.985553,1
48,12,8,0.881325,0.985485,1
48,12,9,0.702357,0.94636,0
48,13,0,0.887943,0.986295,1
48,13,1,0.887498,0.986333,1
48,13,2,0.887617,0.986282,1
48,13,3,0.88821,0.986447,1
48,13,4,0.887792,0.986429,1
48,13,5,0.725498,0.952484,1
48,13,6,0.7388,0.955587,1
48,13,7,0.888277,0.986541,1
48,13,8,0.888325,0.98647,1
48,13,9,0.718235,0.950302,0
48,14,0,0.894125,0.987159,1
48,14,1,0.893895,0.987222,1
48,14,2,0.893795,0.987143,1
48,14,3,0.894471,0.987314,1
48,14,4,0.89396,0.987281,1
48,14,5,0.73941,0.955714,1
48,14,6,0.752222,0.958605,1
48,14,7,0.894549,0.987404,1
48,14,8,0.894557,0.987332,1
48,14,9,0.732563,0.953719,0
48,15,0,0.89967,0.987921,1
48,15,1,0.899614,0.988003,1
48,15,2,0.899338,0.987904,1
48,15,3,0.900077,0.988078,1
48,15,4,0.899495,0.988034,1
48,15,5,0.75202,0.958542,1
48,15,6,0.764368,0.961246,1
48,15,7,0.900163,0.988164,1
48,15,8,0.90014,0.988093,1
48,15,9,0.745552,0.956707,0
48,16,0,0.90467,0.988599,1
48,16,1,0.904756,0.988696,1
48,16,2,0.904339,0.988581,1
48,16,3,0.905125,0.988756,1
48,16,4,0.904487,0.988703,1
48,16,5,0.763498,0.961038,1
48,16,6,0.775409,0.963577,1
48,16,7,0.905217,0.988839,1
48,16,8,0.905168,0.988768,1
48,16,9,0.757373,0.959341,0
48,17,0,0.909201,0.989205,1
48,17,1,0.909403,0.989314,1
48,17,2,0.908873,0.989187,1
48,17,3,0.909695,0.989362,1
48,17,4,0.909013,0.989303,1
48,17,5,0.773986,0.963255,1
48,17,6,0.785484,0.965648,1
48,17,7,0.90979,0.989441,1
48,17,8,0.90972,0.989371,1
48,17,9,0.768174,0.961679,0
48,18,0,0.913326,0.989751,1
48,18,1,0.913623,0.989868,1
48,18,2,0.913002,0.989733,1
48,18,3,0.913849,0.989907,1
48,18,4,0.913135,0.989842,1
48,18,5,0.783605,0.965238,1
48,18,6,0.794714,0.967501,1
48,18,7,0.913947,0.989983,1
48,18,8,0.91386,0.989912,1
48,18,9,0.778078,0.963768,0
48,19,0,0.917097,0.990245,1
48,19,1,0.917472,0.990368,1
48,19,2,0.916777,0.990226,1
48,19,3,0.917643,0.990399,1
48,19,4,0.916903,0.99033,1
48,19,5,0.792455,0.967022,1
48,19,6,0.803197,0.969166,1
48,19,7,0.917742,0.990472,1
48,19,8,0.917641,0.990404,1
48,19,9,0.787189,0.965645,0
49,0,0,0.586538,0.916434,1
49,0,1,0.587458,0.916599,1
49,0,2,0.584068,0.911356,1
49,0,3,0.584623,0.915484,1
49,0,4,0.584562,0.914761,1
49,0,5,0.586807,0.916535,1
49,0,6,0.587023,0.916559,1
49,0,7,0.587279,0.916098,1
49,0,8,0.586766,0.916536,1
49,0,9,0.400796,0.744516,0
49,1,0,0.651443,0.938213,1
49,1,1,0.652701,0.938662,1
49,1,2,0.649446,0.936825,1
49,1,3,0.650023,0.937867,1
49,1,4,0.650815,0.938164,1
49,1,5,0.652096,0.938338,1
49,1,6,0.652472,0.938608,1
49,1,7,0.652139,0.938366,1
49,1,8,0.651841,0.938284,1
49,1,9,0.309305,0.735122,0
49,2,0,0.700499,0.951505,1
49,2,1,0.701672,0.951846,1
49,2,2,0.698999,0.95051,1
49,2,3,0.699488,0.951323,1
49,2,4,0.700453,0.951601,1
49,2,5,0.701181,0.951614,1
49,2,6,0.701553,0.951828,1
49,2,7,0.701064,0.951598,1
49,2,8,0.700892,0.951562,1
49,2,9,0.368029,0.791074,0
49,3,0,0.738306,0.960297,1
49,3,1,0.739292,0.960548,1
49,3,2,0.737212,0.959552,1
49,3,3,0.737601,0.960204,1
49,3,4,0.738515,0.96043,1
49,3,5,0.738913,0.960376,1
49,3,6,0.739236,0.960545,1
49,3,7,0.738743,0.960351,1
49,3,8,0.738646,0.960335,1
49,3,9,0.422776,0.831437,0
49,4,0,0.768095,0.966488,1
49,4,1,0.768892,0.966673,1
49,4,2,0.767312,0.965907,1
49,4,3,0.767613,0.966447,1
49,4,4,0.768412,0.966625,1
49,4,5,0.768606,0.966542,1
49,4,6,0.768873,0.966678,1
49,4,7,0.768425,0.966516,1
49,4,8,0.768376,0.966513,1
49,4,9,0.471851,0.860531,0
49,5,0,0.792059,0.971061,1
49,5,1,0.792691,0.971198,1
49,5,2,0.791509,0.970593,1
49,5,3,0.791738,0.971051,1
49,5,4,0.792415,0.97119,1
49,5,5,0.792479,0.971095,1
49,5,6,0.792696,0.971206,1
49,5,7,0.792304,0.971072,1
49,5,8,0.792287,0.971075,1
49,5,9,0.515034,0.881955,0
49,6,0,0.811696,0.974565,1
49,6,1,0.812192,0.974668,1
49,6,2,0.811321,0.974179,1
49,6,3,0.811494,0.974574,1
49,6,4,0.812059,0.974683,1
49,6,5,0.812037,0.974585,1
49,6,6,0.812211,0.974678,1
49,6,7,0.811874,0.974565,1
49,6,8,0.811878,0.974571,1
49,6,9,0.55278,0.898144,0
49,7,0,0.82805,0.97733,1
49,7,1,0.828435,0.977408,1
49,7,2,0.827806,0.977004,1
49,7,3,0.827934,0.977352,1
49,7,4,0.828403,0.977438,1
49,7,5,0.828324,0.97734,1
49,7,6,0.828462,0.977418,1
49,7,7,0.828176,0.977323,1
49,7,8,0.828194,0.977331,1
49,7,9,0.58576,0.91069,0
49,8,0,0.84186,0.979565,1
49,8,1,0.842156,0.979623,1
49,8,2,0.841717,0.979285,1
49,8,3,0.84181,0.979594,1
49,8,4,0.842197,0.979663,1
49,8,5,0.84208,0.979567,1
49,8,6,0.842189,0.979634,1
49,8,7,0.841946,0.979553,1
49,8,8,0.841974,0.979562,1
49,8,9,0.614655,0.920661,0
49,9,0,0.853666,0.981406,1
49,9,1,0.85389,0.98145,1
49,9,2,0.853601,0.981163,1
49,9,3,0.853665,0.98144,1
49,9,4,0.853985,0.981495,1
49,9,5,0.853842,0.981403,1
49,9,6,0.853927,0.981461,1
49,9,7,0.853721,0.981391,1
49,9,8,0.853755,0.9814,1
49,9,9,0.640086,0.92869,0
49,10,0,0.863868,0.982948,1
49,10,1,0.864033,0.982982,1
49,10,2,0.863862,0.982734,1
49,10,3,0.863904,0.982985,1
49,10,4,0.864167,0.98303,1
49,10,5,0.864006,0.982941,1
49,10,6,0.864072,0.982992,1
49,10,7,0.863898,0.982931,1
49,10,8,0.863936,0.98294,1
49,10,9,0.662578,0.93532,0
49,11,0,0.872766,0.984258,1
49,11,1,0.872883,0.984283,1
49,11,2,0.872806,0.984067,1
49,11,3,0.872831,0.984297,1
49,11,4,0.873046,0.984333,1
49,11,5,0.872874,0.984248,1
49,11,6,0.872924,0.984293,1
49,11,7,0.872776,0.984239,1
49,11,8,0.872817,0.984249,1
49,11,9,0.682576,0.940865,0
49,12,0,0.880592,0.985384,1
49,12,1,0.88067,0.985402,1
49,12,2,0.880668,0.985212,1
49,12,3,0.880679,0.985424,1
49,12,4,0.880854,0.985453,1
49,12,5,0.880675,0.985371,1
49,12,6,0.880711,0.985412,1
49,12,7,0.880586,0.985364,1
49,12,8,0.880629,0.985373,1
49,12,9,0.700445,0.945563,0
49,13,0,0.887526,0.986362,1
49,13,1,0.887572,0.986375,1
49,13,2,0.887631,0.986206,1
49,13,3,0.88763,0.986402,1
49,13,4,0.887772,0.986426,1
49,13,5,0.887588,0.986347,1
49,13,6,0.887614,0.986384,1
49,13,7,0.887508,0.986341,1
49,13,8,0.887552,0.986351,1
49,13,9,0.716493,0.94959,0
49,14,0,0.893711,0.987218,1
49,14,1,0.893731,0.987227,1
49,14,2,0.893839,0.987077,1
49,14,3,0.893828,0.987259,1
49,14,4,0.893942,0.987278,1
49,14,5,0.893756,0.987203,1
49,14,6,0.893772,0.987236,1
49,14,7,0.893683,0.987198,1
49,14,8,0.893728,0.987207,1
49,14,9,0.730972,0.953078,0
49,15,0,0.899261,0.987975,1
49,15,1,0.899259,0.98798,1
49,15,2,0.899406,0.987845,1
49,15,3,0.899388,0.988016,1
49,15,4,0.899477,0.988031,1
49,15,5,0.899291,0.987959,1
49,15,6,0.8993,0.987989,1
49,15,7,0.899225,0.987954,1
49,15,8,0.89927,0.987963,1
49,15,9,0.744092,0.956125,0
49,16,0,0.904268,0.988648,1
49,16,1,0.904248,0.988651,1
49,16,2,0.904427,0.988528,1
49,16,3,0.904402,0.988688,1
49,16,4,0.904471,0.9887,1
49,16,5,0.904285,0.988631,1
49,16,6,0.904287,0.988659,1
49,16,7,0.904225,0.988628,1
49,16,8,0.90427,0.988636,1
49,16,9,0.756031,0.95881,0
49,17,0,0.908807,0.989251,1
49,17,1,0.908771,0.989251,1
49,17,2,0.908976,0.98914,1
49,17,3,0.908947,0.989291,1
49,17,4,0.908998,0.9893,1
49,17,5,0.908813,0.989234,1
49,17,6,0.90881,0.989259,1
49,17,7,0.908758,0.98923,1
49,17,8,0.908803,0.989239,1
49,17,9,0.766936,0.961192,0
49,18,0,0.91294,0.989794,1
49,18,1,0.912891,0.989792,1
49,18,2,0.913118,0.98969,1
49,18,3,0.913084,0.989833,1
49,18,4,0.913121,0.98984,1
49,18,5,0.912938,0.989776,1
49,18,6,0.91293,0.9898,1
49,18,7,0.912887,0.989773,1
49,18,8,0.912932,0.989781,1
49,18,9,0.776933,0.963318,0
49,19,0,0.916719,0.990285,1
49,19,1,0.91666,0.990281,1
49,19,2,0.916903,0.990187,1
49,19,3,0.916866,0.990323,1
49,19,4,0.91689,0.990328,1
49,19,5,0.916709,0.990267,1
49,19,6,0.916698,0.990289,1
49,19,7,0.916662,0.990264,1
49,19,8,0.916707,0.990272,1
49,19,9,0.786127,0.965228,0
0,0,0,0.400025,0.674949,1
0,0,1,0.400016,0.197235,1
0,0,2,0.400016,0.469338,1
0,0,3,0.400016,0.570191,1
0,0,4,0.400016,0.537189,1
0,0,5,0.400016,0.0314219,1
0,0,6,0.400016,0.000112254,1
0,0,7,0.400016,0.711473,1
0,0,8,0.400016,0.0341174,1
0,0,9,0.400016,0.372941,0
0,1,0,0.308462,0.731737,1
0,1,1,0.281588,0.694748,1
0,1,2,0.288995,0.703482,1
0,1,3,0.300355,0.719488,1
0,1,4,0.249609,0.642362,1
0,1,5,0.222474,0.536644,1
0,1,6,0.222229,0.206013,1
0,1,7,0.22223,0.522699,1
0,1,8,0.222229,0.153794,1
0,1,9,0.314065,0.742794,0
0,2,0,0.370238,0.793904,1
0,2,1,0.328644,0.751373,1
0,2,2,0.34772,0.771455,1
0,2,3,0.352944,0.774992,1
0,2,4,0.174244,0.512521,1
0,2,5,0.154677,0.441732,1
0,2,6,0.153851,0.129626,1
0,2,7,0.153851,0.377035,1
0,2,8,0.153851,0.0804396,1
0,2,9,0.374781,0.79859,0
0,3,0,0.426032,0.834211,1
0,3,1,0.379002,0.796466,1
0,3,2,0.403968,0.816814,1
0,3,3,0.405351,0.816737,1
0,3,4,0.134546,0.433731,1
0,3,5,0.118485,0.364101,1
0,3,6,0.117651,0.0965335,1
0,3,7,0.117651,0.305906,1
0,3,8,0.117651,0.0596147,1
0,3,9,0.429535,0.837418,0
0,4,0,0.475428,0.863457,1
0,4,1,0.438176,0.842213,1
0,4,2,0.457911,0.853547,1
0,4,3,0.459747,0.854198,1
0,4,4,0.106483,0.348867,1
0,4,5,0.0957745,0.287964,1
0,4,6,0.0952415,0.124292,1
0,4,7,0.0952416,0.255463,1
0,4,8,0.0952415,0.0666955,1
0,4,9,0.477726,0.864935,0
0,5,0,0.518459,0.884871,1
0,5,1,0.489652,0.87093,1
0,5,2,0.505228,0.87885,1
0,5,3,0.506848,0.87942,1
0,5,4,0.0876435,0.274305,1
0,5,5,0.0803571,0.241725,1
0,5,6,0.0800033,0.132902,1
0,5,7,0.0800034,0.202852,1
0,5,8,0.0800033,0.0572805,1
0,5,9,0.519749,0.885137,0
0,6,0,0.555777,0.900497,1
0,6,1,0.533859,0.891387,1
0,6,2,0.545993,0.89669,1
0,6,3,0.547419,0.897104,1
0,6,4,0.0744674,0.239728,1
0,6,5,0.0692148,0.209515,1
0,6,6,0.0689688,0.112957,1
0,6,7,0.0689688,0.174517,1
0,6,8,0.0689688,0.0480538,1
0,6,9,0.556341,0.900431,0
0,7,0,0.588246,0.912583,1
0,7,1,0.571842,0.906582,1
0,7,2,0.581198,0.910202,1
0,7,3,0.582457,0.910512,1
0,7,4,0.0647347,0.206309,1
0,7,5,0.0602491,0.17843,1
0,7,6,0.0600283,0.0944557,1
0,7,7,0.0600283,0.147612,1
0,7,8,0.0600283,0.0397076,1
0,7,9,0.588283,0.912332,0
0,8,0,0.616635,0.92217,1
0,8,1,0.604621,0.918234,1
0,8,2,0.611754,0.920734,1
0,8,3,0.61287,0.920972,1
0,8,4,0.0563229,0.174999,1
0,8,5,0.0523795,0.149872,1
0,8,6,0.052182,0.0780328,1
0,8,7,0.052182,0.123205,1
0,8,8,0.052182,0.0324625,1
0,8,9,0.616289,0.921812,0
0,9,0,0.641599,0.929936,1
0,9,1,0.633078,0.927413,1
0,9,2,0.638435,0.929145,1
0,9,3,0.63943,0.929331,1
0,9,4,0.0489469,0.146273,1
0,9,5,0.0454879,0.123958,1
0,9,6,0.045312,0.0635843,1
0,9,7,0.045312,0.101312,1
0,9,8,0.045312,0.026212,1
0,9,9,0.640971,0.929519,0
0,10,0,0.663677,0.936342,1
0,10,1,0.657945,0.934809,1
0,10,2,0.661878,0.936,1
0,10,3,0.662771,0.936147,1
0,10,4,0.0424933,0.120263,1
0,10,5,0.0394653,0.100756,1
0,10,6,0.0393091,0.0509994,1
0,10,7,0.0393091,0.0819131,1
0,10,8,0.0393091,0.0208592,1
0,10,9,0.662842,0.935894,0
0,11,0,0.683314,0.941708,1
0,11,1,0.679817,0.940883,1
0,11,2,0.682606,0.941684,1
0,11,3,0.683411,0.941802,1
0,11,4,0.0368576,0.0970469,1
0,11,5,0.0342115,0.0802878,1
0,11,6,0.0340733,0.040164,1
0,11,7,0.0340733,0.0649593,1
0,11,8,0.0340733,0.0163174,1
0,11,9,0.682327,0.941246,0
0,12,0,0.700875,0.946263,1
0,12,1,0.699177,0.945953,1
0,12,2,0.70104,0.946467,1
0,12,3,0.70177,0.946563,1
0,12,4,0.0319444,0.0766582,1
0,12,5,0.0296355,0.0625353,1
0,12,6,0.0295136,0.0309632,1
0,12,7,0.0295136,0.0503765,1
0,12,8,0.0295136,0.0125082,1
0,12,9,0.699776,0.945798,0
0,13,0,0.716659,0.950175,1
0,13,1,0.716416,0.950243,1
0,13,2,0.717527,0.950544,1
0,13,3,0.718192,0.950623,1
0,13,4,0.0276673,0.0590824,1
0,13,5,0.0256553,0.0474401,1
0,13,6,0.0255481,0.0232808,1
0,13,7,0.0255481,0.0380666,1
0,13,8,0.0255481,0.00936051,1
0,13,9,0.715479,0.949713,0
0,14,0,0.730913,0.953569,1
0,14,1,0.731851,0.953918,1
0,14,2,0.732348,0.954058,1
0,14,3,0.732957,0.954123,1
0,14,4,0.0239486,0.0442585,1
0,14,5,0.0221974,0.0349024,1
0,14,6,0.0221035,0.0169978,1
0,14,7,0.0221035,0.0279072,1
0,14,8,0.0221035,0.00680812,1
0,14,9,0.729675,0.953113,0
0,15,0,0.743843,0.95654,1
0,15,1,0.745742,0.957099,1
0,15,2,0.745736,0.957116,1
0,15,3,0.746296,0.95717,1
0,15,4,0.0207192,0.0320751,1
0,15,5,0.0191964,0.0247772,1
0,15,6,0.0191144,0.0119887,1
0,15,7,0.0191144,0.0197479,1
0,15,8,0.0191144,0.00478723,1
0,15,9,0.742564,0.956093,0
0,16,0,0.75562,0.95916,1
0,16,1,0.758304,0.959878,1
0,16,2,0.757884,0.9598,1
0,16,3,0.7584,0.959845,1
0,16,4,0.0179172,0.0223669,1
0,16,5,0.0165943,0.0168711,1
0,16,6,0.0165229,0.00811863,1
0,16,7,0.0165229,0.013407,1
0,16,8,0.0165229,0.00323425,1
0,16,9,0.754314,0.958725,0
0,17,0,0.766389,0.961488,1
0,17,1,0.769714,0.962325,1
0,17,2,0.768952,0.962174,1
0,17,3,0.769431,0.962212,1
0,17,4,0.0154881,0.0149115,1
0,17,5,0.0143397,0.0109415,1
0,17,6,0.0142778,0.00524089,1
0,17,7,0.0142778,0.00867115,1
0,17,8,0.0142778,0.00208419,1
0,17,9,0.765066,0.961064,0
0,18,0,0.776269,0.96357,1
0,18,1,0.78012,0.964496,1
0,18,2,0.779076,0.964288,1
0,18,3,0.77952,0.96432,1
0,18,4,0.0133839,0.00943302,1
0,18,5,0.0123877,0.00670362,1
0,18,6,0.0123341,0.00319816,1
0,18,7,0.0123341,0.00529854,1
0,18,8,0.0123341,0.00127027,1
0,18,9,0.774938,0.963158,0
0,19,0,0.785366,0.965442,1
0,19,1,0.789647,0.966435,1
0,19,2,0.788368,0.966182,1
0,19,3,0.788782,0.966209,1
0,19,4,0.0115622,0.00561289,1
0,19,5,0.0106987,0.00384324,1
0,19,6,0.0106523,0.00182696,1
0,19,7,0.0106523,0.00302954,1
0,19,8,0.0106523,0.000725046,1
0,19,9,0.784032,0.965041,0
1,0,0,0.583569,0.913498,1
1,0,1,0.578673,0.911214,1
1,0,2,0.581474,0.914208,1
1,0,3,0.585506,0.915648,1
1,0,4,0.267054,0.638024,1
1,0,5,0.250331,0.567314,1
1,0,6,0.250007,0.293704,1
1,0,7,0.250016,0.548157,1
1,0,8,0.250007,0.143596,1
1,0,9,0.499122,0.862341,0
1,1,0,0.647289,0.935335,1
1,1,1,0.646964,0.937101,1
1,1,2,0.646063,0.936538,1
1,1,3,0.649324,0.937279,1
1,1,4,0.17426,0.463899,1
1,1,5,0.166799,0.411881,1
1,1,6,0.166673,0.272664,1
1,1,7,0.166676,0.396629,1
1,1,8,0.166673,0.0821376,1
1,1,9,0.35617,0.780472,0
1,2,0,0.696763,0.949375,1
1,2,1,0.697845,0.95104,1
1,2,2,0.696364,0.950603,1
1,2,3,0.698365,0.950643,1
1,2,4,0.129343,0.377936,1
1,2,5,0.125056,0.316589,1
1,2,6,0.125006,0.214624,1
1,2,7,0.125007,0.321807,1
1,2,8,0.125006,0.0688146,1
1,2,9,0.42103,0.83101,0
1,3,0,0.735775,0.959249,1
1,3,1,0.734564,0.958411,1
1,3,2,0.7352,0.95972,1
1,3,3,0.736988,0.960074,1
1,3,4,0.104792,0.342659,1
1,3,5,0.100146,0.304209,1
1,3,6,0.100005,0.109816,1
1,3,7,0.100006,0.268438,1
1,3,8,0.100005,0.0430795,1
1,3,9,0.477476,0.864675,0
1,4,0,0.766522,0.966183,1
1,4,1,0.765663,0.965794,1
1,4,2,0.766172,0.966164,1
1,4,3,0.76735,0.966361,1
1,4,4,0.0864678,0.269667,1
1,4,5,0.0834592,0.255125,1
1,4,6,0.0833385,0.1222,1
1,4,7,0.0833385,0.210955,1
1,4,8,0.0833385,0.0366155,1
1,4,9,0.525736,0.888022,0
1,5,0,0.79111,0.970895,1
1,5,1,0.790497,0.970595,1
1,5,2,0.790908,0.970902,1
1,5,3,0.791668,0.971007,1
1,5,4,0.0735949,0.235863,1
1,5,5,0.0715381,0.222321,1
1,5,6,0.0714336,0.104036,1
1,5,7,0.0714334,0.182337,1
1,5,8,0.0714336,0.0307282,1
1,5,9,0.5669,0.904937,0
1,6,0,0.811166,0.974483,1
1,6,1,0.810729,0.974244,1
1,6,2,0.811065,0.974505,1
1,6,3,0.811531,0.974553,1
1,6,4,0.0640566,0.202954,1
1,6,5,0.0623063,0.190156,1
1,6,6,0.0621948,0.0870202,1
1,6,7,0.0621947,0.154734,1
1,6,8,0.0621948,0.0253641,1
1,6,9,0.602135,0.91765,0
1,7,0,0.827807,0.977301,1
1,7,1,0.827499,0.977105,1
1,7,2,0.827776,0.977331,1
1,7,3,0.828032,0.977343,1
1,7,4,0.0557869,0.172168,1
1,7,5,0.0541962,0.160463,1
1,7,6,0.0540816,0.0719571,1
1,7,7,0.0540814,0.129619,1
1,7,8,0.0540816,0.020732,1
1,7,9,0.632481,0.927499,0
1,8,0,0.841819,0.979569,1
1,8,1,0.841607,0.979405,1
1,8,2,0.841837,0.979604,1
1,8,3,0.841942,0.979592,1
1,8,4,0.0485295,0.143938,1
1,8,5,0.0470887,0.133387,1
1,8,6,0.0469738,0.0587311,1
1,8,7,0.0469737,0.107019,1
1,8,8,0.0469738,0.0167518,1
1,8,9,0.658798,0.935326,0
1,9,0,0.853769,0.981432,1
1,9,1,0.85363,0.981293,1
1,9,2,0.853822,0.98147,1
1,9,3,0.853815,0.981442,1
1,9,4,0.0421743,0.118387,1
1,9,5,0.040873,0.109021,1
1,9,6,0.0407601,0.0472237,1
1,9,7,0.04076,0.0869259,1
1,9,8,0.0407601,0.0133531,1
1,9,9,0.681786,0.941681,0
1,10,0,0.864074,0.982989,1
1,10,1,0.863991,0.982869,1
1,10,2,0.864153,0.983029,1
1,10,3,0.864062,0.982989,1
1,10,4,0.0366193,0.0955852,1
1,10,5,0.0354472,0.0874098,1
1,10,6,0.0353381,0.0373175,1
1,10,7,0.035338,0.0692979,1
1,10,8,0.0353381,0.010474,1
1,10,9,0.702004,0.946933,0
1,11,0,0.873047,0.984309,1
1,11,1,0.873007,0.984203,1
1,11,2,0.873144,0.984349,1
1,11,3,0.872991,0.984302,1
1,11,4,0.0317718,0.075561,1
1,11,5,0.0307186,0.0685562,1
1,11,6,0.0306145,0.0288974,1
1,11,7,0.0306144,0.0540678,1
1,11,8,0.0306145,0.00806008,1
1,11,9,0.719903,0.951341,0
1,12,0,0.880928,0.985441,1
1,12,1,0.880921,0.985348,1
1,12,2,0.881038,0.985481,1
1,12,3,0.880837,0.98543,1
1,12,4,0.0275477,0.0582964,1
1,12,5,0.0266033,0.0524198,1
1,12,6,0.0265051,0.0218511,1
1,12,7,0.026505,0.0411444,1
1,12,8,0.0265051,0.00606305,1
1,12,9,0.735846,0.955091,0
1,13,0,0.887901,0.986423,1
1,13,1,0.887921,0.98634,1
1,13,2,0.888021,0.986463,1
1,13,3,0.887785,0.986408,1
1,13,4,0.0238713,0.0437288,1
1,13,5,0.0230262,0.038917,1
1,13,6,0.0229344,0.0160668,1
1,13,7,0.0229344,0.0304118,1
1,13,8,0.0229344,0.00443913,1
1,13,9,0.750125,0.958316,0
1,14,0,0.894115,0.987283,1
1,14,1,0.894155,0.987208,1
1,14,2,0.894241,0.987322,1
1,14,3,0.893978,0.987265,1
1,14,4,0.0206752,0.0317475,1
1,14,5,0.0199203,0.0279178,1
1,14,6,0.0198352,0.0114303,1
1,14,7,0.0198351,0.0217272,1
1,14,8,0.0198352,0.00314738,1
1,14,9,0.762982,0.961118,0
1,15,0,0.899685,0.988041,1
1,15,1,0.899742,0.987973,1
1,15,2,0.899816,0.988079,1
1,15,3,0.899532,0.988021,1
1,15,4,0.0178992,0.0221893,1
1,15,5,0.0172259,0.0192417,1
1,15,6,0.0171476,0.00782169,1
1,15,7,0.0171475,0.0149169,1
1,15,8,0.0171476,0.00214806,1
1,15,9,0.774614,0.963574,0
1,16,0,0.904705,0.988715,1
1,16,1,0.904775,0.988653,1
1,16,2,0.904839,0.988752,1
1,16,3,0.904541,0.988694,1
1,16,4,0.01549,0.0148369,1
1,16,5,0.0148904,0.0126567,1
1,16,6,0.0148188,0.00511276,1
1,16,7,0.0148188,0.0097749,1
1,16,8,0.0148188,0.00140134,1
1,16,9,0.785183,0.965744,0
1,17,0,0.909253,0.989318,1
1,17,1,0.909334,0.989261,1
1,17,2,0.909389,0.989354,1
1,17,3,0.90908,0.989295,1
1,17,4,0.0134007,0.00942151,1
1,17,5,0.0128674,0.00788325,1
1,17,6,0.0128024,0.00316675,1
1,17,7,0.0128024,0.00606522,1
1,17,8,0.0128024,0.000866736,1
1,17,9,0.794827,0.967674,0
1,18,0,0.913392,0.98986,1
1,18,1,0.913481,0.989808,1
1,18,2,0.913528,0.989896,1
1,18,3,0.913211,0.989837,1
1,18,4,0.0115899,0.00563318,1
1,18,5,0.0111161,0.00460711,1
1,18,6,0.0110574,0.00184114,1
1,18,7,0.0110574,0.00353061,1
1,18,8,0.0110574,0.000503434,1
1,18,9,0.803659,0.969401,0
1,19,0,0.917173,0.990351,1
1,19,1,0.917269,0.990302,1
1,19,2,0.91731,0.990385,1
1,19,3,0.916988,0.990327,1
1,19,4,0.0100213,0.00313982,1
1,19,5,0.00960089,0.00249949,1
1,19,6,0.00954822,0.000993854,1
1,19,7,0.0095482,0.00190732,1
1,19,8,0.00954822,0.000271588,1
1,19,9,0.811777,0.970956,0
2,0,0,0.586542,0.91594,1
2,0,1,0.578654,0.911713,1
2,0,2,0.584904,0.914885,1
2,0,3,0.57929,0.911816,1
2,0,4,0.35649,0.781029,1
2,0,5,0.349573,0.772452,1
2,0,6,0.352466,0.776683,1
2,0,7,0.352553,0.776632,1
2,0,8,0.347049,0.772841,1
2,0,9,0.432657,0.803264,0
2,1,0,0.651551,0.937957,1
2,1,1,0.646293,0.93651,1
2,1,2,0.650972,0.93804,1
2,1,3,0.647322,0.937062,1
2,1,4,0.420712,0.828567,1
2,1,5,0.41636,0.827955,1
2,1,6,0.417494,0.828886,1
2,1,7,0.416976,0.827965,1
2,1,8,0.41317,0.824305,1
2,1,9,0.32331,0.748481,0
2,2,0,0.700626,0.951307,1
2,2,1,0.697157,0.950567,1
2,2,2,0.700518,0.951482,1
2,2,3,0.698149,0.950995,1
2,2,4,0.476839,0.86238,1
2,2,5,0.47425,0.862989,1
2,2,6,0.474427,0.863203,1
2,2,7,0.473704,0.862349,1
2,2,8,0.471171,0.860152,1
2,2,9,0.386417,0.805033,0
2,3,0,0.738425,0.960132,1
2,3,1,0.736154,0.959753,1
2,3,2,0.738533,0.960322,1
2,3,3,0.737002,0.960082,1
2,3,4,0.525032,0.886038,1
2,3,5,0.52363,0.887134,1
2,3,6,0.523317,0.887092,1
2,3,7,0.522578,0.886371,1
2,3,8,0.520965,0.884971,1
2,3,9,0.443403,0.844116,0
2,4,0,0.768199,0.966346,1
2,4,1,0.766741,0.966165,1
2,4,2,0.768405,0.966528,1
2,4,3,0.767435,0.966421,1
2,4,4,0.566244,0.903241,1
2,4,5,0.565643,0.904513,1
2,4,6,0.565094,0.904384,1
2,4,7,0.564417,0.90379,1
2,4,8,0.563464,0.902852,1
2,4,9,0.49332,0.871592,0
2,5,0,0.792147,0.970936,1
2,5,1,0.79125,0.97087,1
2,5,2,0.792394,0.971103,1
2,5,3,0.791807,0.971072,1
2,5,4,0.601574,0.916191,1
2,5,5,0.601519,0.917501,1
2,5,6,0.600868,0.917351,1
2,5,7,0.600282,0.916862,1
2,5,8,0.599801,0.916208,1
2,5,9,0.536532,0.891536,0
2,6,0,0.811769,0.974453,1
2,6,1,0.811267,0.974457,1
2,6,2,0.81203,0.974606,1
2,6,3,0.811711,0.97462,1
2,6,4,0.632024,0.926232,1
2,6,5,0.632346,0.92752,1
2,6,6,0.631665,0.927374,1
2,6,7,0.631173,0.926966,1
2,6,8,0.631035,0.926495,1
2,6,9,0.573862,0.906484,0
2,7,0,0.828109,0.977228,1
2,7,1,0.827891,0.977276,1
2,7,2,0.82837,0.977367,1
2,7,3,0.828242,0.97741,1
2,7,4,0.658444,0.934214,1
2,7,5,0.659027,0.935453,1
2,7,6,0.658353,0.935319,1
2,7,7,0.657951,0.934977,1
2,7,8,0.658062,0.934629,1
2,7,9,0.606197,0.918016,0
2,8,0,0.841909,0.979471,1
2,8,1,0.841896,0.979547,1
2,8,2,0.842163,0.979598,1
2,8,3,0.842171,0.979659,1
2,8,4,0.681525,0.940694,1
2,8,5,0.682289,0.941875,1
2,8,6,0.681642,0.941756,1
2,8,7,0.681319,0.941465,1
2,8,8,0.681612,0.941202,1
2,8,9,0.634343,0.927139,0
2,9,0,0.853706,0.98132,1
2,9,1,0.853844,0.981413,1
2,9,2,0.853949,0.981436,1
2,9,3,0.854058,0.981507,1
2,9,4,0.701825,0.94605,1
2,9,5,0.702716,0.94717,1
2,9,6,0.702104,0.947066,1
2,9,7,0.70185,0.946815,1
2,9,8,0.702278,0.946614,1
2,9,9,0.658987,0.93451,0
2,10,0,0.8639,0.982868,1
2,10,1,0.864149,0.982972,1
2,10,2,0.864131,0.982975,1
2,10,3,0.864314,0.983053,1
2,10,4,0.719794,0.950544,1
2,10,5,0.720773,0.951606,1
2,10,6,0.7202,0.951514,1
2,10,7,0.720005,0.951297,1
2,10,8,0.720532,0.95114,1
2,10,9,0.680695,0.940577,0
2,11,0,0.872792,0.984183,1
2,11,1,0.873124,0.984295,1
2,11,2,0.873011,0.984282,1
2,11,3,0.873248,0.984364,1
2,11,4,0.735797,0.954366,1
2,11,5,0.736834,0.955371,1
2,11,6,0.736301,0.955291,1
2,11,7,0.736156,0.955101,1
2,11,8,0.736756,0.954978,1
2,11,9,0.699932,0.945649,0
2,12,0,0.880613,0.985314,1
2,12,1,0.881006,0.985429,1
2,12,2,0.88082,0.985406,1
2,12,3,0.881097,0.98549,1
2,12,4,0.750129,0.957652,1
2,12,5,0.751204,0.958606,1
2,12,6,0.750708,0.958536,1
2,12,7,0.750607,0.958368,1
2,12,8,0.75126,0.958271,1
2,12,9,0.717075,0.949947,0
2,13,0,0.887543,0.986296,1
2,13,1,0.887982,0.986413,1
2,13,2,0.887739,0.986381,1
2,13,3,0.888046,0.986466,1
2,13,4,0.763029,0.960507,1
2,13,5,0.764128,0.961412,1
2,13,6,0.763668,0.961351,1
2,13,7,0.763603,0.961201,1
2,13,8,0.764295,0.961125,1
2,13,9,0.732436,0.953631,0
2,14,0,0.893725,0.987156,1
2,14,1,0.894198,0.987274,1
2,14,2,0.893909,0.987236,1
2,14,3,0.894239,0.987321,1
2,14,4,0.774698,0.963009,1
2,14,5,0.775809,0.963869,1
2,14,6,0.775382,0.963816,1
2,14,7,0.775349,0.963682,1
2,14,8,0.776068,0.963621,1
2,14,9,0.746268,0.956823,0
2,15,0,0.899272,0.987916,1
2,15,1,0.89977,0.988034,1
2,15,2,0.899446,0.987992,1
2,15,3,0.899791,0.988076,1
2,15,4,0.785299,0.965218,1
2,15,5,0.786414,0.966038,1
2,15,6,0.786017,0.965991,1
2,15,7,0.786011,0.96587,1
2,15,8,0.786749,0.965822,1
2,15,9,0.758781,0.959613,0
2,16,0,0.904276,0.988593,1
2,16,1,0.904791,0.988709,1
2,16,2,0.904441,0.988663,1
2,16,3,0.904797,0.988747,1
2,16,4,0.794969,0.967183,1
2,16,5,0.796082,0.967965,1
2,16,6,0.795714,0.967924,1
2,16,7,0.79573,0.967814,1
2,16,8,0.79648,0.967776,1
2,16,9,0.770152,0.962071,0
2,17,0,0.908812,0.989198,1
2,17,1,0.90934,0.989313,1
2,17,2,0.908969,0.989265,1
2,17,3,0.909333,0.989347,1
2,17,4,0.803824,0.968941,1
2,17,5,0.80493,0.969689,1
2,17,6,0.804587,0.969652,1
2,17,7,0.804623,0.969552,1
2,17,8,0.80538,0.969523,1
2,17,9,0.780525,0.964253,0
2,18,0,0.912944,0.989743,1
2,18,1,0.91348,0.989856,1
2,18,2,0.913092,0.989806,1
2,18,3,0.913461,0.989887,1
2,18,4,0.81196,0.970524,1
2,18,5,0.813057,0.971239,1
2,18,6,0.812737,0.971207,1
2,18,7,0.81279,0.971115,1
2,18,8,0.81355,0.971093,1
2,18,9,0.790023,0.966202,0
2,19,0,0.916721,0.990236,1
2,19,1,0.917262,0.990347,1
2,19,2,0.916862,0.990296,1
2,19,3,0.917234,0.990375,1
2,19,4,0.819461,0.971955,1
2,19,5,0.820545,0.972641,1
2,19,6,0.820247,0.972612,1
2,19,7,0.820314,0.972528,1
2,19,8,0.821074,0.972511,1
2,19,9,0.798751,0.967953,0
3,0,0,0.585173,0.914032,1
3,0,1,0.586301,0.915543,1
3,0,2,0.585307,0.91338,1
3,0,3,0.579166,0.913283,1
3,0,4,0.581309,0.911822,1
3,0,5,0.587505,0.916477,1
3,0,6,0.587711,0.916635,1
3,0,7,0.586236,0.915101,1
3,0,8,0.584811,0.914946,1
3,0,9,0.413392,0.790467,0
3,1,0,0.651024,0.937716,1
3,1,1,0.651051,0.93712,1
3,1,2,0.650684,0.93767,1
3,1,3,0.64722,0.936656,1
3,1,4,0.648269,0.936966,1
3,1,5,0.652627,0.938394,1
3,1,6,0.652978,0.938637,1
3,1,7,0.651215,0.937396,1
3,1,8,0.65115,0.938217,1
3,1,9,0.315165,0.743064,0
3,2,0,0.700491,0.951207,1
3,2,1,0.700139,0.950652,1
3,2,2,0.700037,0.951135,1
3,2,3,0.69807,0.950676,1
3,2,4,0.698552,0.950787,1
3,2,5,0.701582,0.951644,1
3,2,6,0.701909,0.951819,1
3,2,7,0.700333,0.95089,1
3,2,8,0.700763,0.951638,1
3,2,9,0.376145,0.799298,0
3,3,0,0.738474,0.96009,1
3,3,1,0.738004,0.959596,1
3,3,2,0.73803,0.960029,1
3,3,3,0.736944,0.959827,1
3,3,4,0.737133,0.959858,1
3,3,5,0.739206,0.960379,1
3,3,6,0.739482,0.960515,1
3,3,7,0.738187,0.959793,1
3,3,8,0.738775,0.960453,1
3,3,9,0.432082,0.838865,0
3,4,0,0.768335,0.966327,1
3,4,1,0.767844,0.965898,1
3,4,2,0.767938,0.966285,1
3,4,3,0.767392,0.966206,1
3,4,4,0.767426,0.966208,1
3,4,5,0.76881,0.966522,1
3,4,6,0.769041,0.966639,1
3,4,7,0.768012,0.966058,1
3,4,8,0.768622,0.966636,1
3,4,9,0.481618,0.867006,0
3,5,0,0.792323,0.970928,1
3,5,1,0.791855,0.970555,1
3,5,2,0.791982,0.970898,1
3,5,3,0.791777,0.970889,1
3,5,4,0.791723,0.970874,1
3,5,5,0.792618,0.971068,1
3,5,6,0.792806,0.971164,1
3,5,7,0.792003,0.970692,1
3,5,8,0.792582,0.971194,1
3,5,9,0.524844,0.887559,0
3,6,0,0.811962,0.974451,1
3,6,1,0.811533,0.974124,1
3,6,2,0.811673,0.97443,1
3,6,3,0.81169,0.97446,1
3,6,4,0.811585,0.974437,1
3,6,5,0.812128,0.974554,1
3,6,6,0.812279,0.974634,1
3,6,7,0.81166,0.974242,1
3,6,8,0.81219,0.974682,1
3,6,9,0.562403,0.903018,0
3,7,0,0.828306,0.977229,1
3,7,1,0.82792,0.97694,1
3,7,2,0.828063,0.977216,1
3,7,3,0.828227,0.977268,1
3,7,4,0.828093,0.977242,1
3,7,5,0.828379,0.977307,1
3,7,6,0.8285,0.977374,1
3,7,7,0.828028,0.977044,1
3,7,8,0.828505,0.977433,1
3,7,9,0.59508,0.914969,0
3,8,0,0.842104,0.979474,1
3,8,1,0.841758,0.979216,1
3,8,2,0.8419,0.979466,1
3,8,3,0.842162,0.979531,1
3,8,4,0.842012,0.979504,1
3,8,5,0.842108,0.979533,1
3,8,6,0.842203,0.979591,1
3,8,7,0.841849,0.979307,1
3,8,8,0.842276,0.979655,1
3,8,9,0.62362,0.924433,0
3,9,0,0.853895,0.981323,1
3,9,1,0.853587,0.981091,1
3,9,2,0.853725,0.981319,1
3,9,3,0.854053,0.981392,1
3,9,4,0.853894,0.981364,1
3,9,5,0.853849,0.981369,1
3,9,6,0.853924,0.981419,1
3,9,7,0.853664,0.981173,1
3,9,8,0.854044,0.981486,1
3,9,9,0.648677,0.932086,0
3,10,0,0.864082,0.982871,1
3,10,1,0.863807,0.982661,1
3,10,2,0.86394,0.982871,1
3,10,3,0.864311,0.982948,1
3,10,4,0.86415,0.98292,1
3,10,5,0.863998,0.982907,1
3,10,6,0.864055,0.982951,1
3,10,7,0.863872,0.982735,1
3,10,8,0.864211,0.98302,1
3,10,9,0.670796,0.938386,0
3,11,0,0.872966,0.984187,1
3,11,1,0.87272,0.983994,1
3,11,2,0.872847,0.984189,1
3,11,3,0.873248,0.984267,1
3,11,4,0.873086,0.98424,1
3,11,5,0.872854,0.984215,1
3,11,6,0.872897,0.984254,1
3,11,7,0.872775,0.984062,1
3,11,8,0.873078,0.984322,1
3,11,9,0.690432,0.943653,0
3,12,0,0.880779,0.985317,1
3,12,1,0.880559,0.98514,1
3,12,2,0.88068,0.985321,1
3,12,3,0.881099,0.9854,1
3,12,4,0.880939,0.985374,1
3,12,5,0.880645,0.985339,1
3,12,6,0.880677,0.985374,1
3,12,7,0.880605,0.985202,1
3,12,8,0.880876,0.985442,1
3,12,9,0.707959,0.948117,0
3,13,0,0.887701,0.986299,1
3,13,1,0.887504,0.986135,1
3,13,2,0.887619,0.986305,1
3,13,3,0.888049,0.986382,1
3,13,4,0.887891,0.986358,1
3,13,5,0.887551,0.986316,1
3,13,6,0.887573,0.986347,1
3,13,7,0.887542,0.986192,1
3,13,8,0.887785,0.986414,1
3,13,9,0.723682,0.951943,0
3,14,0,0.893875,0.987159,1
3,14,1,0.893697,0.987007,1
3,14,2,0.893807,0.987166,1
3,14,3,0.894243,0.987243,1
3,14,4,0.894089,0.987219,1
3,14,5,0.893713,0.987172,1
3,14,6,0.893727,0.987201,1
3,14,7,0.893729,0.98706,1
3,14,8,0.893948,0.987266,1
3,14,9,0.737857,0.955258,0
3,15,0,0.899414,0.987919,1
3,15,1,0.899255,0.987777,1
3,15,2,0.899359,0.987927,1
3,15,3,0.899796,0.988002,1
3,15,4,0.899646,0.987979,1
3,15,5,0.899244,0.987929,1
3,15,6,0.899251,0.987955,1
3,15,7,0.899281,0.987827,1
3,15,8,0.899478,0.988019,1
3,15,9,0.750693,0.958155,0
3,16,0,0.904411,0.988595,1
3,16,1,0.904267,0.988462,1
3,16,2,0.904367,0.988603,1
3,16,3,0.904803,0.988677,1
3,16,4,0.904657,0.988655,1
3,16,5,0.904234,0.988602,1
3,16,6,0.904236,0.988626,1
3,16,7,0.904289,0.988508,1
3,16,8,0.904467,0.988688,1
3,16,9,0.762367,0.960707,0
3,17,0,0.908942,0.9892,1
3,17,1,0.908811,0.989076,1
3,17,2,0.908906,0.989209,1
3,17,3,0.909339,0.989281,1
3,17,4,0.909197,0.98926,1
3,17,5,0.90876,0.989206,1
3,17,6,0.908757,0.989227,1
3,17,7,0.908829,0.989119,1
3,17,8,0.90899,0.989288,1
3,17,9,0.773024,0.962972,0
3,18,0,0.913067,0.989745,1
3,18,1,0.912949,0.989627,1
3,18,2,0.913039,0.989754,1
3,18,3,0.913468,0.989824,1
3,18,4,0.91333,0.989804,1
3,18,5,0.912882,0.989749,1
3,18,6,0.912875,0.989769,1
3,18,7,0.912963,0.989668,1
3,18,8,0.913109,0.989828,1
3,18,9,0.782789,0.964995,0
3,19,0,0.916839,0.990238,1
3,19,1,0.916731,0.990127,1
3,19,2,0.916818,0.990248,1
3,19,3,0.917241,0.990316,1
3,19,4,0.917107,0.990296,1
3,19,5,0.916652,0.99024,1
3,19,6,0.916642,0.990259,1
3,19,7,0.916743,0.990165,1
3,19,8,0.916875,0.990316,1
3,19,9,0.791767,0.966812,0
4,0,0,0.587225,0.916783,1
4,0,1,0.584222,0.914922,1
4,0,2,0.586962,0.916677,1
4,0,3,0.587282,0.916474,1
4,0,4,0.585091,0.915221,1
4,0,5,0.580744,0.913653,1
4,0,6,0.585403,0.915159,1
4,0,7,0.581743,0.914402,1
4,0,8,0.587385,0.916432,1
4,0,9,0.40062,0.749951,0
4,1,0,0.65225,0.938319,1
4,1,1,0.650347,0.938025,1
4,1,2,0.652075,0.938393,1
4,1,3,0.652015,0.938021,1
4,1,4,0.651143,0.938204,1
4,1,5,0.647911,0.937118,1
4,1,6,0.651314,0.937942,1
4,1,7,0.648666,0.937519,1
4,1,8,0.652787,0.938671,1
4,1,9,0.309815,0.737236,0
4,2,0,0.701217,0.951572,1
4,2,1,0.700018,0.951496,1
4,2,2,0.701099,0.951643,1
4,2,3,0.70091,0.951314,1
4,2,4,0.700656,0.951603,1
4,2,5,0.698346,0.950954,1
4,2,6,0.70075,0.951378,1
4,2,7,0.698886,0.951218,1
4,2,8,0.7018,0.951864,1
4,2,9,0.368801,0.793111,0
4,3,0,0.738893,0.960329,1
4,3,1,0.738149,0.960355,1
4,3,2,0.738817,0.960396,1
4,3,3,0.738597,0.960118,1
4,3,4,0.738639,0.960417,1
4,3,5,0.737013,0.960008,1
4,3,6,0.738688,0.960222,1
4,3,7,0.737396,0.960199,1
4,3,8,0.739422,0.960564,1
4,3,9,0.423592,0.83309,0
4,4,0,0.76856,0.966497,1
4,4,1,0.768116,0.966572,1
4,4,2,0.768511,0.966559,1
4,4,3,0.768297,0.966321,1
4,4,4,0.768484,0.966605,1
4,4,5,0.767354,0.966341,1
4,4,6,0.768506,0.966434,1
4,4,7,0.767623,0.966483,1
4,4,8,0.769011,0.966685,1
4,4,9,0.472592,0.861869,0
4,5,0,0.79242,0.971053,1
4,5,1,0.79218,0.971152,1
4,5,2,0.792392,0.97111,1
4,5,3,0.792195,0.970905,1
4,5,4,0.792453,0.971167,1
4,5,5,0.791683,0.970994,1
4,5,6,0.792458,0.971016,1
4,5,7,0.791869,0.971105,1
4,5,8,0.792795,0.971207,1
4,5,9,0.515652,0.883037,0
4,6,0,0.811974,0.974547,1
4,6,1,0.811874,0.974657,1
4,6,2,0.811959,0.974599,1
4,6,3,0.811784,0.97442,1
4,6,4,0.812073,0.974659,1
4,6,5,0.811567,0.974547,1
4,6,6,0.812067,0.974524,1
4,6,7,0.811692,0.974635,1
4,6,8,0.812281,0.974674,1
4,6,9,0.553263,0.89903,0
4,7,0,0.82826,0.977305,1
4,7,1,0.828259,0.97742,1
4,7,2,0.828255,0.977354,1
4,7,3,0.828101,0.977196,1
4,7,4,0.828401,0.977414,1
4,7,5,0.828091,0.977342,1
4,7,6,0.828388,0.977292,1
4,7,7,0.828171,0.977415,1
4,7,8,0.828511,0.977412,1
4,7,9,0.586117,0.911425,0
4,8,0,0.842017,0.979535,1
4,8,1,0.842086,0.97965,1
4,8,2,0.842019,0.97958,1
4,8,3,0.841885,0.979439,1
4,8,4,0.842184,0.979639,1
4,8,5,0.84202,0.979595,1
4,8,6,0.842166,0.979528,1
4,8,7,0.842066,0.979656,1
4,8,8,0.84222,0.979626,1
4,8,9,0.614902,0.921259,0
4,9,0,0.85378,0.981373,1
4,9,1,0.8539,0.981487,1
4,9,2,0.853788,0.981415,1
4,9,3,0.85367,0.981288,1
4,9,4,0.853963,0.981472,1
4,9,5,0.85391,0.981449,1
4,9,6,0.853942,0.98137,1
4,9,7,0.853931,0.981501,1
4,9,8,0.853945,0.981452,1
4,9,9,0.640236,0.92922,0
4,10,0,0.863947,0.982914,1
4,10,1,0.864103,0.983025,1
4,10,2,0.863959,0.982953,1
4,10,3,0.863856,0.982838,1
4,10,4,0.864139,0.983007,1
4,10,5,0.864172,0.982999,1
4,10,6,0.864116,0.982913,1
4,10,7,0.864172,0.983044,1
4,10,8,0.864079,0.982982,1
4,10,9,0.662647,0.935779,0
4,11,0,0.872818,0.984222,1
4,11,1,0.873,0.984331,1
4,11,2,0.872833,0.984259,1
4,11,3,0.872742,0.984154,1
4,11,4,0.873014,0.984311,1
4,11,5,0.873112,0.984314,1
4,11,6,0.87299,0.984224,1
4,11,7,0.873097,0.984353,1
4,11,8,0.872923,0.984283,1
4,11,9,0.682576,0.941266,0
4,12,0,0.880621,0.985348,1
4,12,1,0.880823,0.985453,1
4,12,2,0.880638,0.985383,1
4,12,3,0.880559,0.985286,1
4,12,4,0.880819,0.985432,1
4,12,5,0.880967,0.985443,1
4,12,6,0.880794,0.985351,1
4,12,7,0.88094,0.985477,1
4,12,8,0.880704,0.985401,1
4,12,9,0.700389,0.945917,0
4,13,0,0.887537,0.986325,1
4,13,1,0.887752,0.986427,1
4,13,2,0.887556,0.986358,1
4,13,3,0.887486,0.986269,1
4,13,4,0.887735,0.986406,1
4,13,5,0.887922,0.986423,1
4,13,6,0.887709,0.98633,1
4,13,7,0.887886,0.986453,1
4,13,8,0.887601,0.986373,1
4,13,9,0.71639,0.949907,0
4,14,0,0.893707,0.987182,1
4,14,1,0.893932,0.987281,1
4,14,2,0.893727,0.987214,1
4,14,3,0.893665,0.98713,1
4,14,4,0.893903,0.987259,1
4,14,5,0.894121,0.98728,1
4,14,6,0.893877,0.987187,1
4,14,7,0.894078,0.987308,1
4,14,8,0.893755,0.987225,1
4,14,9,0.730829,0.953364,0
4,15,0,0.899245,0.987939,1
4,15,1,0.899476,0.988034,1
4,15,2,0.899265,0.987969,1
4,15,3,0.899211,0.987891,1
4,15,4,0.899438,0.988012,1
4,15,5,0.899679,0.988038,1
4,15,6,0.899412,0.987945,1
4,15,7,0.89963,0.988062,1
4,15,8,0.89928,0.987978,1
4,15,9,0.743917,0.956385,0
4,16,0,0.904241,0.988613,1
4,16,1,0.904476,0.988705,1
4,16,2,0.904263,0.988641,1
4,16,3,0.904214,0.988568,1
4,16,4,0.904431,0.988683,1
4,16,5,0.904691,0.98871,1
4,16,6,0.904406,0.988619,1
4,16,7,0.904637,0.988733,1
4,16,8,0.904265,0.988649,1
4,16,9,0.755829,0.959046,0
4,17,0,0.908772,0.989216,1
4,17,1,0.909009,0.989305,1
4,17,2,0.908793,0.989243,1
4,17,3,0.908751,0.989174,1
4,17,4,0.908958,0.989283,1
4,17,5,0.909232,0.989313,1
4,17,6,0.908933,0.989222,1
4,17,7,0.909175,0.989333,1
4,17,8,0.908786,0.989249,1
4,17,9,0.766712,0.961408,0
4,18,0,0.912898,0.989759,1
4,18,1,0.913136,0.989845,1
4,18,2,0.91292,0.989785,1
4,18,3,0.912882,0.98972,1
4,18,4,0.91308,0.989823,1
4,18,5,0.913365,0.989854,1
4,18,6,0.913055,0.989765,1
4,18,7,0.913305,0.989873,1
4,18,8,0.912903,0.989789,1
4,18,9,0.776691,0.963518,0
4,19,0,0.916671,0.990251,1
4,19,1,0.916909,0.990334,1
4,19,2,0.916693,0.990276,1
4,19,3,0.916659,0.990214,1
4,19,4,0.916849,0.990312,1
4,19,5,0.917142,0.990344,1
4,19,6,0.916825,0.990257,1
4,19,7,0.91708,0.990361,1
4,19,8,0.91667,0.990278,1
4,19,9,0.785871,0.965413,0
5,0,0,0.585401,0.915843,1
5,0,1,0.58243,0.913014,1
5,0,2,0.587117,0.916436,1
5,0,3,0.58743,0.916807,1
5,0,4,0.582139,0.912851,1
5,0,5,0.583143,0.912994,1
5,0,6,0.576256,0.910349,1
5,0,7,0.586097,0.914426,1
5,0,8,0.585536,0.914826,1
5,0,9,0.441119,0.798255,0
5,1,0,0.651056,0.938205,1
5,1,1,0.649577,0.937562,1
5,1,2,0.651534,0.938166,1
5,1,3,0.65236,0.938219,1
5,1,4,0.649258,0.937534,1
5,1,5,0.649996,0.937766,1
5,1,6,0.645254,0.936491,1
5,1,7,0.651716,0.938015,1
5,1,8,0.651109,0.937565,1
5,1,9,0.328234,0.750648,0
5,2,0,0.70045,0.951566,1
5,2,1,0.699751,0.951283,1
5,2,2,0.700295,0.951384,1
5,2,3,0.701254,0.951476,1
5,2,4,0.699465,0.95125,1
5,2,5,0.699967,0.95136,1
5,2,6,0.696815,0.950747,1
5,2,7,0.700972,0.951453,1
5,2,8,0.70045,0.951021,1
5,2,9,0.392406,0.807171,0
5,3,0,0.738405,0.960383,1
5,3,1,0.738123,0.960214,1
5,3,2,0.738038,0.960189,1
5,3,3,0.738902,0.960245,1
5,3,4,0.73789,0.960202,1
5,3,5,0.738237,0.960274,1
5,3,6,0.736118,0.95995,1
5,3,7,0.738809,0.960242,1
5,3,8,0.738389,0.95994,1
5,3,9,0.449636,0.845945,0
5,4,0,0.76826,0.966576,1
5,4,1,0.768211,0.966474,1
5,4,2,0.767822,0.966393,1
5,4,3,0.768553,0.966422,1
5,4,4,0.768028,0.966473,1
5,4,5,0.768264,0.966515,1
5,4,6,0.76685,0.966358,1
5,4,7,0.768564,0.966437,1
5,4,8,0.768236,0.966198,1
5,4,9,0.499377,0.873029,0
5,5,0,0.79225,0.971144,1
5,5,1,0.792336,0.971079,1
5,5,2,0.791803,0.970979,1
5,5,3,0.792406,0.970986,1
5,5,4,0.792194,0.971085,1
5,5,5,0.792351,0.971108,1
5,5,6,0.791428,0.97105,1
5,5,7,0.792476,0.97101,1
5,5,8,0.792224,0.970815,1
5,5,9,0.542233,0.892639,0
5,6,0,0.811894,0.974641,1
5,6,1,0.812059,0.974599,1
5,6,2,0.811463,0.974494,1
5,6,3,0.811955,0.974487,1
5,6,4,0.81195,0.974608,1
5,6,5,0.812051,0.974621,1
5,6,6,0.811476,0.974622,1
5,6,7,0.81206,0.974514,1
5,6,8,0.811868,0.974351,1
5,6,9,0.579149,0.907331,0
5,7,0,0.828244,0.9774,1
5,7,1,0.828456,0.977369,1
5,7,2,0.827844,0.977271,1
5,7,3,0.82824,0.977253,1
5,7,4,0.828373,0.977381,1
5,7,5,0.828433,0.977389,1
5,7,6,0.828109,0.977425,1
5,7,7,0.828363,0.977277,1
5,7,8,0.828219,0.977143,1
5,7,9,0.611072,0.918672,0
5,8,0,0.842046,0.979628,1
5,8,1,0.842286,0.979605,1
5,8,2,0.84168,0.979515,1
5,8,3,0.841997,0.979488,1
5,8,4,0.842224,0.979619,1
5,8,5,0.842253,0.979623,1
5,8,6,0.842112,0.979682,1
5,8,7,0.842129,0.97951,1
5,8,8,0.842023,0.979397,1
5,8,9,0.638833,0.927649,0
5,9,0,0.853842,0.981464,1
5,9,1,0.854098,0.981444,1
5,9,2,0.85351,0.981364,1
5,9,3,0.853761,0.981331,1
5,9,4,0.854052,0.98146,1
5,9,5,0.854058,0.981464,1
5,9,6,0.854052,0.981534,1
5,9,7,0.853897,0.981348,1
5,9,8,0.853821,0.981257,1
5,9,9,0.663124,0.934909,0
5,10,0,0.864033,0.983002,1
5,10,1,0.864296,0.982987,1
5,10,2,0.863732,0.982911,1
5,10,3,0.863929,0.982874,1
5,10,4,0.864263,0.983003,1
5,10,5,0.864253,0.983003,1
5,10,6,0.864348,0.983084,1
5,10,7,0.864066,0.982892,1
5,10,8,0.864014,0.982811,1
5,10,9,0.684516,0.940892,0
5,11,0,0.872922,0.984308,1
5,11,1,0.873186,0.984296,1
5,11,2,0.872647,0.984225,1
5,11,3,0.8728,0.984186,1
5,11,4,0.873164,0.984313,1
5,11,5,0.87314,0.984311,1
5,11,6,0.873313,0.984398,1
5,11,7,0.872936,0.984203,1
5,11,8,0.872904,0.984131,1
5,11,9,0.703469,0.945899,0
5,12,0,0.880738,0.98543,1
5,12,1,0.881002,0.985421,1
5,12,2,0.880487,0.985355,1
5,12,3,0.880604,0.985314,1
5,12,4,0.880989,0.985437,1
5,12,5,0.880954,0.985434,1
5,12,6,0.881186,0.985526,1
5,12,7,0.880738,0.985331,1
5,12,8,0.880722,0.985266,1
5,12,9,0.720361,0.950146,0
5,13,0,0.887664,0.986404,1
5,13,1,0.887924,0.986398,1
5,13,2,0.887433,0.986335,1
5,13,3,0.88752,0.986294,1
5,13,4,0.887918,0.986414,1
5,13,5,0.887876,0.986409,1
5,13,6,0.888152,0.986503,1
5,13,7,0.887652,0.986311,1
5,13,8,0.887649,0.986251,1
5,13,9,0.735496,0.95379,0
5,14,0,0.893841,0.987258,1
5,14,1,0.894096,0.987253,1
5,14,2,0.893629,0.987195,1
5,14,3,0.893691,0.987153,1
5,14,4,0.894096,0.987269,1
5,14,5,0.894047,0.987263,1
5,14,6,0.894359,0.987358,1
5,14,7,0.89382,0.987169,1
5,14,8,0.893827,0.987114,1
5,14,9,0.749127,0.95695,0
5,15,0,0.899383,0.988012,1
5,15,1,0.899633,0.988009,1
5,15,2,0.899188,0.987954,1
5,15,3,0.899229,0.987911,1
5,15,4,0.899638,0.988024,1
5,15,5,0.899584,0.988018,1
5,15,6,0.899922,0.988113,1
5,15,7,0.899355,0.987927,1
5,15,8,0.89937,0.987877,1
5,15,9,0.761461,0.959713,0
5,16,0,0.904383,0.988685,1
5,16,1,0.904626,0.988679,1
5,16,2,0.904203,0.988627,1
5,16,3,0.904225,0.988585,1
5,16,4,0.904636,0.988696,1
5,16,5,0.904578,0.988683,1
5,16,6,0.904934,0.988778,1
5,16,7,0.904348,0.988595,1
5,16,8,0.904371,0.988552,1
5,16,9,0.772669,0.96215,0
5,17,0,0.908916,0.989285,1
5,17,1,0.909152,0.98928,1
5,17,2,0.908749,0.989232,1
5,17,3,0.908756,0.98919,1
5,17,4,0.909165,0.989297,1
5,17,5,0.909105,0.989284,1
5,17,6,0.909474,0.989377,1
5,17,7,0.908876,0.9892,1
5,17,8,0.908905,0.98916,1
5,17,9,0.782896,0.964314,0
5,18,0,0.913044,0.989826,1
5,18,1,0.913273,0.989821,1
5,18,2,0.912888,0.989776,1
5,18,3,0.912882,0.989734,1
5,18,4,0.913289,0.989838,1
5,18,5,0.913227,0.989825,1
5,18,6,0.913606,0.989917,1
5,18,7,0.912999,0.989744,1
5,18,8,0.913033,0.989707,1
5,18,9,0.792262,0.966249,0
5,19,0,0.916818,0.990315,1
5,19,1,0.91704,0.990311,1
5,19,2,0.916672,0.990268,1
5,19,3,0.916656,0.990227,1
5,19,4,0.917058,0.990327,1
5,19,5,0.916995,0.990314,1
5,19,6,0.917381,0.990405,1
5,19,7,0.91677,0.990236,1
5,19,8,0.916807,0.990202,1
5,19,9,0.800871,0.967987,0
6,0,0,0.577424,0.912157,1
6,0,1,0.530995,0.876262,1
6,0,2,0.550628,0.895483,1
6,0,3,0.576132,0.909454,1
6,0,4,0.511347,0.870244,1
6,0,5,0.490064,0.848937,1
6,0,6,0.505314,0.861129,1
6,0,7,0.556851,0.898691,1
6,0,8,0.583112,0.91343,1
6,0,9,0.400024,0.718954,0
6,1,0,0.646306,0.936378,1
6,1,1,0.613066,0.925083,1
6,1,2,0.627979,0.931288,1
6,1,3,0.645558,0.936621,1
6,1,4,0.597595,0.919852,1
6,1,5,0.351831,0.775966,1
6,1,6,0.592853,0.918732,1
6,1,7,0.631707,0.932318,1
6,1,8,0.649808,0.937569,1
6,1,9,0.309622,0.737195,0
6,2,0,0.697588,0.950563,1
6,2,1,0.67347,0.943856,1
6,2,2,0.684847,0.947844,1
6,2,3,0.697146,0.950822,1
6,2,4,0.661145,0.940565,1
6,2,5,0.416857,0.827398,1
6,2,6,0.657297,0.939906,1
6,2,7,0.687249,0.948341,1
6,2,8,0.699766,0.9512,1
6,2,9,0.36873,0.793108,0
6,3,0,0.736699,0.959776,1
6,3,1,0.718797,0.955442,1
6,3,2,0.727652,0.958231,1
6,3,3,0.736436,0.960023,1
6,3,4,0.708752,0.95316,1
6,3,5,0.473503,0.861762,1
6,3,6,0.705534,0.952724,1
6,3,7,0.729303,0.958501,1
6,3,8,0.738052,0.960142,1
6,3,9,0.423535,0.833146,0
6,4,0,0.767284,0.966188,1
6,4,1,0.75369,0.963208,1
6,4,2,0.760739,0.965284,1
6,4,3,0.767131,0.966417,1
6,4,4,0.745315,0.961514,1
6,4,5,0.522044,0.885678,1
6,4,6,0.742557,0.961201,1
6,4,7,0.761934,0.965442,1
6,4,8,0.768105,0.966407,1
6,4,9,0.472495,0.861909,0
6,5,0,0.79175,0.970887,1
6,5,1,0.781217,0.968738,1
6,5,2,0.786947,0.970357,1
6,5,3,0.791668,0.971097,1
6,5,4,0.774092,0.967419,1
6,5,5,0.563507,0.903012,1
6,5,6,0.771684,0.96718,1
6,5,7,0.787849,0.970455,1
6,5,8,0.792218,0.971019,1
6,5,9,0.515502,0.883053,0
6,6,0,0.811714,0.974467,1
6,6,1,0.803409,0.972862,1
6,6,2,0.808154,0.974169,1
6,6,3,0.811678,0.974659,1
6,6,4,0.797244,0.971795,1
6,6,5,0.599028,0.916035,1
6,6,6,0.795107,0.971605,1
6,6,7,0.808859,0.974232,1
6,6,8,0.811941,0.974545,1
6,6,9,0.553063,0.899025,0
6,7,0,0.828283,0.97728,1
6,7,1,0.821638,0.976047,1
6,7,2,0.825631,0.977132,1
6,7,3,0.828278,0.977456,1
6,7,4,0.816226,0.975159,1
6,7,5,0.629635,0.926119,1
6,7,6,0.814308,0.975003,1
6,7,7,0.826199,0.977172,1
6,7,8,0.828342,0.977323,1
6,7,9,0.585873,0.911406,0
6,8,0,0.842237,0.979546,1
6,8,1,0.836855,0.978576,1
6,8,2,0.840263,0.979496,1
6,8,3,0.842255,0.979708,1
6,8,4,0.832047,0.977822,1
6,8,5,0.656186,0.934127,1
6,8,6,0.830307,0.97769,1
6,8,7,0.840731,0.979523,1
6,8,8,0.842179,0.979566,1
6,8,9,0.614623,0.92123,0
6,9,0,0.854141,0.981408,1
6,9,1,0.849737,0.980632,1
6,9,2,0.85268,0.981426,1
6,9,3,0.854173,0.981558,1
6,9,4,0.845419,0.979978,1
6,9,5,0.679381,0.940625,1
6,9,6,0.843828,0.979865,1
6,9,7,0.853073,0.981443,1
6,9,8,0.853997,0.981412,1
6,9,9,0.63993,0.929184,0
6,10,0,0.864407,0.982964,1
6,10,1,0.860772,0.982334,1
6,10,2,0.863342,0.983029,1
6,10,3,0.86445,0.983104,1
6,10,4,0.856862,0.98176,1
6,10,5,0.699783,0.945993,1
6,10,6,0.855396,0.981661,1
6,10,7,0.863678,0.98304,1
6,10,8,0.864203,0.982957,1
6,10,9,0.662321,0.935739,0
6,11,0,0.873348,0.984284,1
6,11,1,0.870327,0.983765,1
6,11,2,0.872591,0.984381,1
6,11,3,0.873399,0.984415,1
6,11,4,0.866758,0.983255,1
6,11,5,0.717844,0.950496,1
6,11,6,0.8654,0.983167,1
6,11,7,0.872883,0.984388,1
6,11,8,0.8731,0.984269,1
6,11,9,0.682234,0.941225,0
6,12,0,0.881202,0.985416,1
6,12,1,0.878676,0.984985,1
6,12,2,0.880688,0.985537,1
6,12,3,0.881257,0.985539,1
6,12,4,0.875398,0.984526,1
6,12,5,0.733929,0.954324,1
6,12,6,0.874132,0.984448,1
6,12,7,0.880944,0.98554,1
6,12,8,0.880922,0.985396,1
6,12,9,0.700036,0.945874,0
6,13,0,0.888153,0.986399,1
6,13,1,0.886032,0.986037,1
6,13,2,0.887832,0.986535,1
6,13,3,0.888212,0.986514,1
6,13,4,0.883002,0.985621,1
6,13,5,0.748336,0.957616,1
6,13,6,0.881818,0.98555,1
6,13,7,0.888059,0.986536,1
6,13,8,0.88785,0.986374,1
6,13,9,0.71603,0.949862,0
6,14,0,0.894346,0.987259,1
6,14,1,0.892559,0.986953,1
6,14,2,0.894181,0.987407,1
6,14,3,0.894408,0.987368,1
6,14,4,0.889745,0.986573,1
6,14,5,0.761307,0.960474,1
6,14,6,0.888632,0.986508,1
6,14,7,0.894385,0.987406,1
6,14,8,0.894027,0.987231,1
6,14,9,0.730465,0.953316,0
6,15,0,0.899899,0.988018,1
6,15,1,0.89839,0.987757,1
6,15,2,0.899859,0.988173,1
6,15,3,0.899962,0.988121,1
6,15,4,0.895764,0.987408,1
6,15,5,0.77304,0.962979,1
6,15,6,0.894715,0.987349,1
6,15,7,0.900043,0.988171,1
6,15,8,0.899569,0.987988,1
6,15,9,0.743551,0.956337,0
6,16,0,0.904904,0.988692,1
6,16,1,0.903628,0.988469,1
6,16,2,0.904967,0.988853,1
6,16,3,0.904968,0.98879,1
6,16,4,0.901169,0.988147,1
6,16,5,0.783701,0.96519,1
6,16,6,0.900175,0.988092,1
6,16,7,0.905134,0.98885,1
6,16,8,0.904567,0.988662,1
6,16,9,0.755463,0.958999,0
6,17,0,0.909439,0.989296,1
6,17,1,0.908359,0.989104,1
6,17,2,0.909584,0.989459,1
6,17,3,0.909503,0.989389,1
6,17,4,0.906047,0.988805,1
6,17,5,0.793427,0.967157,1
6,17,6,0.905105,0.988754,1
6,17,7,0.909738,0.989455,1
6,17,8,0.909097,0.989264,1
6,17,9,0.766347,0.961362,0
6,18,0,0.913566,0.989839,1
6,18,1,0.912653,0.989673,1
6,18,2,0.913779,0.990004,1
6,18,3,0.913629,0.989928,1
6,18,4,0.910472,0.989394,1
6,18,5,0.802334,0.968917,1
6,18,6,0.909576,0.989346,1
6,18,7,0.913921,0.989999,1
6,18,8,0.913222,0.989806,1
6,18,9,0.776328,0.963472,0
6,19,0,0.917337,0.99033,1
6,19,1,0.916567,0.990186,1
6,19,2,0.917606,0.990495,1
6,19,3,0.9174,0.990415,1
6,19,4,0.914504,0.989925,1
6,19,5,0.810519,0.970501,1
6,19,6,0.913649,0.98988,1
6,19,7,0.917737,0.990491,1
6,19,8,0.916993,0.990297,1
6,19,9,0.78551,0.965368,0
7,0,0,0.586933,0.916454,1
7,0,1,0.587226,0.916593,1
7,0,2,0.587331,0.916715,1
7,0,3,0.586823,0.916151,1
7,0,4,0.587721,0.916864,1
7,0,5,0.586506,0.916118,1
7,0,6,0.585928,0.916219,1
7,0,7,0.586874,0.91555,1
7,0,8,0.587068,0.91581,1
7,0,9,0.424938,0.79304,0
7,1,0,0.652067,0.938462,1
7,1,1,0.652461,0.938521,1
7,1,2,0.652387,0.938513,1
7,1,3,0.652311,0.938459,1
7,1,4,0.652806,0.938623,1
7,1,5,0.65187,0.938356,1
7,1,6,0.651327,0.938091,1
7,1,7,0.65177,0.937666,1
7,1,8,0.652208,0.938285,1
7,1,9,0.321094,0.746466,0
7,2,0,0.701106,0.951666,1
7,2,1,0.701413,0.951652,1
7,2,2,0.701362,0.951728,1
7,2,3,0.701426,0.951712,1
7,2,4,0.701708,0.951791,1
7,2,5,0.700886,0.95154,1
7,2,6,0.700612,0.951476,1
7,2,7,0.700773,0.950919,1
7,2,8,0.701222,0.951553,1
7,2,9,0.383946,0.803412,0
7,3,0,0.738831,0.960427,1
7,3,1,0.739074,0.960411,1
7,3,2,0.739022,0.960461,1
7,3,3,0.739144,0.960462,1
7,3,4,0.739298,0.960504,1
7,3,5,0.738655,0.960339,1
7,3,6,0.738505,0.960285,1
7,3,7,0.738518,0.959822,1
7,3,8,0.738915,0.960325,1
7,3,9,0.440604,0.842523,0
7,4,0,0.768528,0.966586,1
7,4,1,0.768717,0.966566,1
7,4,2,0.768667,0.966604,1
7,4,3,0.768808,0.966611,1
7,4,4,0.76888,0.966632,1
7,4,5,0.768395,0.96652,1
7,4,6,0.768317,0.966485,1
7,4,7,0.768256,0.966083,1
7,4,8,0.768588,0.966495,1
7,4,9,0.490236,0.870074,0
7,5,0,0.792406,0.971145,1
7,5,1,0.792561,0.971139,1
7,5,2,0.792503,0.971142,1
7,5,3,0.79265,0.971151,1
7,5,4,0.792668,0.971161,1
7,5,5,0.792333,0.971109,1
7,5,6,0.792269,0.971056,1
7,5,7,0.79218,0.970754,1
7,5,8,0.792452,0.971048,1
7,5,9,0.533228,0.890069,0
7,6,0,0.811972,0.97463,1
7,6,1,0.812096,0.97462,1
7,6,2,0.812038,0.974622,1
7,6,3,0.81218,0.974631,1
7,6,4,0.812163,0.974634,1
7,6,5,0.811938,0.974605,1
7,6,6,0.811889,0.974559,1
7,6,7,0.811785,0.974291,1
7,6,8,0.812006,0.974543,1
7,6,9,0.570417,0.905114,0
7,7,0,0.828266,0.977381,1
7,7,1,0.828365,0.977369,1
7,7,2,0.828309,0.97737,1
7,7,3,0.828442,0.977378,1
7,7,4,0.828402,0.977376,1
7,7,5,0.828258,0.977363,1
7,7,6,0.828223,0.977323,1
7,7,7,0.828113,0.977082,1
7,7,8,0.828292,0.977302,1
7,7,9,0.602675,0.91674,0
7,8,0,0.842029,0.979605,1
7,8,1,0.842106,0.979592,1
7,8,2,0.842053,0.979592,1
7,8,3,0.842178,0.979599,1
7,8,4,0.842122,0.979594,1
7,8,5,0.842039,0.979592,1
7,8,6,0.842016,0.979557,1
7,8,7,0.841904,0.97934,1
7,8,8,0.842047,0.979532,1
7,8,9,0.630792,0.925949,0
7,9,0,0.853796,0.981438,1
7,9,1,0.853856,0.981424,1
7,9,2,0.853807,0.981424,1
7,9,3,0.853922,0.98143,1
7,9,4,0.853856,0.981424,1
7,9,5,0.853819,0.981428,1
7,9,6,0.853806,0.981397,1
7,9,7,0.853695,0.981199,1
7,9,8,0.853809,0.981371,1
7,9,9,0.65544,0.933399,0
7,10,0,0.863966,0.982974,1
7,10,1,0.864011,0.98296,1
7,10,2,0.863967,0.98296,1
7,10,3,0.864072,0.982965,1
7,10,4,0.863999,0.982957,1
7,10,5,0.863998,0.982966,1
7,10,6,0.863993,0.982939,1
7,10,7,0.863884,0.982757,1
7,10,8,0.863974,0.982911,1
7,10,9,0.677178,0.939537,0
7,11,0,0.872838,0.98428,1
7,11,1,0.872872,0.984267,1
7,11,2,0.872831,0.984263,1
7,11,3,0.872928,0.984268,1
7,11,4,0.87285,0.984259,1
7,11,5,0.872877,0.984275,1
7,11,6,0.872877,0.984248,1
7,11,7,0.872773,0.984088,1
7,11,8,0.872843,0.984219,1
7,11,9,0.69646,0.944669,0
7,12,0,0.880643,0.985401,1
7,12,1,0.880667,0.985388,1
7,12,2,0.880629,0.985385,1
7,12,3,0.880718,0.985389,1
7,12,4,0.880638,0.98538,1
7,12,5,0.880686,0.985398,1
7,12,6,0.880692,0.985374,1
7,12,7,0.880591,0.985224,1
7,12,8,0.880645,0.985345,1
7,12,9,0.71366,0.949024,0
7,13,0,0.88756,0.986376,1
7,13,1,0.887575,0.986363,1
7,13,2,0.887541,0.98636,1
7,13,3,0.887623,0.986363,1
7,13,4,0.887541,0.986354,1
7,13,5,0.887606,0.986374,1
7,13,6,0.887616,0.986351,1
7,13,7,0.887519,0.986212,1
7,13,8,0.887559,0.986323,1
7,13,9,0.729086,0.952761,0
7,14,0,0.893731,0.98723,1
7,14,1,0.893739,0.987217,1
7,14,2,0.893707,0.987214,1
7,14,3,0.893783,0.987217,1
7,14,4,0.8937,0.987207,1
7,14,5,0.893779,0.987228,1
7,14,6,0.893792,0.987208,1
7,14,7,0.893699,0.987077,1
7,14,8,0.893728,0.98718,1
7,14,9,0.742987,0.956,0
7,15,0,0.899268,0.987984,1
7,15,1,0.899271,0.987971,1
7,15,2,0.899242,0.987969,1
7,15,3,0.899312,0.987971,1
7,15,4,0.899229,0.987962,1
7,15,5,0.899318,0.987983,1
7,15,6,0.899335,0.987965,1
7,15,7,0.899245,0.987841,1
7,15,8,0.899264,0.987937,1
7,15,9,0.755573,0.958832,0
7,16,0,0.904265,0.988656,1
7,16,1,0.904263,0.988642,1
7,16,2,0.904236,0.988641,1
7,16,3,0.904301,0.988642,1
7,16,4,0.904219,0.988633,1
7,16,5,0.904315,0.988655,1
7,16,6,0.904335,0.988638,1
7,16,7,0.904249,0.988521,1
7,16,8,0.904259,0.988611,1
7,16,9,0.767017,0.961329,0
7,17,0,0.908795,0.989257,1
7,17,1,0.908789,0.989244,1
7,17,2,0.908765,0.989242,1
7,17,3,0.908825,0.989243,1
7,17,4,0.908743,0.989234,1
7,17,5,0.908846,0.989257,1
7,17,6,0.908868,0.989241,1
7,17,7,0.908785,0.98913,1
7,17,8,0.908789,0.989214,1
7,17,9,0.777463,0.963546,0
7,18,0,0.912921,0.989798,1
7,18,1,0.912911,0.989785,1
7,18,2,0.912889,0.989784,1
7,18,3,0.912946,0.989785,1
7,18,4,0.912865,0.989776,1
7,18,5,0.912972,0.989798,1
7,18,6,0.912996,0.989784,1
7,18,7,0.912916,0.989678,1
7,18,8,0.912914,0.989757,1
7,18,9,0.787034,0.965527,0
7,19,0,0.916695,0.990288,1
7,19,1,0.916681,0.990275,1
7,19,2,0.916661,0.990274,1
7,19,3,0.916714,0.990275,1
7,19,4,0.916634,0.990266,1
7,19,5,0.916745,0.990288,1
7,19,6,0.91677,0.990275,1
7,19,7,0.916693,0.990175,1
7,19,8,0.916686,0.990249,1
7,19,9,0.795833,0.967308,0
8,0,0,0.585572,0.914903,1
8,0,1,0.584859,0.914772,1
8,0,2,0.582614,0.912603,1
8,0,3,0.578401,0.911792,1
8,0,4,0.577426,0.908871,1
8,0,5,0.578955,0.910624,1
8,0,6,0.578999,0.909955,1
8,0,7,0.58653,0.916398,1
8,0,8,0.580018,0.912211,1
8,0,9,0.406846,0.769319,0
8,1,0,0.651131,0.938044,1
8,1,1,0.651148,0.938198,1
8,1,2,0.649117,0.937536,1
8,1,3,0.647003,0.937001,1
8,1,4,0.646025,0.936435,1
8,1,5,0.646731,0.936908,1
8,1,6,0.647259,0.936919,1
8,1,7,0.651706,0.938046,1
8,1,8,0.647968,0.937312,1
8,1,9,0.312774,0.738863,0
8,2,0,0.700473,0.951436,1
8,2,1,0.700745,0.951621,1
8,2,2,0.699119,0.951181,1
8,2,3,0.698077,0.951006,1
8,2,4,0.69726,0.950594,1
8,2,5,0.697563,0.950876,1
8,2,6,0.698176,0.950908,1
8,2,7,0.700814,0.951381,1
8,2,8,0.698662,0.951165,1
8,2,9,0.372927,0.795126,0
8,3,0,0.738405,0.960267,1
8,3,1,0.738752,0.960436,1
8,3,2,0.737507,0.960144,1
8,3,3,0.73704,0.960112,1
8,3,4,0.736393,0.959803,1
8,3,5,0.736497,0.959995,1
8,3,6,0.737062,0.960014,1
8,3,7,0.738604,0.960196,1
8,3,8,0.737395,0.960199,1
8,3,9,0.428313,0.835129,0
8,4,0,0.768248,0.966474,1
8,4,1,0.768599,0.966623,1
8,4,2,0.767663,0.966423,1
8,4,3,0.767521,0.966457,1
8,4,4,0.76702,0.966217,1
8,4,5,0.767017,0.966361,1
8,4,6,0.767505,0.966368,1
8,4,7,0.768355,0.966396,1
8,4,8,0.76773,0.966505,1
8,4,9,0.477545,0.863706,0
8,5,0,0.792232,0.971054,1
8,5,1,0.792561,0.971182,1
8,5,2,0.791867,0.971045,1
8,5,3,0.791914,0.971108,1
8,5,4,0.791529,0.970917,1
8,5,5,0.79147,0.971031,1
8,5,6,0.791877,0.971027,1
8,5,7,0.792279,0.970976,1
8,5,8,0.792028,0.971134,1
8,5,9,0.520627,0.884646,0
8,6,0,0.811873,0.974561,1
8,6,1,0.812171,0.974672,1
8,6,2,0.811664,0.974578,1
8,6,3,0.811824,0.974654,1
8,6,4,0.811531,0.974498,1
8,6,5,0.811441,0.974593,1
8,6,6,0.811777,0.974581,1
8,6,7,0.81188,0.974486,1
8,6,8,0.811874,0.974666,1
8,6,9,0.558149,0.900433,0
8,7,0,0.828223,0.977328,1
8,7,1,0.828488,0.977424,1
8,7,2,0.828126,0.97736,1
8,7,3,0.828353,0.977441,1
8,7,4,0.828132,0.977312,1
8,7,5,0.828026,0.977392,1
8,7,6,0.828302,0.977375,1
8,7,7,0.828202,0.977256,1
8,7,8,0.82836,0.977445,1
8,7,9,0.590854,0.912656,0
8,8,0,0.842026,0.979563,1
8,8,1,0.842261,0.979648,1
8,8,2,0.842012,0.979605,1
8,8,3,0.842278,0.979687,1
8,8,4,0.842114,0.979578,1
8,8,5,0.842001,0.979648,1
8,8,6,0.842226,0.979626,1
8,8,7,0.841985,0.979495,1
8,8,8,0.842255,0.979686,1
8,8,9,0.619465,0.922347,0
8,9,0,0.853823,0.981404,1
8,9,1,0.854031,0.981479,1
8,9,2,0.85387,0.981453,1
8,9,3,0.85416,0.981533,1
8,9,4,0.85404,0.981439,1
8,9,5,0.853925,0.981502,1
8,9,6,0.854108,0.981477,1
8,9,7,0.85377,0.98134,1
8,9,8,0.854115,0.981529,1
8,9,9,0.644615,0.930191,0
8,10,0,0.864016,0.982946,1
8,10,1,0.8642,0.983017,1
8,10,2,0.864106,0.982996,1
8,10,3,0.864409,0.983078,1
8,10,4,0.864327,0.983,1
8,10,5,0.864208,0.983056,1
8,10,6,0.864359,0.983032,1
8,10,7,0.863952,0.982876,1
8,10,8,0.864349,0.983071,1
8,10,9,0.666843,0.936654,0
8,11,0,0.872906,0.984257,1
8,11,1,0.873068,0.984319,1
8,11,2,0.873029,0.984309,1
8,11,3,0.873337,0.984387,1
8,11,4,0.873285,0.984319,1
8,11,5,0.873166,0.984369,1
8,11,6,0.873289,0.984343,1
8,11,7,0.872834,0.984192,1
8,11,8,0.873266,0.984378,1
8,11,9,0.686594,0.942057,0
8,12,0,0.880723,0.985383,1
8,12,1,0.880867,0.985439,1
8,12,2,0.880871,0.985436,1
8,12,3,0.881181,0.98551,1
8,12,4,0.881152,0.98545,1
8,12,5,0.881035,0.985496,1
8,12,6,0.881135,0.98547,1
8,12,7,0.880647,0.985321,1
8,12,8,0.881102,0.985501,1
8,12,9,0.704237,0.946639,0
8,13,0,0.887649,0.98636,1
8,13,1,0.887777,0.986409,1
8,13,2,0.887817,0.986415,1
8,13,3,0.888124,0.986485,1
8,13,4,0.888113,0.986429,1
8,13,5,0.888001,0.986472,1
8,13,6,0.88808,0.986443,1
8,13,7,0.887571,0.986307,1
8,13,8,0.88804,0.986474,1
8,13,9,0.720077,0.950569,0
8,14,0,0.893827,0.987217,1
8,14,1,0.893941,0.987262,1
8,14,2,0.89401,0.987272,1
8,14,3,0.894311,0.987338,1
8,14,4,0.894316,0.987288,1
8,14,5,0.894208,0.987328,1
8,14,6,0.894269,0.987299,1
8,14,7,0.893747,0.987166,1
8,14,8,0.894224,0.987327,1
8,14,9,0.734365,0.953974,0
8,15,0,0.89937,0.987973,1
8,15,1,0.899472,0.988015,1
8,15,2,0.899564,0.988028,1
8,15,3,0.899859,0.988092,1
8,15,4,0.899876,0.988046,1
8,15,5,0.899772,0.988084,1
8,15,6,0.899819,0.988055,1
8,15,7,0.899289,0.987925,1
8,15,8,0.899769,0.98808,1
8,15,9,0.747311,0.95695,0
8,16,0,0.90437,0.988646,1
8,16,1,0.904461,0.988685,1
8,16,2,0.904572,0.9887,1
8,16,3,0.904861,0.988761,1
8,16,4,0.904888,0.98872,1
8,16,5,0.904788,0.988755,1
8,16,6,0.904822,0.988727,1
8,16,7,0.904289,0.9886,1
8,16,8,0.90477,0.98875,1
8,16,9,0.75909,0.959573,0
8,17,0,0.908903,0.989249,1
8,17,1,0.908985,0.989284,1
8,17,2,0.909111,0.989302,1
8,17,3,0.909393,0.98936,1
8,17,4,0.909428,0.989322,1
8,17,5,0.909333,0.989356,1
8,17,6,0.909356,0.989328,1
8,17,7,0.908823,0.989205,1
8,17,8,0.909301,0.989349,1
8,17,9,0.769849,0.961901,0
8,18,0,0.913031,0.989791,1
8,18,1,0.913104,0.989824,1
8,18,2,0.913242,0.989843,1
8,18,3,0.913517,0.9899,1
8,18,4,0.913559,0.989864,1
8,18,5,0.913468,0.989896,1
8,18,6,0.913482,0.989868,1
8,18,7,0.912951,0.989749,1
8,18,8,0.913425,0.989888,1
8,18,9,0.779712,0.963981,0
8,19,0,0.916805,0.990282,1
8,19,1,0.916871,0.990313,1
8,19,2,0.917019,0.990333,1
8,19,3,0.917287,0.990387,1
8,19,4,0.917334,0.990355,1
8,19,5,0.917246,0.990385,1
8,19,6,0.917252,0.990357,1
8,19,7,0.916726,0.990242,1
8,19,8,0.917194,0.990376,1
8,19,9,0.788783,0.965849,0
9,0,0,0.582841,0.914508,1
9,0,1,0.583958,0.914028,1
9,0,2,0.583274,0.914191,1
9,0,3,0.585186,0.915467,1
9,0,4,0.578014,0.910944,1
9,0,5,0.583062,0.91433,1
9,0,6,0.582964,0.913627,1
9,0,7,0.58243,0.913846,1
9,0,8,0.586426,0.916003,1
9,0,9,0.405544,0.762804,0
9,1,0,0.649564,0.93781,1
9,1,1,0.65055,0.938085,1
9,1,2,0.64999,0.937935,1
9,1,3,0.651033,0.937377,1
9,1,4,0.646489,0.93636,1
9,1,5,0.650042,0.937899,1
9,1,6,0.649825,0.937859,1
9,1,7,0.649228,0.937514,1
9,1,8,0.651778,0.937966,1
9,1,9,0.312416,0.738282,0
9,2,0,0.699569,0.951404,1
9,2,1,0.700353,0.951576,1
9,2,2,0.699933,0.951489,1
9,2,3,0.700491,0.950944,1
9,2,4,0.697613,0.950532,1
9,2,5,0.70006,0.951486,1
9,2,6,0.699842,0.951441,1
9,2,7,0.699325,0.9512,1
9,2,8,0.700925,0.951315,1
9,2,9,0.372459,0.794667,0
9,3,0,0.737901,0.960317,1
9,3,1,0.738497,0.960427,1
9,3,2,0.738188,0.960374,1
9,3,3,0.738471,0.959864,1
9,3,4,0.736655,0.95973,1
9,3,5,0.738334,0.960375,1
9,3,6,0.738142,0.960344,1
9,3,7,0.737725,0.96016,1
9,3,8,0.738721,0.960146,1
9,3,9,0.427738,0.834628,0
9,4,0,0.767992,0.966562,1
9,4,1,0.768436,0.96663,1
9,4,2,0.768213,0.9666,1
9,4,3,0.768332,0.966136,1
9,4,4,0.767211,0.966143,1
9,4,5,0.768353,0.9666,1
9,4,6,0.768193,0.966579,1
9,4,7,0.767866,0.966436,1
9,4,8,0.768464,0.966355,1
9,4,9,0.476885,0.863221,0
9,5,0,0.792135,0.971157,1
9,5,1,0.792462,0.971199,1
9,5,2,0.792302,0.971182,1
9,5,3,0.79232,0.970761,1
9,5,4,0.791668,0.970844,1
9,5,5,0.79243,0.971181,1
9,5,6,0.792298,0.971167,1
9,5,7,0.792046,0.971053,1
9,5,8,0.792377,0.97094,1
9,5,9,0.519907,0.884189,0
9,6,0,0.81188,0.97467,1
9,6,1,0.812117,0.974694,1
9,6,2,0.812005,0.974686,1
9,6,3,0.811959,0.974303,1
9,6,4,0.81163,0.974428,1
9,6,5,0.812119,0.974683,1
9,6,6,0.812012,0.974675,1
9,6,7,0.811818,0.974582,1
9,6,8,0.811965,0.974453,1
9,6,9,0.557389,0.900009,0
9,7,0,0.828299,0.977437,1
9,7,1,0.828466,0.977449,1
9,7,2,0.828391,0.977447,1
9,7,3,0.828304,0.977097,1
9,7,4,0.828202,0.977244,1
9,7,5,0.82849,0.977443,1
9,7,6,0.828405,0.977439,1
9,7,7,0.828258,0.977362,1
9,7,8,0.828276,0.977226,1
9,7,9,0.590071,0.912263,0
9,8,0,0.842149,0.97967,1
9,8,1,0.842263,0.979673,1
9,8,2,0.842215,0.979676,1
9,8,3,0.842102,0.979353,1
9,8,4,0.842161,0.979512,1
9,8,5,0.842302,0.979671,1
9,8,6,0.842233,0.979669,1
9,8,7,0.842124,0.979604,1
9,8,8,0.84205,0.979468,1
9,8,9,0.61867,0.921982,0
9,9,0,0.853978,0.981508,1
9,9,1,0.85405,0.981506,1
9,9,2,0.854024,0.981511,1
9,9,3,0.853894,0.981213,1
9,9,4,0.85407,0.981377,1
9,9,5,0.8541,0.981505,1
9,9,6,0.854045,0.981506,1
9,9,7,0.853965,0.981449,1
9,9,8,0.853825,0.981314,1
9,9,9,0.643817,0.92985,0
9,10,0,0.864192,0.983047,1
9,10,1,0.864231,0.98304,1
9,10,2,0.864222,0.983047,1
9,10,3,0.86408,0.982771,1
9,10,4,0.864342,0.982937,1
9,10,5,0.864288,0.983041,1
9,10,6,0.864244,0.983043,1
9,10,7,0.864188,0.982994,1
9,10,8,0.864001,0.982861,1
9,10,9,0.666048,0.936334,0
9,11,0,0.873096,0.984353,1
9,11,1,0.873109,0.984343,1
9,11,2,0.873113,0.984351,1
9,11,3,0.872964,0.984093,1
9,11,4,0.873288,0.984259,1
9,11,5,0.87317,0.984345,1
9,11,6,0.873136,0.984347,1
9,11,7,0.873099,0.984305,1
9,11,8,0.872877,0.984175,1
9,11,9,0.685807,0.941759,0
9,12,0,0.880923,0.985474,1
9,12,1,0.880915,0.985462,1
9,12,2,0.880929,0.985471,1
9,12,3,0.880777,0.985229,1
9,12,4,0.881145,0.985387,1
9,12,5,0.880979,0.985462,1
9,12,6,0.880953,0.98547,1
9,12,7,0.880931,0.985427,1
9,12,8,0.880685,0.985308,1
9,12,9,0.70346,0.946356,0
9,13,0,0.887855,0.986448,1
9,13,1,0.88783,0.986434,1
9,13,2,0.887852,0.986444,1
9,13,3,0.887699,0.986217,1
9,13,4,0.8881,0.986371,1
9,13,5,0.887897,0.986434,1
9,13,6,0.887877,0.986443,1
9,13,7,0.887868,0.986405,1
9,13,8,0.887604,0.986289,1
9,13,9,0.719313,0.950302,0
9,14,0,0.894036,0.987301,1
9,14,1,0.893998,0.987286,1
9,14,2,0.894026,0.987296,1
9,14,3,0.893873,0.987082,1
9,14,4,0.894297,0.987233,1
9,14,5,0.894065,0.987287,1
9,14,6,0.894051,0.987296,1
9,14,7,0.894052,0.987261,1
9,14,8,0.893776,0.987149,1
9,14,9,0.733616,0.953722,0
9,15,0,0.89958,0.988054,1
9,15,1,0.899531,0.988038,1
9,15,2,0.899565,0.988049,1
9,15,3,0.899413,0.987846,1
9,15,4,0.899853,0.987994,1
9,15,5,0.899599,0.98804,1
9,15,6,0.899589,0.988048,1
9,15,7,0.899599,0.988017,1
9,15,8,0.899314,0.987908,1
9,15,9,0.746578,0.956711,0
9,16,0,0.904581,0.988724,1
9,16,1,0.904523,0.988707,1
9,16,2,0.904561,0.988718,1
9,16,3,0.90441,0.988526,1
9,16,4,0.904862,0.98867,1
9,16,5,0.904591,0.988709,1
9,16,6,0.904585,0.988718,1
9,16,7,0.904601,0.98869,1
9,16,8,0.904311,0.988584,1
9,16,9,0.758373,0.959346,0
9,17,0,0.909113,0.989324,1
9,17,1,0.909048,0.989306,1
9,17,2,0.909089,0.989318,1
9,17,3,0.908941,0.989135,1
9,17,4,0.909399,0.989275,1
9,17,5,0.909116,0.989309,1
9,17,6,0.909113,0.989317,1
9,17,7,0.909135,0.989291,1
9,17,8,0.908841,0.989189,1
9,17,9,0.769148,0.961686,0
9,18,0,0.913239,0.989863,1
9,18,1,0.913168,0.989846,1
9,18,2,0.913212,0.989857,1
9,18,3,0.913066,0.989683,1
9,18,4,0.913529,0.989819,1
9,18,5,0.913235,0.989848,1
9,18,6,0.913235,0.989857,1
9,18,7,0.913262,0.989833,1
9,18,8,0.912967,0.989734,1
9,18,9,0.779026,0.963775,0
9,19,0,0.91701,0.990352,1
9,19,1,0.916936,0.990334,1
9,19,2,0.916981,0.990345,1
9,19,3,0.916838,0.990179,1
9,19,4,0.917302,0.990311,1
9,19,5,0.917002,0.990336,1
9,19,6,0.917004,0.990345,1
9,19,7,0.917035,0.990323,1
9,19,8,0.91674,0.990227,1
9,19,9,0.788113,0.965653,0
10,0,0,0.583629,0.913753,1
10,0,1,0.586688,0.916414,1
10,0,2,0.583235,0.914158,1
10,0,3,0.544821,0.889138,1
10,0,4,0.572775,0.906485,1
10,0,5,0.580554,0.909595,1
10,0,6,0.580381,0.913034,1
10,0,7,0.584787,0.915867,1
10,0,8,0.558496,0.89779,1
10,0,9,0.446829,0.817089,0
10,1,0,0.650004,0.937724,1
10,1,1,0.651764,0.938009,1
10,1,2,0.649774,0.937543,1
10,1,3,0.623778,0.9298,1
10,1,4,0.643061,0.935357,1
10,1,5,0.648216,0.937287,1
10,1,6,0.648078,0.937065,1
10,1,7,0.650312,0.937968,1
10,1,8,0.633594,0.933078,1
10,1,9,0.330272,0.755067,0
10,2,0,0.69981,0.951281,1
10,2,1,0.700851,0.951374,1
10,2,2,0.699673,0.951147,1
10,2,3,0.681751,0.946952,1
10,2,4,0.695353,0.950027,1
10,2,5,0.698784,0.951104,1
10,2,6,0.698659,0.950982,1
10,2,7,0.699797,0.951395,1
10,2,8,0.688914,0.948893,1
10,2,9,0.394618,0.811138,0
10,3,0,0.738027,0.960196,1
10,3,1,0.738622,0.960178,1
10,3,2,0.737947,0.9601,1
10,3,3,0.725308,0.957636,1
10,3,4,0.735151,0.959456,1
10,3,5,0.737448,0.960138,1
10,3,6,0.737347,0.960032,1
10,3,7,0.737874,0.960261,1
10,3,8,0.730669,0.958897,1
10,3,9,0.451963,0.849158,0
10,4,0,0.768049,0.966447,1
10,4,1,0.768363,0.96638,1
10,4,2,0.768004,0.966371,1
10,4,3,0.758917,0.964861,1
10,4,4,0.766211,0.965996,1
10,4,5,0.767745,0.966446,1
10,4,6,0.767666,0.966358,1
10,4,7,0.767841,0.96649,1
10,4,8,0.76303,0.965734,1
10,4,9,0.501765,0.87572,0
10,5,0,0.792149,0.97105,1
10,5,1,0.79228,0.97096,1
10,5,2,0.792128,0.970988,1
10,5,3,0.785497,0.970041,1
10,5,4,0.791011,0.970772,1
10,5,5,0.79202,0.971079,1
10,5,6,0.79196,0.971005,1
10,5,7,0.791925,0.971082,1
10,5,8,0.788723,0.970676,1
10,5,9,0.544639,0.894955,0
10,6,0,0.811867,0.974571,1
10,6,1,0.811876,0.97447,1
10,6,2,0.811861,0.974519,1
10,6,3,0.806977,0.973924,1
10,6,4,0.811213,0.9744,1
10,6,5,0.811853,0.974616,1
10,6,6,0.811807,0.974552,1
10,6,7,0.811644,0.974597,1
10,6,8,0.809554,0.974402,1
10,6,9,0.581543,0.90936,0
10,7,0,0.828269,0.977348,1
10,7,1,0.828191,0.977234,1
10,7,2,0.828274,0.977306,1
10,7,3,0.824659,0.976932,1
10,7,4,0.827955,0.977233,1
10,7,5,0.828329,0.977402,1
10,7,6,0.828297,0.977332,1
10,7,7,0.828052,0.977372,1
10,7,8,0.826753,0.977305,1
10,7,9,0.613431,0.920474,0
10,8,0,0.842108,0.979588,1
10,8,1,0.841971,0.979474,1
10,8,2,0.84212,0.979551,1
10,8,3,0.839449,0.979333,1
10,8,4,0.842038,0.979522,1
10,8,5,0.842218,0.979646,1
10,8,6,0.842197,0.979583,1
10,8,7,0.841901,0.979609,1
10,8,8,0.841172,0.97963,1
10,8,9,0.641144,0.929266,0
10,9,0,0.85393,0.981432,1
10,9,1,0.853753,0.98132,1
10,9,2,0.853948,0.981399,1
10,9,3,0.85199,0.981289,1
10,9,4,0.854038,0.9814,1
10,9,5,0.854075,0.981491,1
10,9,6,0.854062,0.981435,1
10,9,7,0.853736,0.981451,1
10,9,8,0.853425,0.98153,1
10,9,9,0.665379,0.936378,0
10,10,0,0.864139,0.982976,1
10,10,1,0.863935,0.982867,1
10,10,2,0.86416,0.982946,1
10,10,3,0.86275,0.982913,1
10,10,4,0.864378,0.982967,1
10,10,5,0.864308,0.983035,1
10,10,6,0.864301,0.982985,1
10,10,7,0.863958,0.982993,1
10,10,8,0.863958,0.983111,1
10,10,9,0.68671,0.942235,0
10,11,0,0.87304,0.984286,1
10,11,1,0.872817,0.984181,1
10,11,2,0.873063,0.984259,1
10,11,3,0.872078,0.984281,1
10,11,4,0.873376,0.984295,1
10,11,5,0.873225,0.984345,1
10,11,6,0.873222,0.984299,1
10,11,7,0.872871,0.984303,1
10,11,8,0.873104,0.984447,1
10,11,9,0.705601,0.947135,0
10,12,0,0.880865,0.985412,1
10,12,1,0.88063,0.985311,1
10,12,2,0.88089,0.985388,1
10,12,3,0.88024,0.985449,1
10,12,4,0.881273,0.985434,1
10,12,5,0.881061,0.98547,1
10,12,6,0.881062,0.985427,1
10,12,7,0.880708,0.985428,1
10,12,8,0.881117,0.985589,1
10,12,9,0.722429,0.95129,0
10,13,0,0.887796,0.986389,1
10,13,1,0.887554,0.986292,1
10,13,2,0.887823,0.986367,1
10,13,3,0.887438,0.986458,1
10,13,4,0.888258,0.986421,1
10,13,5,0.887999,0.986446,1
10,13,6,0.888003,0.986407,1
10,13,7,0.88765,0.986405,1
10,13,8,0.888194,0.986578,1
10,13,9,0.737502,0.954855,0
10,14,0,0.893977,0.987245,1
10,14,1,0.89373,0.987152,1
10,14,2,0.894004,0.987225,1
10,14,3,0.893832,0.987338,1
10,14,4,0.894478,0.987284,1
10,14,5,0.894184,0.9873,1
10,14,6,0.89419,0.987264,1
10,14,7,0.893841,0.987261,1
10,14,8,0.894486,0.987441,1
10,14,9,0.751073,0.957945,0
10,15,0,0.899521,0.988002,1
10,15,1,0.899272,0.987912,1
10,15,2,0.899549,0.987982,1
10,15,3,0.899548,0.988111,1
10,15,4,0.900051,0.988045,1
10,15,5,0.89973,0.988055,1
10,15,6,0.899738,0.988021,1
10,15,7,0.899394,0.988016,1
10,15,8,0.900118,0.988201,1
10,15,9,0.763347,0.960648,0
10,16,0,0.904522,0.988674,1
10,16,1,0.904273,0.988588,1
10,16,2,0.90455,0.988656,1
10,16,3,0.904687,0.988797,1
10,16,4,0.905073,0.988721,1
10,16,5,0.904731,0.988726,1
10,16,6,0.904741,0.988694,1
10,16,7,0.904404,0.988688,1
10,16,8,0.905186,0.988875,1
10,16,9,0.774499,0.963031,0
10,17,0,0.909054,0.989276,1
10,17,1,0.908806,0.989193,1
10,17,2,0.909082,0.989259,1
10,17,3,0.909333,0.989409,1
10,17,4,0.90962,0.989326,1
10,17,5,0.909263,0.989326,1
10,17,6,0.909274,0.989296,1
10,17,7,0.908944,0.98929,1
10,17,8,0.90977,0.989477,1
10,17,9,0.784671,0.965147,0
10,18,0,0.913181,0.989818,1
10,18,1,0.912935,0.989738,1
10,18,2,0.913209,0.989802,1
10,18,3,0.913552,0.989958,1
10,18,4,0.913756,0.989869,1
10,18,5,0.913389,0.989866,1
10,18,6,0.9134,0.989838,1
10,18,7,0.913077,0.989831,1
10,18,8,0.913937,0.990018,1
10,18,9,0.793986,0.967038,0
10,19,0,0.916954,0.990308,1
10,19,1,0.91671,0.990231,1
10,19,2,0.916982,0.990293,1
10,19,3,0.9174,0.990453,1
10,19,4,0.917534,0.990361,1
10,19,5,0.917159,0.990355,1
10,19,6,0.917171,0.990328,1
10,19,7,0.916856,0.990321,1
10,19,8,0.91774,0.990507,1
10,19,9,0.802544,0.968738,0
11,0,0,0.586835,0.916512,1
11,0,1,0.586523,0.916058,1
11,0,2,0.58696,0.916314,1
11,0,3,0.586174,0.915654,1
11,0,4,0.585507,0.915389,1
11,0,5,0.587079,0.916417,1
11,0,6,0.585604,0.914035,1
11,0,7,0.587708,0.916931,1
11,0,8,0.585377,0.91506,1
11,0,9,0.406569,0.775206,0
11,1,0,0.652319,0.938514,1
11,1,1,0.651675,0.938142,1
11,1,2,0.652226,0.938203,1
11,1,3,0.651397,0.937691,1
11,1,4,0.650323,0.937615,1
11,1,5,0.652323,0.938037,1
11,1,6,0.651147,0.937474,1
11,1,7,0.652597,0.938558,1
11,1,8,0.651187,0.938018,1
11,1,9,0.311531,0.738289,0
11,2,0,0.701341,0.95165,1
11,2,1,0.700716,0.951598,1
11,2,2,0.701319,0.951635,1
11,2,3,0.700476,0.951276,1
11,2,4,0.699249,0.951168,1
11,2,5,0.701323,0.951605,1
11,2,6,0.700451,0.950907,1
11,2,7,0.701512,0.951691,1
11,2,8,0.700507,0.951396,1
11,2,9,0.371267,0.794442,0
11,3,0,0.73907,0.960453,1
11,3,1,0.738531,0.960319,1
11,3,2,0.739033,0.960347,1
11,3,3,0.738334,0.960053,1
11,3,4,0.737282,0.959989,1
11,3,5,0.739033,0.960269,1
11,3,6,0.738398,0.959869,1
11,3,7,0.739127,0.960454,1
11,3,8,0.738466,0.96025,1
11,3,9,0.426577,0.834589,0
11,4,0,0.768748,0.966611,1
11,4,1,0.768303,0.966497,1
11,4,2,0.768702,0.966505,1
11,4,3,0.768151,0.966274,1
11,4,4,0.767293,0.96625,1
11,4,5,0.768702,0.966434,1
11,4,6,0.768248,0.966139,1
11,4,7,0.768736,0.966597,1
11,4,8,0.768319,0.966462,1
11,4,9,0.475947,0.863348,0
11,5,0,0.792606,0.971163,1
11,5,1,0.792242,0.971042,1
11,5,2,0.792551,0.97104,1
11,5,3,0.792132,0.970852,1
11,5,4,0.791453,0.970858,1
11,5,5,0.792552,0.970959,1
11,5,6,0.792234,0.970773,1
11,5,7,0.792543,0.971136,1
11,5,8,0.792311,0.971048,1
11,5,9,0.519243,0.884442,0
11,6,0,0.812148,0.974644,1
11,6,1,0.811854,0.974545,1
11,6,2,0.81209,0.974533,1
11,6,3,0.811775,0.974382,1
11,6,4,0.811243,0.974407,1
11,6,5,0.812091,0.974462,1
11,6,6,0.811876,0.974314,1
11,6,7,0.812057,0.974614,1
11,6,8,0.811951,0.974556,1
11,6,9,0.556999,0.900347,0
11,7,0,0.82842,0.977391,1
11,7,1,0.828183,0.977309,1
11,7,2,0.828363,0.977291,1
11,7,3,0.828128,0.977166,1
11,7,4,0.827713,0.977204,1
11,7,5,0.828363,0.977226,1
11,7,6,0.828226,0.977106,1
11,7,7,0.828313,0.977361,1
11,7,8,0.828296,0.977323,1
11,7,9,0.589927,0.912656,0
11,8,0,0.842162,0.979614,1
11,8,1,0.841972,0.979535,1
11,8,2,0.842106,0.979514,1
11,8,3,0.841937,0.979407,1
11,8,4,0.841618,0.979454,1
11,8,5,0.842106,0.979448,1
11,8,6,0.842028,0.979366,1
11,8,7,0.842045,0.979582,1
11,8,8,0.842095,0.979559,1
11,8,9,0.618733,0.922403,0
11,9,0,0.853911,0.981446,1
11,9,1,0.85376,0.981374,1
11,9,2,0.853858,0.981352,1
11,9,3,0.853741,0.981261,1
11,9,4,0.853499,0.981312,1
11,9,5,0.853857,0.98129,1
11,9,6,0.853824,0.981221,1
11,9,7,0.853791,0.981415,1
11,9,8,0.853887,0.981399,1
11,9,9,0.644053,0.930288,0
11,10,0,0.864065,0.982979,1
11,10,1,0.863946,0.982917,1
11,10,2,0.864015,0.982891,1
11,10,3,0.863939,0.982813,1
11,10,4,0.863758,0.982869,1
11,10,5,0.864014,0.982835,1
11,10,6,0.864015,0.98278,1
11,10,7,0.863943,0.982949,1
11,10,8,0.864074,0.982942,1
11,10,9,0.666424,0.936779,0
11,11,0,0.872924,0.984283,1
11,11,1,0.872832,0.984228,1
11,11,2,0.872877,0.984202,1
11,11,3,0.872833,0.984134,1
11,11,4,0.872702,0.984191,1
11,11,5,0.872875,0.98415,1
11,11,6,0.872904,0.984101,1
11,11,7,0.872803,0.984254,1
11,11,8,0.872958,0.984251,1
11,11,9,0.686297,0.942204,0
11,12,0,0.880717,0.985403,1
11,12,1,0.880647,0.985355,1
11,12,2,0.880673,0.985328,1
11,12,3,0.880655,0.985269,1
11,12,4,0.880565,0.985327,1
11,12,5,0.880671,0.98528,1
11,12,6,0.880721,0.985238,1
11,12,7,0.880599,0.985376,1
11,12,8,0.880771,0.985377,1
11,12,9,0.704042,0.946799,0
11,13,0,0.887623,0.986376,1
11,13,1,0.887572,0.986333,1
11,13,2,0.887583,0.986306,1
11,13,3,0.887586,0.986252,1
11,13,4,0.887528,0.986312,1
11,13,5,0.88758,0.98626,1
11,13,6,0.887647,0.986226,1
11,13,7,0.887508,0.98635,1
11,13,8,0.887693,0.986355,1
11,13,9,0.719968,0.950738,0
11,14,0,0.893785,0.987229,1
11,14,1,0.893749,0.987191,1
11,14,2,0.893748,0.987163,1
11,14,3,0.893767,0.987116,1
11,14,4,0.893737,0.987175,1
11,14,5,0.893745,0.98712,1
11,14,6,0.893825,0.987091,1
11,14,7,0.893674,0.987205,1
11,14,8,0.893867,0.987212,1
11,14,9,0.734329,0.954148,0
11,15,0,0.899315,0.987983,1
11,15,1,0.899292,0.987949,1
11,15,2,0.899281,0.987921,1
11,15,3,0.899314,0.987878,1
11,15,4,0.899306,0.987938,1
11,15,5,0.899277,0.987881,1
11,15,6,0.899368,0.987856,1
11,15,7,0.899207,0.98796,1
11,15,8,0.899406,0.987969,1
11,15,9,0.747337,0.957128,0
11,16,0,0.904305,0.988654,1
11,16,1,0.904293,0.988623,1
11,16,2,0.904273,0.988595,1
11,16,3,0.904317,0.988557,1
11,16,4,0.904328,0.988615,1
11,16,5,0.90427,0.988557,1
11,16,6,0.904368,0.988535,1
11,16,7,0.904201,0.988632,1
11,16,8,0.904403,0.988642,1
11,16,9,0.759167,0.959752,0
11,17,0,0.908829,0.989254,1
11,17,1,0.908826,0.989226,1
11,17,2,0.9088,0.989199,1
11,17,3,0.908853,0.989164,1
11,17,4,0.908879,0.989222,1
11,17,5,0.908796,0.989163,1
11,17,6,0.908901,0.989143,1
11,17,7,0.908729,0.989233,1
11,17,8,0.908934,0.989245,1
11,17,9,0.76997,0.96208,0
11,18,0,0.91295,0.989795,1
11,18,1,0.912955,0.989769,1
11,18,2,0.912923,0.989743,1
11,18,3,0.912984,0.989711,1
11,18,4,0.913023,0.989767,1
11,18,5,0.912919,0.989708,1
11,18,6,0.913029,0.989691,1
11,18,7,0.912854,0.989775,1
11,18,8,0.913059,0.989787,1
11,18,9,0.779869,0.964159,0
11,19,0,0.916718,0.990285,1
11,19,1,0.91673,0.990261,1
11,19,2,0.916694,0.990235,1
11,19,3,0.91676,0.990206,1
11,19,4,0.91681,0.990261,1
11,19,5,0.916689,0.990202,1
11,19,6,0.916803,0.990187,1
11,19,7,0.916626,0.990266,1
11,19,8,0.916831,0.990278,1
11,19,9,0.788971,0.966025,0
12,0,0,0.586599,0.916554,1
12,0,1,0.584894,0.9154,1
12,0,2,0.583255,0.913355,1
12,0,3,0.585187,0.914494,1
12,0,4,0.583526,0.912743,1
12,0,5,0.582103,0.913199,1
12,0,6,0.583805,0.9144,1
12,0,7,0.586357,0.916429,1
12,0,8,0.587014,0.916386,1
12,0,9,0.400781,0.748125,0
12,1,0,0.651763,0.938122,1
12,1,1,0.650679,0.937135,1
12,1,2,0.650085,0.937714,1
12,1,3,0.650922,0.937869,1
12,1,4,0.65017,0.937715,1
12,1,5,0.648812,0.937413,1
12,1,6,0.650525,0.938073,1
12,1,7,0.651925,0.938198,1
12,1,8,0.651369,0.937575,1
12,1,9,0.306434,0.730891,0
12,2,0,0.700851,0.951438,1
12,2,1,0.699977,0.950301,1
12,2,2,0.699988,0.951184,1
12,2,3,0.700325,0.951206,1
12,2,4,0.700003,0.951303,1
12,2,5,0.69888,0.951053,1
12,2,6,0.700377,0.951575,1
12,2,7,0.701115,0.951403,1
12,2,8,0.700441,0.951138,1
12,2,9,0.36396,0.78689,0
12,3,0,0.738635,0.960249,1
12,3,1,0.73799,0.959408,1
12,3,2,0.738231,0.960141,1
12,3,3,0.738311,0.960111,1
12,3,4,0.738216,0.96021,1
12,3,5,0.737337,0.960057,1
12,3,6,0.738542,0.960437,1
12,3,7,0.738911,0.960242,1
12,3,8,0.738234,0.959963,1
12,3,9,0.418587,0.828054,0
12,4,0,0.768383,0.966442,1
12,4,1,0.767957,0.965893,1
12,4,2,0.768257,0.966438,1
12,4,3,0.768197,0.966377,1
12,4,4,0.768228,0.966455,1
12,4,5,0.767563,0.966386,1
12,4,6,0.768489,0.966645,1
12,4,7,0.768643,0.966473,1
12,4,8,0.767987,0.966164,1
12,4,9,0.468058,0.857967,0
12,5,0,0.792302,0.971014,1
12,5,1,0.792029,0.970562,1
12,5,2,0.792344,0.971042,1
12,5,3,0.792209,0.970973,1
12,5,4,0.792308,0.971056,1
12,5,5,0.791812,0.971021,1
12,5,6,0.792514,0.971212,1
12,5,7,0.792534,0.971039,1
12,5,8,0.79194,0.970777,1
12,5,9,0.511853,0.880084,0
12,6,0,0.811899,0.97452,1
12,6,1,0.811737,0.974153,1
12,6,2,0.812044,0.974566,1
12,6,3,0.811869,0.974497,1
12,6,4,0.812005,0.974572,1
12,6,5,0.811639,0.974562,1
12,6,6,0.812167,0.974705,1
12,6,7,0.812102,0.974543,1
12,6,8,0.811573,0.974307,1
12,6,9,0.550236,0.896784,0
12,7,0,0.828217,0.977285,1
12,7,1,0.828136,0.976981,1
12,7,2,0.828426,0.977343,1
12,7,3,0.828231,0.977276,1
12,7,4,0.828387,0.977344,1
12,7,5,0.828122,0.97735,1
12,7,6,0.828512,0.977458,1
12,7,7,0.828392,0.977306,1
12,7,8,0.827927,0.977095,1
12,7,9,0.583804,0.909702,0
12,8,0,0.841997,0.97952,1
12,8,1,0.841977,0.979263,1
12,8,2,0.842247,0.979584,1
12,8,3,0.842042,0.97952,1
12,8,4,0.842209,0.979582,1
12,8,5,0.842021,0.979598,1
12,8,6,0.842304,0.979681,1
12,8,7,0.842148,0.979539,1
12,8,8,0.841741,0.979348,1
12,8,9,0.613213,0.919922,0
12,9,0,0.853778,0.981362,1
12,9,1,0.853803,0.98114,1
12,9,2,0.854052,0.981428,1
12,9,3,0.853846,0.981367,1
12,9,4,0.854016,0.981425,1
12,9,5,0.85389,0.981448,1
12,9,6,0.854087,0.981512,1
12,9,7,0.853908,0.981379,1
12,9,8,0.853552,0.981206,1
12,9,9,0.639079,0.928172,0
12,10,0,0.863959,0.982905,1
12,10,1,0.864017,0.982712,1
12,10,2,0.864247,0.982973,1
12,10,3,0.864042,0.982915,1
12,10,4,0.864212,0.982967,1
12,10,5,0.864134,0.982996,1
12,10,6,0.864265,0.983045,1
12,10,7,0.864071,0.982921,1
12,10,8,0.863759,0.982762,1
12,10,9,0.661935,0.93495,0
12,11,0,0.872839,0.984217,1
12,11,1,0.872922,0.984042,1
12,11,2,0.873134,0.984283,1
12,11,3,0.872934,0.984228,1
12,11,4,0.873102,0.984277,1
12,11,5,0.873062,0.984309,1
12,11,6,0.873139,0.984347,1
12,11,7,0.872936,0.98423,1
12,11,8,0.872663,0.984086,1
12,11,9,0.682235,0.940607,0
12,12,0,0.880651,0.985344,1
12,12,1,0.880752,0.985184,1
12,12,2,0.880948,0.985407,1
12,12,3,0.880753,0.985356,1
12,12,4,0.880918,0.985403,1
12,12,5,0.880908,0.985436,1
12,12,6,0.880942,0.985466,1
12,12,7,0.880734,0.985354,1
12,12,8,0.880495,0.985225,1
12,12,9,0.700356,0.94539,0
12,13,0,0.887573,0.986321,1
12,13,1,0.887688,0.98619,1
12,13,2,0.88787,0.986388,1
12,13,3,0.887681,0.986339,1
12,13,4,0.887841,0.986379,1
12,13,5,0.887856,0.986415,1
12,13,6,0.887855,0.986436,1
12,13,7,0.887644,0.986335,1
12,13,8,0.887434,0.986207,1
12,13,9,0.71661,0.94948,0
12,14,0,0.893747,0.98718,1
12,14,1,0.893874,0.987059,1
12,14,2,0.894042,0.987244,1
12,14,3,0.893859,0.987197,1
12,14,4,0.894015,0.987235,1
12,14,5,0.89405,0.987272,1
12,14,6,0.89402,0.987288,1
12,14,7,0.893809,0.987191,1
12,14,8,0.893624,0.987074,1
12,14,9,0.73126,0.953019,0
12,15,0,0.899288,0.987938,1
12,15,1,0.899422,0.987826,1
12,15,2,0.899579,0.988,1
12,15,3,0.899403,0.987955,1
12,15,4,0.899553,0.987991,1
12,15,5,0.899604,0.988028,1
12,15,6,0.899551,0.98804,1
12,15,7,0.899342,0.987947,1
12,15,8,0.899179,0.987839,1
12,15,9,0.744523,0.956106,0
12,16,0,0.904287,0.988612,1
12,16,1,0.904427,0.988508,1
12,16,2,0.904573,0.988672,1
12,16,3,0.904403,0.98863,1
12,16,4,0.904549,0.988664,1
12,16,5,0.904613,0.988701,1
12,16,6,0.904541,0.988709,1
12,16,7,0.904334,0.988621,1
12,16,8,0.90419,0.98852,1
12,16,9,0.756579,0.958823,0
12,17,0,0.90882,0.989216,1
12,17,1,0.908964,0.989118,1
12,17,2,0.9091,0.989273,1
12,17,3,0.908936,0.989233,1
12,17,4,0.909077,0.989266,1
12,17,5,0.909152,0.989303,1
12,17,6,0.909064,0.989308,1
12,17,7,0.90886,0.989223,1
12,17,8,0.908734,0.989129,1
12,17,9,0.767582,0.96123,0
12,18,0,0.912948,0.989759,1
12,18,1,0.913094,0.989668,1
12,18,2,0.913222,0.989815,1
12,18,3,0.913064,0.989777,1
12,18,4,0.9132,0.989808,1
12,18,5,0.913283,0.989845,1
12,18,6,0.913183,0.989847,1
12,18,7,0.912982,0.989766,1
12,18,8,0.912871,0.989678,1
12,18,9,0.777659,0.963376,0
12,19,0,0.916722,0.990251,1
12,19,1,0.91687,0.990165,1
12,19,2,0.91699,0.990305,1
12,19,3,0.916838,0.990269,1
12,19,4,0.916969,0.990298,1
12,19,5,0.91706,0.990335,1
12,19,6,0.916949,0.990335,1
12,19,7,0.916751,0.990257,1
12,19,8,0.916654,0.990175,1
12,19,9,0.78692,0.965302,0
13,0,0,0.587635,0.916647,1
13,0,1,0.586834,0.91661,1
13,0,2,0.583869,0.911545,1
13,0,3,0.58301,0.911585,1
13,0,4,0.584955,0.915245,1
13,0,5,0.58707,0.916054,1
13,0,6,0.587307,0.916306,1
13,0,7,0.586872,0.916639,1
13,0,8,0.586635,0.916197,1
13,0,9,0.402393,0.767517,0
13,1,0,0.652593,0.938455,1
13,1,1,0.652,0.938297,1
13,1,2,0.650149,0.93675,1
13,1,3,0.649785,0.93714,1
13,1,4,0.650607,0.937854,1
13,1,5,0.652075,0.937864,1
13,1,6,0.652379,0.938102,1
13,1,7,0.652346,0.938361,1
13,1,8,0.652163,0.938355,1
13,1,9,0.309706,0.737735,0
13,2,0,0.701511,0.95168,1
13,2,1,0.701075,0.951601,1
13,2,2,0.699897,0.950461,1
13,2,3,0.69977,0.950838,1
13,2,4,0.700059,0.951305,1
13,2,5,0.701067,0.951194,1
13,2,6,0.701331,0.951359,1
13,2,7,0.701441,0.951661,1
13,2,8,0.701333,0.951652,1
13,2,9,0.368615,0.793455,0
13,3,0,0.739125,0.960408,1
13,3,1,0.738814,0.960363,1
13,3,2,0.738078,0.959513,1
13,3,3,0.738068,0.959852,1
13,3,4,0.738096,0.96018,1
13,3,5,0.738772,0.960022,1
13,3,6,0.738988,0.960158,1
13,3,7,0.739147,0.960409,1
13,3,8,0.739081,0.96041,1
13,3,9,0.423529,0.833515,0
13,4,0,0.768731,0.96655,1
13,4,1,0.768515,0.966525,1
13,4,2,0.768078,0.965875,1
13,4,3,0.768126,0.96617,1
13,4,4,0.768023,0.966417,1
13,4,5,0.768463,0.966247,1
13,4,6,0.768638,0.966362,1
13,4,7,0.768808,0.966557,1
13,4,8,0.768763,0.966569,1
13,4,9,0.472728,0.862357,0
13,5,0,0.792544,0.971093,1
13,5,1,0.792398,0.97108,1
13,5,2,0.792163,0.970552,1
13,5,3,0.79224,0.970816,1
13,5,4,0.792071,0.971016,1
13,5,5,0.792344,0.970839,1
13,5,6,0.792484,0.970938,1
13,5,7,0.792649,0.971103,1
13,5,8,0.792619,0.971117,1
13,5,9,0.515998,0.88357,0
13,6,0,0.812061,0.974576,1
13,6,1,0.811967,0.974572,1
13,6,2,0.811872,0.974132,1
13,6,3,0.811963,0.974368,1
13,6,4,0.811762,0.974536,1
13,6,5,0.811914,0.974361,1
13,6,6,0.812025,0.974445,1
13,6,7,0.812178,0.974587,1
13,6,8,0.812159,0.974602,1
13,6,9,0.5538,0.899584,0
13,7,0,0.828319,0.977326,1
13,7,1,0.828264,0.977329,1
13,7,2,0.828266,0.976953,1
13,7,3,0.828363,0.977166,1
13,7,4,0.828148,0.97731,1
13,7,5,0.828214,0.977141,1
13,7,6,0.828301,0.977214,1
13,7,7,0.828441,0.977338,1
13,7,8,0.82843,0.977353,1
13,7,9,0.586812,0.911985,0
13,8,0,0.842054,0.979551,1
13,8,1,0.842028,0.979557,1
13,8,2,0.8421,0.97923,1
13,8,3,0.842198,0.979424,1
13,8,4,0.841979,0.979552,1
13,8,5,0.841981,0.979388,1
13,8,6,0.842049,0.979453,1
13,8,7,0.842176,0.979563,1
13,8,8,0.842171,0.979578,1
13,8,9,0.615724,0.921813,0
13,9,0,0.853801,0.981385,1
13,9,1,0.853797,0.981394,1
13,9,2,0.853919,0.981106,1
13,9,3,0.854016,0.981282,1
13,9,4,0.853798,0.981397,1
13,9,5,0.853754,0.981241,1
13,9,6,0.853806,0.981298,1
13,9,7,0.85392,0.981397,1
13,9,8,0.85392,0.981411,1
13,9,9,0.641156,0.929761,0
13,10,0,0.863954,0.982922,1
13,10,1,0.863968,0.982933,1
13,10,2,0.864125,0.982677,1
13,10,3,0.86422,0.982839,1
13,10,4,0.864008,0.982943,1
13,10,5,0.863928,0.982794,1
13,10,6,0.863967,0.982845,1
13,10,7,0.86407,0.982932,1
13,10,8,0.864073,0.982948,1
13,10,9,0.663642,0.936304,0
13,11,0,0.872814,0.984229,1
13,11,1,0.872841,0.98424,1
13,11,2,0.873024,0.98401,1
13,11,3,0.873116,0.98416,1
13,11,4,0.87291,0.984255,1
13,11,5,0.872804,0.984113,1
13,11,6,0.872833,0.984159,1
13,11,7,0.872925,0.984238,1
13,11,8,0.872932,0.984253,1
13,11,9,0.683626,0.941774,0
13,12,0,0.880609,0.985352,1
13,12,1,0.880646,0.985365,1
13,12,2,0.880848,0.985156,1
13,12,3,0.880936,0.985295,1
13,12,4,0.880738,0.985382,1
13,12,5,0.880613,0.985247,1
13,12,6,0.880632,0.985289,1
13,12,7,0.880716,0.985361,1
13,12,8,0.880724,0.985376,1
13,12,9,0.701479,0.946407,0
13,13,0,0.887519,0.986329,1
13,13,1,0.887564,0.986341,1
13,13,2,0.887779,0.98615,1
13,13,3,0.887863,0.98628,1
13,13,4,0.887672,0.986361,1
13,13,5,0.887533,0.986232,1
13,13,6,0.887545,0.98627,1
13,13,7,0.887621,0.986337,1
13,13,8,0.887631,0.986351,1
13,13,9,0.717507,0.950377,0
13,14,0,0.893684,0.987184,1
13,14,1,0.893735,0.987197,1
13,14,2,0.893959,0.987021,1
13,14,3,0.89404,0.987143,1
13,14,4,0.893856,0.987219,1
13,14,5,0.893706,0.987095,1
13,14,6,0.893712,0.98713,1
13,14,7,0.893781,0.987192,1
13,14,8,0.893793,0.987206,1
13,14,9,0.731964,0.953815,0
13,15,0,0.899217,0.987941,1
13,15,1,0.899273,0.987954,1
13,15,2,0.899503,0.98779,1
13,15,3,0.89958,0.987905,1
13,15,4,0.899405,0.987976,1
13,15,5,0.899246,0.987858,1
13,15,6,0.899247,0.98789,1
13,15,7,0.89931,0.987948,1
13,15,8,0.899323,0.987961,1
13,15,9,0.745063,0.956819,0
13,16,0,0.904211,0.988614,1
13,16,1,0.90427,0.988627,1
13,16,2,0.904504,0.988474,1
13,16,3,0.904578,0.988582,1
13,16,4,0.904409,0.98865,1
13,16,5,0.904245,0.988537,1
13,16,6,0.904242,0.988566,1
13,16,7,0.904299,0.98862,1
13,16,8,0.904313,0.988633,1
13,16,9,0.756979,0.959464,0
13,17,0,0.908739,0.989216,1
13,17,1,0.908801,0.98923,1
13,17,2,0.909036,0.989087,1
13,17,3,0.909107,0.989189,1
13,17,4,0.908945,0.989253,1
13,17,5,0.908777,0.989144,1
13,17,6,0.908771,0.989172,1
13,17,7,0.908823,0.989222,1
13,17,8,0.908837,0.989235,1
13,17,9,0.767861,0.961811,0
13,18,0,0.912863,0.989759,1
13,18,1,0.912927,0.989772,1
13,18,2,0.913163,0.989638,1
13,18,3,0.913231,0.989735,1
13,18,4,0.913076,0.989796,1
13,18,5,0.912905,0.989691,1
13,18,6,0.912895,0.989717,1
13,18,7,0.912943,0.989765,1
13,18,8,0.912958,0.989777,1
13,18,9,0.777836,0.963906,0
13,19,0,0.916634,0.99025,1
13,19,1,0.9167,0.990263,1
13,19,2,0.916936,0.990137,1
13,19,3,0.917001,0.990229,1
13,19,4,0.916852,0.990287,1
13,19,5,0.91668,0.990186,1
13,19,6,0.916667,0.99021,1
13,19,7,0.916711,0.990256,1
13,19,8,0.916727,0.990267,1
13,19,9,0.787009,0.965787,0
14,0,0,0.568317,0.903085,1
14,0,1,0.573234,0.908972,1
14,0,2,0.548465,0.889202,1
14,0,3,0.505051,0.866994,1
14,0,4,0.551815,0.894773,1
14,0,5,0.580558,0.912005,1
14,0,6,0.580514,0.912015,1
14,0,7,0.58036,0.911572,1
14,0,8,0.525987,0.880587,1
14,0,9,0.447581,0.811099,0
14,1,0,0.639924,0.934584,1
14,1,1,0.643206,0.935883,1
14,1,2,0.626419,0.930648,1
14,1,3,0.592636,0.918859,1
14,1,4,0.628768,0.931598,1
14,1,5,0.648346,0.937345,1
14,1,6,0.648377,0.937369,1
14,1,7,0.648091,0.937296,1
14,1,8,0.609343,0.925024,1
14,1,9,0.328784,0.75007,0
14,2,0,0.693215,0.949676,1
14,2,1,0.695202,0.95018,1
14,2,2,0.683679,0.947481,1
14,2,3,0.657131,0.939997,1
14,2,4,0.685338,0.948001,1
14,2,5,0.69894,0.951184,1
14,2,6,0.698945,0.951175,1
14,2,7,0.698682,0.951168,1
14,2,8,0.670653,0.944004,1
14,2,9,0.392474,0.806458,0
14,3,0,0.733646,0.959254,1
14,3,1,0.734986,0.95968,1
14,3,2,0.726773,0.957963,1
14,3,3,0.705394,0.952813,1
14,3,4,0.728009,0.958346,1
14,3,5,0.737592,0.9602,1
14,3,6,0.737609,0.960203,1
14,3,7,0.737377,0.960173,1
14,3,8,0.716557,0.955664,1
14,3,9,0.449886,0.845277,0
14,4,0,0.765141,0.965898,1
14,4,1,0.766059,0.966192,1
14,4,2,0.760061,0.965088,1
14,4,3,0.742436,0.961276,1
14,4,4,0.76101,0.965367,1
14,4,5,0.767869,0.966492,1
14,4,6,0.767889,0.966502,1
14,4,7,0.767696,0.966479,1
14,4,8,0.75185,0.963439,1
14,4,9,0.500002,0.872876,0
14,5,0,0.790241,0.970721,1
14,5,1,0.790886,0.970962,1
14,5,2,0.786413,0.970201,1
14,5,3,0.771575,0.967245,1
14,5,4,0.787162,0.970422,1
14,5,5,0.79212,0.971109,1
14,5,6,0.792144,0.971122,1
14,5,7,0.791987,0.971102,1
14,5,8,0.779663,0.968965,1
14,5,9,0.543267,0.892696,0
14,6,0,0.810666,0.974396,1
14,6,1,0.811105,0.974557,1
14,6,2,0.807724,0.974049,1
14,6,3,0.79501,0.971661,1
14,6,4,0.808328,0.974221,1
14,6,5,0.811936,0.974645,1
14,6,6,0.811958,0.974654,1
14,6,7,0.811831,0.974644,1
14,6,8,0.802074,0.973078,1
14,6,9,0.580557,0.907552,0
14,7,0,0.827572,0.977263,1
14,7,1,0.827864,0.977387,1
14,7,2,0.825279,0.977033,1
14,7,3,0.81422,0.975054,1
14,7,4,0.825775,0.977175,1
14,7,5,0.828399,0.977423,1
14,7,6,0.828419,0.977431,1
14,7,7,0.828318,0.977425,1
14,7,8,0.820473,0.976251,1
14,7,9,0.612785,0.918995,0
14,8,0,0.841777,0.979565,1
14,8,1,0.841962,0.979662,1
14,8,2,0.839971,0.979414,1
14,8,3,0.830227,0.977735,1
14,8,4,0.840384,0.979533,1
14,8,5,0.842277,0.979663,1
14,8,6,0.842295,0.97967,1
14,8,7,0.842214,0.979667,1
14,8,8,0.835824,0.978769,1
14,8,9,0.640783,0.928041,0
14,9,0,0.853869,0.981452,1
14,9,1,0.853975,0.981529,1
14,9,2,0.852435,0.981356,1
14,9,3,0.843755,0.979907,1
14,9,4,0.852783,0.981458,1
14,9,5,0.854124,0.981506,1
14,9,6,0.85414,0.981512,1
14,9,7,0.854076,0.981511,1
14,9,8,0.848813,0.980813,1
14,9,9,0.665254,0.935342,0
14,10,0,0.86428,0.983024,1
14,10,1,0.864325,0.983088,1
14,10,2,0.863134,0.982968,1
14,10,3,0.855329,0.981699,1
14,10,4,0.863431,0.983057,1
14,10,5,0.864349,0.983047,1
14,10,6,0.864363,0.983053,1
14,10,7,0.864313,0.983054,1
14,10,8,0.859938,0.982504,1
14,10,9,0.686778,0.941346,0
14,11,0,0.873332,0.984354,1
14,11,1,0.873331,0.984408,1
14,11,2,0.872413,0.984327,1
14,11,3,0.865337,0.983202,1
14,11,4,0.87267,0.984406,1
14,11,5,0.873258,0.984355,1
14,11,6,0.873271,0.98436,1
14,11,7,0.873233,0.984362,1
14,11,8,0.869567,0.983926,1
14,11,9,0.705825,0.946363,0
14,12,0,0.881271,0.985495,1
14,12,1,0.881235,0.985539,1
14,12,2,0.880534,0.985489,1
14,12,3,0.874073,0.98448,1
14,12,4,0.880757,0.985559,1
14,12,5,0.881088,0.985479,1
14,12,6,0.881099,0.985483,1
14,12,7,0.881071,0.985486,1
14,12,8,0.877979,0.985137,1
14,12,9,0.72278,0.950613,0
14,13,0,0.88829,0.986482,1
14,13,1,0.888226,0.98652,1
14,13,2,0.887698,0.986492,1
14,13,3,0.881763,0.985581,1
14,13,4,0.887894,0.986556,1
14,13,5,0.888021,0.986454,1
14,13,6,0.888031,0.986457,1
14,13,7,0.88801,0.986461,1
14,13,8,0.885388,0.98618,1
14,13,9,0.737956,0.954254,0
14,14,0,0.894536,0.987345,1
14,14,1,0.894451,0.987377,1
14,14,2,0.894064,0.987367,1
14,14,3,0.888581,0.986537,1
14,14,4,0.894237,0.987425,1
14,14,5,0.894202,0.987307,1
14,14,6,0.89421,0.987311,1
14,14,7,0.894196,0.987315,1
14,14,8,0.891962,0.987089,1
14,14,9,0.751608,0.957408,0
14,15,0,0.90013,0.988103,1
14,15,1,0.90003,0.988138,1
14,15,2,0.899756,0.988136,1
14,15,3,0.894666,0.987376,1
14,15,4,0.899909,0.98819,1
14,15,5,0.899744,0.988059,1
14,15,6,0.899752,0.988063,1
14,15,7,0.899743,0.988067,1
14,15,8,0.897832,0.987887,1
14,15,9,0.763949,0.960163,0
14,16,0,0.905167,0.988779,1
14,16,1,0.905056,0.988809,1
14,16,2,0.904875,0.988819,1
14,16,3,0.900129,0.988118,1
14,16,4,0.905012,0.988868,1
14,16,5,0.904742,0.988729,1
14,16,6,0.904749,0.988733,1
14,16,7,0.904745,0.988737,1
14,16,8,0.903105,0.988593,1
14,16,9,0.775154,0.962591,0
14,17,0,0.909727,0.989383,1
14,17,1,0.909606,0.98941,1
14,17,2,0.909503,0.989428,1
14,17,3,0.90506,0.988778,1
14,17,4,0.909626,0.989474,1
14,17,5,0.909271,0.989329,1
14,17,6,0.909278,0.989333,1
14,17,7,0.909277,0.989337,1
14,17,8,0.907868,0.989222,1
14,17,9,0.785369,0.964746,0
14,18,0,0.913874,0.989926,1
14,18,1,0.913746,0.98995,1
14,18,2,0.913707,0.989975,1
14,18,3,0.909533,0.989369,1
14,18,4,0.913818,0.990017,1
14,18,5,0.913393,0.989869,1
14,18,6,0.9134,0.989872,1
14,18,7,0.913403,0.989877,1
14,18,8,0.912189,0.989786,1
14,18,9,0.794716,0.96667,0
14,19,0,0.917661,0.990416,1
14,19,1,0.917527,0.990438,1
14,19,2,0.917541,0.990468,1
14,19,3,0.913609,0.989902,1
14,19,4,0.917642,0.990508,1
14,19,5,0.917162,0.990357,1
14,19,6,0.917168,0.990361,1
14,19,7,0.917173,0.990365,1
14,19,8,0.916128,0.990294,1
14,19,9,0.803301,0.968398,0
15,0,0,0.569343,0.905686,1
15,0,1,0.554648,0.897868,1
15,0,2,0.470929,0.833766,1
15,0,3,0.414142,0.795414,1
15,0,4,0.42682,0.793302,1
15,0,5,0.524973,0.877957,1
15,0,6,0.476866,0.849342,1
15,0,7,0.575606,0.906943,1
15,0,8,0.444117,0.821531,1
15,0,9,0.400272,0.745205,0
15,1,0,0.641026,0.935317,1
15,1,1,0.630823,0.932153,1
15,1,2,0.343425,0.770297,1
15,1,3,0.318798,0.746278,1
15,1,4,0.32342,0.750768,1
15,1,5,0.608723,0.924432,1
15,1,6,0.345666,0.771743,1
15,1,7,0.645048,0.936348,1
15,1,8,0.33143,0.758665,1
15,1,9,0.308856,0.736039,0
15,2,0,0.694093,0.950142,1
15,2,1,0.686909,0.948353,1
15,2,2,0.409129,0.823719,1
15,2,3,0.381195,0.802834,1
15,2,4,0.387005,0.80719,1
15,2,5,0.670156,0.943566,1
15,2,6,0.411192,0.824698,1
15,2,7,0.696721,0.95061,1
15,2,8,0.396502,0.81452,1
15,2,9,0.367395,0.791929,0
15,3,0,0.734354,0.959642,1
15,3,1,0.729187,0.958549,1
15,3,2,0.466317,0.859151,1
15,3,3,0.437138,0.841518,1
15,3,4,0.443694,0.845597,1
15,3,5,0.716167,0.955328,1
15,3,6,0.468275,0.859868,1
15,3,7,0.736101,0.959868,1
15,3,8,0.453721,0.851744,1
15,3,9,0.422082,0.832114,0
15,4,0,0.765701,0.966202,1
15,4,1,0.76191,0.965495,1
15,4,2,0.515315,0.883688,1
15,4,3,0.486092,0.868815,1
15,4,4,0.493054,0.872477,1
15,4,5,0.75153,0.963171,1
15,4,6,0.517206,0.88426,1
15,4,7,0.766872,0.9663,1
15,4,8,0.50308,0.877622,1
15,4,9,0.471167,0.861119,0
15,5,0,0.790688,0.970978,1
15,5,1,0.787861,0.970505,1
15,5,2,0.557174,0.90142,1
15,5,3,0.528555,0.888721,1
15,5,4,0.535694,0.892002,1
15,5,5,0.779395,0.968743,1
15,5,6,0.559013,0.901906,1
15,5,7,0.79147,0.971003,1
15,5,8,0.545451,0.896344,1
15,5,9,0.514392,0.882481,0
15,6,0,0.811015,0.9746,1
15,6,1,0.808881,0.974276,1
15,6,2,0.593048,0.914712,1
15,6,3,0.565359,0.903721,1
15,6,4,0.572524,0.906667,1
15,6,5,0.80184,0.972888,1
15,6,6,0.59484,0.915138,1
15,6,7,0.811527,0.974583,1
15,6,8,0.58189,0.910382,1
15,6,9,0.552191,0.898621,0
15,7,0,0.827844,0.977436,1
15,7,1,0.826219,0.977211,1
15,7,2,0.623972,0.92499,1
15,7,3,0.597357,0.915353,1
15,7,4,0.604453,0.918009,1
15,7,5,0.820263,0.976085,1
15,7,6,0.625717,0.925371,1
15,7,7,0.828164,0.977394,1
15,7,8,0.613381,0.921232,1
15,7,9,0.585224,0.911127,0
15,8,0,0.841989,0.979713,1
15,8,1,0.840745,0.979556,1
15,8,2,0.650812,0.933145,1
15,8,3,0.625315,0.924593,1
15,8,4,0.632282,0.927004,1
15,8,5,0.835634,0.978621,1
15,8,6,0.652509,0.933489,1
15,8,7,0.84217,0.979656,1
15,8,8,0.640766,0.929836,1
15,8,9,0.614171,0.921043,0
15,9,0,0.854033,0.98158,1
15,9,1,0.85308,0.981472,1
15,9,2,0.674269,0.939756,1
15,9,3,0.64988,0.932088,1
15,9,4,0.656684,0.93429,1
15,9,5,0.848639,0.980679,1
15,9,6,0.675919,0.940071,1
15,9,7,0.854111,0.981514,1
15,9,8,0.664738,0.936808,1
15,9,9,0.639647,0.929064,0
15,10,0,0.864404,0.983138,1
15,10,1,0.863677,0.983065,1
15,10,2,0.694911,0.945214,1
15,10,3,0.671591,0.938276,1
15,10,4,0.678212,0.9403,1
15,10,5,0.859777,0.982382,1
15,10,6,0.696513,0.945505,1
15,10,7,0.864406,0.983066,1
15,10,8,0.685858,0.94256,1
15,10,9,0.66218,0.935669,0
15,11,0,0.873425,0.984456,1
15,11,1,0.872875,0.984409,1
15,11,2,0.713193,0.949791,1
15,11,3,0.690888,0.943463,1
15,11,4,0.697318,0.945335,1
15,11,5,0.869417,0.983814,1
15,11,6,0.714747,0.950061,1
15,11,7,0.873369,0.984381,1
15,11,8,0.704583,0.947379,1
15,11,9,0.682212,0.941191,0
15,12,0,0.881339,0.985586,1
15,12,1,0.880929,0.985559,1
15,12,2,0.729482,0.95368,1
15,12,3,0.708134,0.947868,1
15,12,4,0.714369,0.949609,1
15,12,5,0.877838,0.985034,1
15,12,6,0.730989,0.953931,1
15,12,7,0.88124,0.98551,1
15,12,8,0.721281,0.951471,1
15,12,9,0.700113,0.945869,0
15,13,0,0.888336,0.986565,1
15,13,1,0.888039,0.986552,1
15,13,2,0.744076,0.957022,1
15,13,3,0.723625,0.951654,1
15,13,4,0.729668,0.953279,1
15,13,5,0.885256,0.986085,1
15,13,6,0.745538,0.957259,1
15,13,7,0.888204,0.986488,1
15,13,8,0.736253,0.954988,1
15,13,9,0.716188,0.949878,0
15,14,0,0.894565,0.987421,1
15,14,1,0.894359,0.98742,1
15,14,2,0.75722,0.959925,1
15,14,3,0.737607,0.95494,1
15,14,4,0.743462,0.956462,1
15,14,5,0.891837,0.987,1
15,14,6,0.758638,0.960147,1
15,14,7,0.894407,0.987344,1
15,14,8,0.749744,0.958041,1
15,14,9,0.73069,0.95335,0
15,15,0,0.900145,0.988175,1
15,15,1,0.900014,0.988183,1
15,15,2,0.769114,0.962467,1
15,15,3,0.750284,0.957817,1
15,15,4,0.755956,0.959247,1
15,15,5,0.897714,0.987803,1
15,15,6,0.77049,0.962678,1
15,15,7,0.899968,0.9881,1
15,15,8,0.76196,0.960713,1
15,15,9,0.743832,0.956383,0
15,16,0,0.905172,0.988845,1
15,16,1,0.905101,0.988861,1
15,16,2,0.779924,0.964712,1
15,16,3,0.761825,0.960357,1
15,16,4,0.767322,0.961705,1
15,16,5,0.902993,0.988514,1
15,16,6,0.78126,0.964911,1
15,16,7,0.904979,0.988771,1
15,16,8,0.773067,0.963072,1
15,16,9,0.75579,0.959055,0
15,17,0,0.909722,0.989444,1
15,17,1,0.909701,0.989465,1
15,17,2,0.789789,0.966708,1
15,17,3,0.772372,0.962614,1
15,17,4,0.777701,0.963888,1
15,17,5,0.907761,0.989148,1
15,17,6,0.791086,0.966897,1
15,17,7,0.909519,0.989372,1
15,17,8,0.783207,0.965169,1
15,17,9,0.766712,0.961425,0
15,18,0,0.91386,0.989981,1
15,18,1,0.913882,0.990006,1
15,18,2,0.798825,0.968495,1
15,18,3,0.782047,0.964632,1
15,18,4,0.787214,0.965852,1
15,18,5,0.912088,0.989722,1
15,18,6,0.800083,0.96867,1
15,18,7,0.913649,0.989912,1
15,18,8,0.792498,0.967034,1
15,18,9,0.776723,0.96354,0
15,19,0,0.91764,0.990468,1
15,19,1,0.917696,0.990497,1
15,19,2,0.807131,0.970102,1
15,19,3,0.79095,0.966446,1
15,19,4,0.795964,0.967607,1
15,19,5,0.916031,0.990234,1
15,19,6,0.808352,0.970269,1
15,19,7,0.917423,0.990401,1
15,19,8,0.801041,0.968721,1
15,19,9,0.785931,0.96544,0
16,0,0,0.580028,0.910912,1
16,0,1,0.586055,0.91626,1
16,0,2,0.578313,0.909376,1
16,0,3,0.567665,0.903347,1
16,0,4,0.579104,0.913199,1
16,0,5,0.585539,0.915593,1
16,0,6,0.585988,0.916044,1
16,0,7,0.585325,0.915323,1
16,0,8,0.570216,0.906605,1
16,0,9,0.402216,0.747116,0
16,1,0,0.64805,0.937131,1
16,1,1,0.651381,0.93778,1
16,1,2,0.646924,0.936916,1
16,1,3,0.639527,0.934691,1
16,1,4,0.64735,0.936569,1
16,1,5,0.65121,0.938025,1
16,1,6,0.65125,0.937676,1
16,1,7,0.651242,0.938126,1
16,1,8,0.641456,0.935422,1
16,1,9,0.311099,0.736539,0
16,2,0,0.698755,0.951022,1
16,2,1,0.700597,0.951199,1
16,2,2,0.698014,0.950941,1
16,2,3,0.69289,0.949702,1
16,2,4,0.698247,0.950626,1
16,2,5,0.700576,0.951427,1
16,2,6,0.700464,0.951113,1
16,2,7,0.700691,0.951528,1
16,2,8,0.694307,0.950161,1
16,2,9,0.370638,0.79282,0
16,3,0,0.737482,0.960085,1
16,3,1,0.738458,0.960051,1
16,3,2,0.736992,0.960063,1
16,3,3,0.733419,0.959334,1
16,3,4,0.737115,0.959776,1
16,3,5,0.738506,0.96026,1
16,3,6,0.738344,0.959994,1
16,3,7,0.738642,0.960347,1
16,3,8,0.734459,0.959644,1
16,3,9,0.425601,0.832931,0
16,4,0,0.767806,0.966408,1
16,4,1,0.768259,0.966282,1
16,4,2,0.767484,0.966417,1
16,4,3,0.764981,0.965976,1
16,4,4,0.767542,0.96616,1
16,4,5,0.768337,0.966467,1
16,4,6,0.768165,0.966239,1
16,4,7,0.768472,0.966542,1
16,4,8,0.765748,0.966194,1
16,4,9,0.474573,0.8617,0
16,5,0,0.792092,0.971049,1
16,5,1,0.792219,0.970882,1
16,5,2,0.791885,0.971075,1
16,5,3,0.790135,0.970808,1
16,5,4,0.791905,0.970845,1
16,5,5,0.792308,0.971046,1
16,5,6,0.792143,0.970849,1
16,5,7,0.792432,0.97111,1
16,5,8,0.790703,0.970967,1
16,5,9,0.517518,0.88284,0
16,6,0,0.811927,0.974591,1
16,6,1,0.811845,0.974407,1
16,6,2,0.811802,0.974626,1
16,6,3,0.810591,0.974468,1
16,6,4,0.811796,0.974419,1
16,6,5,0.811938,0.974553,1
16,6,6,0.811785,0.97438,1
16,6,7,0.812048,0.974609,1
16,6,8,0.811011,0.974588,1
16,6,9,0.554984,0.898807,0
16,7,0,0.828404,0.977377,1
16,7,1,0.828185,0.977187,1
16,7,2,0.828337,0.977417,1
16,7,3,0.82752,0.977331,1
16,7,4,0.828315,0.977229,1
16,7,5,0.828276,0.97732,1
16,7,6,0.828138,0.977166,1
16,7,7,0.828374,0.977368,1
16,7,8,0.82783,0.977424,1
16,7,9,0.587689,0.911188,0
16,8,0,0.842291,0.979623,1
16,8,1,0.841983,0.979434,1
16,8,2,0.842267,0.979666,1
16,8,3,0.841742,0.979628,1
16,8,4,0.842235,0.979494,1
16,8,5,0.84207,0.979554,1
16,8,6,0.841945,0.979417,1
16,8,7,0.842156,0.979597,1
16,8,8,0.841968,0.979701,1
16,8,9,0.616334,0.921013,0
16,9,0,0.854144,0.981471,1
16,9,1,0.853777,0.981286,1
16,9,2,0.854151,0.981515,1
16,9,3,0.853846,0.981511,1
16,9,4,0.854113,0.981356,1
16,9,5,0.85386,0.981396,1
16,9,6,0.853748,0.981272,1
16,9,7,0.853936,0.981434,1
16,9,8,0.854008,0.981569,1
16,9,9,0.641541,0.928971,0
16,10,0,0.864374,0.983017,1
16,10,1,0.863968,0.982837,1
16,10,2,0.864404,0.98306,1
16,10,3,0.864266,0.98308,1
16,10,4,0.864361,0.982913,1
16,10,5,0.864046,0.982938,1
16,10,6,0.863946,0.982825,1
16,10,7,0.864112,0.982972,1
16,10,8,0.864378,0.983127,1
16,10,9,0.663837,0.935531,0
16,11,0,0.873286,0.984328,1
16,11,1,0.872856,0.984155,1
16,11,2,0.873334,0.984371,1
16,11,3,0.873325,0.984408,1
16,11,4,0.873289,0.984235,1
16,11,5,0.87293,0.984248,1
16,11,6,0.87284,0.984144,1
16,11,7,0.872988,0.984279,1
16,11,8,0.873398,0.984446,1
16,11,9,0.683665,0.941021,0
16,12,0,0.881118,0.985455,1
16,12,1,0.880673,0.985286,1
16,12,2,0.881179,0.985497,1
16,12,3,0.881271,0.985545,1
16,12,4,0.881132,0.98537,1
16,12,5,0.880742,0.985376,1
16,12,6,0.880662,0.985284,1
16,12,7,0.880794,0.9854,1
16,12,8,0.881312,0.985577,1
16,12,9,0.701389,0.945677,0
16,13,0,0.888053,0.986433,1
16,13,1,0.887599,0.986269,1
16,13,2,0.888124,0.986474,1
16,13,3,0.888293,0.98653,1
16,13,4,0.888076,0.986354,1
16,13,5,0.887664,0.986355,1
16,13,6,0.887592,0.986271,1
16,13,7,0.88771,0.986374,1
16,13,8,0.888309,0.986556,1
16,13,9,0.71731,0.949671,0
16,14,0,0.894234,0.987288,1
16,14,1,0.893777,0.987131,1
16,14,2,0.894312,0.987328,1
16,14,3,0.894543,0.987391,1
16,14,4,0.894264,0.987216,1
16,14,5,0.893839,0.987211,1
16,14,6,0.893774,0.987134,1
16,14,7,0.89388,0.987229,1
16,14,8,0.894539,0.987413,1
16,14,9,0.731679,0.953133,0
16,15,0,0.899777,0.988039,1
16,15,1,0.899322,0.987899,1
16,15,2,0.899861,0.98808,1
16,15,3,0.90014,0.988151,1
16,15,4,0.899813,0.98798,1
16,15,5,0.899379,0.987966,1
16,15,6,0.89932,0.987883,1
16,15,7,0.899415,0.987987,1
16,15,8,0.900119,0.988165,1
16,15,9,0.744706,0.956163,0
16,16,0,0.904775,0.98871,1
16,16,1,0.904324,0.988576,1
16,16,2,0.904864,0.988751,1
16,16,3,0.905181,0.988824,1
16,16,4,0.904817,0.988655,1
16,16,5,0.904378,0.988639,1
16,16,6,0.904324,0.988562,1
16,16,7,0.904409,0.988659,1
16,16,8,0.905146,0.988836,1
16,16,9,0.756563,0.958831,0
16,17,0,0.909304,0.989311,1
16,17,1,0.908859,0.989182,1
16,17,2,0.909396,0.989351,1
16,17,3,0.909743,0.989426,1
16,17,4,0.90935,0.98926,1
16,17,5,0.908909,0.989242,1
16,17,6,0.90886,0.989169,1
16,17,7,0.908937,0.98926,1
16,17,8,0.909698,0.989435,1
16,17,9,0.767397,0.9612,0
16,18,0,0.913427,0.989856,1
16,18,1,0.912987,0.989723,1
16,18,2,0.913521,0.989892,1
16,18,3,0.913891,0.989966,1
16,18,4,0.913475,0.989802,1
16,18,5,0.913035,0.989786,1
16,18,6,0.912991,0.989725,1
16,18,7,0.91306,0.989799,1
16,18,8,0.913837,0.989976,1
16,18,9,0.777331,0.963313,0
16,19,0,0.917196,0.990345,1
16,19,1,0.916762,0.990217,1
16,19,2,0.917291,0.99038,1
16,19,3,0.917679,0.990455,1
16,19,4,0.917246,0.990294,1
16,19,5,0.916808,0.990277,1
16,19,6,0.916767,0.990219,1
16,19,7,0.91683,0.99029,1
16,19,8,0.917618,0.990464,1
16,19,9,0.786471,0.965215,0
17,0,0,0.586996,0.916421,1
17,0,1,0.586027,0.915149,1
17,0,2,0.581825,0.913267,1
17,0,3,0.583935,0.914636,1
17,0,4,0.583657,0.912303,1
17,0,5,0.586897,0.915939,1
17,0,6,0.585819,0.91524,1
17,0,7,0.587161,0.916363,1
17,0,8,0.585045,0.914346,1
17,0,9,0.404565,0.756028,0
17,1,0,0.652382,0.938534,1
17,1,1,0.651228,0.937591,1
17,1,2,0.64896,0.93743,1
17,1,3,0.650261,0.937987,1
17,1,4,0.649923,0.936532,1
17,1,5,0.65187,0.937621,1
17,1,6,0.650773,0.937594,1
17,1,7,0.652387,0.938442,1
17,1,8,0.650879,0.938007,1
17,1,9,0.312203,0.737226,0
17,2,0,0.701438,0.951753,1
17,2,1,0.700487,0.951118,1
17,2,2,0.699263,0.951191,1
17,2,3,0.699996,0.951474,1
17,2,4,0.699727,0.950345,1
17,2,5,0.700856,0.950993,1
17,2,6,0.69996,0.950993,1
17,2,7,0.701394,0.951678,1
17,2,8,0.700322,0.951463,1
17,2,9,0.371904,0.792302,0
17,3,0,0.739124,0.960482,1
17,3,1,0.738387,0.960004,1
17,3,2,0.73776,0.960176,1
17,3,3,0.738156,0.96034,1
17,3,4,0.737952,0.95942,1
17,3,5,0.738584,0.959854,1
17,3,6,0.737894,0.959892,1
17,3,7,0.739065,0.960416,1
17,3,8,0.738314,0.960303,1
17,3,9,0.426714,0.831735,0
17,4,0,0.768775,0.966627,1
17,4,1,0.76821,0.966239,1
17,4,2,0.767941,0.966456,1
17,4,3,0.768138,0.966564,1
17,4,4,0.767984,0.965789,1
17,4,5,0.768309,0.966105,1
17,4,6,0.767786,0.966168,1
17,4,7,0.768713,0.966569,1
17,4,8,0.7682,0.966509,1
17,4,9,0.475875,0.861395,0
17,5,0,0.792612,0.971165,1
17,5,1,0.792184,0.970846,1
17,5,2,0.792138,0.971075,1
17,5,3,0.79221,0.971147,1
17,5,4,0.792094,0.970481,1
17,5,5,0.792222,0.97072,1
17,5,6,0.791831,0.970797,1
17,5,7,0.792553,0.971113,1
17,5,8,0.792212,0.971089,1
17,5,9,0.518939,0.882658,0
17,6,0,0.812141,0.974641,1
17,6,1,0.811823,0.974383,1
17,6,2,0.811918,0.974605,1
17,6,3,0.811906,0.974651,1
17,6,4,0.811822,0.974069,1
17,6,5,0.811817,0.974255,1
17,6,6,0.811532,0.974337,1
17,6,7,0.812086,0.974597,1
17,6,8,0.81187,0.974597,1
17,6,9,0.556367,0.898239,0
17,7,0,0.828404,0.977387,1
17,7,1,0.828173,0.977168,1
17,7,2,0.828358,0.977383,1
17,7,3,0.828291,0.977415,1
17,7,4,0.828231,0.976898,1
17,7,5,0.828137,0.977048,1
17,7,6,0.827933,0.977133,1
17,7,7,0.828354,0.977347,1
17,7,8,0.828231,0.977362,1
17,7,9,0.589052,0.910698,0
17,8,0,0.84214,0.979607,1
17,8,1,0.841977,0.979418,1
17,8,2,0.842221,0.979624,1
17,8,3,0.842117,0.979646,1
17,8,4,0.842076,0.979182,1
17,8,5,0.841921,0.979306,1
17,8,6,0.841781,0.979392,1
17,8,7,0.842096,0.979572,1
17,8,8,0.842043,0.979595,1
17,8,9,0.617684,0.920589,0
17,9,0,0.853886,0.981437,1
17,9,1,0.853776,0.981272,1
17,9,2,0.854058,0.981468,1
17,9,3,0.85393,0.981484,1
17,9,4,0.853903,0.981062,1
17,9,5,0.853707,0.981167,1
17,9,6,0.853617,0.981253,1
17,9,7,0.853846,0.981405,1
17,9,8,0.853846,0.981435,1
17,9,9,0.642877,0.928601,0
17,10,0,0.864038,0.982971,1
17,10,1,0.863971,0.982825,1
17,10,2,0.864277,0.983011,1
17,10,3,0.864133,0.983022,1
17,10,4,0.864117,0.982636,1
17,10,5,0.863893,0.982727,1
17,10,6,0.863842,0.982811,1
17,10,7,0.864003,0.982942,1
17,10,8,0.864042,0.982976,1
17,10,9,0.665159,0.935205,0
17,11,0,0.872896,0.984275,1
17,11,1,0.872862,0.984144,1
17,11,2,0.873182,0.984321,1
17,11,3,0.873028,0.984328,1
17,11,4,0.873021,0.983973,1
17,11,5,0.872779,0.984051,1
17,11,6,0.872759,0.984134,1
17,11,7,0.872864,0.984248,1
17,11,8,0.872935,0.984284,1
17,11,9,0.68497,0.940732,0
17,12,0,0.880689,0.985395,1
17,12,1,0.880681,0.985277,1
17,12,2,0.88101,0.985446,1
17,12,3,0.880849,0.98545,1
17,12,4,0.880849,0.985121,1
17,12,5,0.880594,0.98519,1
17,12,6,0.880599,0.985271,1
17,12,7,0.88066,0.98537,1
17,12,8,0.880754,0.985408,1
17,12,9,0.702675,0.945418,0
17,13,0,0.887595,0.986369,1
17,13,1,0.887609,0.986262,1
17,13,2,0.887942,0.986422,1
17,13,3,0.887778,0.986425,1
17,13,4,0.887783,0.986118,1
17,13,5,0.887521,0.98618,1
17,13,6,0.887545,0.986258,1
17,13,7,0.887569,0.986346,1
17,13,8,0.887682,0.986384,1
17,13,9,0.718575,0.949438,0
17,14,0,0.893757,0.987223,1
17,14,1,0.893789,0.987124,1
17,14,2,0.894122,0.987277,1
17,14,3,0.893956,0.987278,1
17,14,4,0.893966,0.986991,1
17,14,5,0.893699,0.987047,1
17,14,6,0.89374,0.987123,1
17,14,7,0.893734,0.987201,1
17,14,8,0.893861,0.98724,1
17,14,9,0.732923,0.952921,0
17,15,0,0.899288,0.987977,1
17,15,1,0.899333,0.987886,1
17,15,2,0.899665,0.988032,1
17,15,3,0.899499,0.988032,1
17,15,4,0.899513,0.987762,1
17,15,5,0.899244,0.987813,1
17,15,6,0.899297,0.987886,1
17,15,7,0.899267,0.987956,1
17,15,8,0.899404,0.987995,1
17,15,9,0.745926,0.955967,0
17,16,0,0.904279,0.988648,1
17,16,1,0.904335,0.988564,1
17,16,2,0.904664,0.988703,1
17,16,3,0.904498,0.988703,1
17,16,4,0.904515,0.988448,1
17,16,5,0.904246,0.988494,1
17,16,6,0.90431,0.988566,1
17,16,7,0.904259,0.988629,1
17,16,8,0.904405,0.988668,1
17,16,9,0.757759,0.958651,0
17,17,0,0.908804,0.989249,1
17,17,1,0.90887,0.989171,1
17,17,2,0.909194,0.989304,1
17,17,3,0.90903,0.989303,1
17,17,4,0.909049,0.989062,1
17,17,5,0.908782,0.989104,1
17,17,6,0.908854,0.989174,1
17,17,7,0.908786,0.989231,1
17,17,8,0.908938,0.989269,1
17,17,9,0.768569,0.961033,0
17,18,0,0.912925,0.98979,1
17,18,1,0.912999,0.989718,1
17,18,2,0.913318,0.989845,1
17,18,3,0.913156,0.989843,1
17,18,4,0.913177,0.989615,1
17,18,5,0.912912,0.989654,1
17,18,6,0.912991,0.989721,1
17,18,7,0.912909,0.989773,1
17,18,8,0.913066,0.989811,1
17,18,9,0.778479,0.963161,0
17,19,0,0.916694,0.990279,1
17,19,1,0.916775,0.990212,1
17,19,2,0.917088,0.990334,1
17,19,3,0.916928,0.990332,1
17,19,4,0.916951,0.990115,1
17,19,5,0.916688,0.990151,1
17,19,6,0.916773,0.990216,1
17,19,7,0.91668,0.990263,1
17,19,8,0.91684,0.990301,1
17,19,9,0.787596,0.965072,0
18,0,0,0.571522,0.906649,1
18,0,1,0.58648,0.916316,1
18,0,2,0.478202,0.83242,1
18,0,3,0.407003,0.772558,1
18,0,4,0.499339,0.863023,1
18,0,5,0.552055,0.892933,1
18,0,6,0.58193,0.914427,1
18,0,7,0.583384,0.91343,1
18,0,8,0.456503,0.82933,1
18,0,9,0.40961,0.781381,0
18,1,0,0.642368,0.935747,1
18,1,1,0.651901,0.938223,1
18,1,2,0.345927,0.769274,1
18,1,3,0.317624,0.746996,1
18,1,4,0.357416,0.782273,1
18,1,5,0.628595,0.930662,1
18,1,6,0.64874,0.936279,1
18,1,7,0.649979,0.937508,1
18,1,8,0.336451,0.762902,1
18,1,9,0.315317,0.740757,0
18,2,0,0.694946,0.950351,1
18,2,1,0.701059,0.951537,1
18,2,2,0.411252,0.822503,1
18,2,3,0.3797,0.803081,1
18,2,4,0.422275,0.832106,1
18,2,5,0.685119,0.947267,1
18,2,6,0.698929,0.950259,1
18,2,7,0.699874,0.951128,1
18,2,8,0.401863,0.817909,1
18,2,9,0.376466,0.797401,0
18,3,0,0.73491,0.959763,1
18,3,1,0.73884,0.960322,1
18,3,2,0.468307,0.858026,1
18,3,3,0.435091,0.84137,1
18,3,4,0.478459,0.865305,1
18,3,5,0.727781,0.957742,1
18,3,6,0.737416,0.959396,1
18,3,7,0.738119,0.960076,1
18,3,8,0.459201,0.854559,1
18,3,9,0.432114,0.837039,0
18,4,0,0.766068,0.966271,1
18,4,1,0.768561,0.966504,1
18,4,2,0.517274,0.882726,1
18,4,3,0.483485,0.868361,1
18,4,4,0.526464,0.888402,1
18,4,5,0.760799,0.964843,1
18,4,6,0.767639,0.965836,1
18,4,7,0.768145,0.966344,1
18,4,8,0.508549,0.880018,1
18,4,9,0.48123,0.8652,0
18,5,0,0.79093,0.97102,1
18,5,1,0.792454,0.971066,1
18,5,2,0.559134,0.900604,1
18,5,3,0.525482,0.888097,1
18,5,4,0.567412,0.905174,1
18,5,5,0.786978,0.969976,1
18,5,6,0.79188,0.970541,1
18,5,7,0.792241,0.970961,1
18,5,8,0.550819,0.898396,1
18,5,9,0.524034,0.885787,0
18,6,0,0.811172,0.974625,1
18,6,1,0.812027,0.974562,1
18,6,2,0.595013,0.914017,1
18,6,3,0.561929,0.903005,1
18,6,4,0.602475,0.917795,1
18,6,5,0.808175,0.973835,1
18,6,6,0.8117,0.974137,1
18,6,7,0.811951,0.974493,1
18,6,8,0.587107,0.912167,1
18,6,9,0.561229,0.901304,0
18,7,0,0.827941,0.977448,1
18,7,1,0.828323,0.977323,1
18,7,2,0.625938,0.924425,1
18,7,3,0.593674,0.914595,1
18,7,4,0.632683,0.927574,1
18,7,5,0.825649,0.97683,1
18,7,6,0.828175,0.976974,1
18,7,7,0.828343,0.977276,1
18,7,8,0.618419,0.922784,1
18,7,9,0.593681,0.913749,0
18,8,0,0.842043,0.979719,1
18,8,1,0.842086,0.979552,1
18,8,2,0.652767,0.932648,1
18,8,3,0.621455,0.923818,1
18,8,4,0.658893,0.935364,1
18,8,5,0.840283,0.979229,1
18,8,6,0.842068,0.979254,1
18,8,7,0.842174,0.979523,1
18,8,8,0.645618,0.931223,1
18,8,9,0.622029,0.923256,0
18,9,0,0.854055,0.981581,1
18,9,1,0.853853,0.98139,1
18,9,2,0.676207,0.939319,1
18,9,3,0.645906,0.931313,1
18,9,4,0.681796,0.941691,1
18,9,5,0.852703,0.981184,1
18,9,6,0.85393,0.981134,1
18,9,7,0.853988,0.981372,1
18,9,8,0.669404,0.938058,1
18,9,9,0.646929,0.930953,0
18,10,0,0.864404,0.983135,1
18,10,1,0.864022,0.98293,1
18,10,2,0.696823,0.944829,1
18,10,3,0.667551,0.937512,1
18,10,4,0.701949,0.946923,1
18,10,5,0.863368,0.982808,1
18,10,6,0.864169,0.982707,1
18,10,7,0.864191,0.98292,1
18,10,8,0.690342,0.943695,1
18,10,9,0.668926,0.937298,0
18,11,0,0.873408,0.984453,1
18,11,1,0.872893,0.984236,1
18,11,2,0.715074,0.949438,1
18,11,3,0.68682,0.94272,1
18,11,4,0.719797,0.951326,1
18,11,5,0.872622,0.984193,1
18,11,6,0.87309,0.984017,1
18,11,7,0.873085,0.984235,1
18,11,8,0.708891,0.948407,1
18,11,9,0.688469,0.942607,0
18,12,0,0.881309,0.985581,1
18,12,1,0.880697,0.985361,1
18,12,2,0.731329,0.953361,1
18,12,3,0.704065,0.947147,1
18,12,4,0.735699,0.955066,1
18,12,5,0.880722,0.985364,1
18,12,6,0.880931,0.985165,1
18,12,7,0.880906,0.985364,1
18,12,8,0.725421,0.952421,1
18,12,9,0.705928,0.947114,0
18,13,0,0.888297,0.986559,1
18,13,1,0.887612,0.986338,1
18,13,2,0.745886,0.956733,1
18,13,3,0.719575,0.950955,1
18,13,4,0.749947,0.958284,1
18,13,5,0.88787,0.986375,1
18,13,6,0.887875,0.986161,1
18,13,7,0.887832,0.986344,1
18,13,8,0.740235,0.955869,1
18,13,9,0.721604,0.950982,0
18,14,0,0.894519,0.987414,1
18,14,1,0.893781,0.987194,1
18,14,2,0.758992,0.959659,1
18,14,3,0.733591,0.954263,1
18,14,4,0.762779,0.961081,1
18,14,5,0.894221,0.987257,1
18,14,6,0.894065,0.987033,1
18,14,7,0.894009,0.987203,1
18,14,8,0.753578,0.958861,1
18,14,9,0.735748,0.954335,0
18,15,0,0.900093,0.988168,1
18,15,1,0.899317,0.987951,1
18,15,2,0.770847,0.962223,1
18,15,3,0.746313,0.957162,1
18,15,4,0.774391,0.963533,1
18,15,5,0.899901,0.988033,1
18,15,6,0.899617,0.987803,1
18,15,7,0.89955,0.987961,1
18,15,8,0.765653,0.961481,1
18,15,9,0.748566,0.957269,0
18,16,0,0.905116,0.988837,1
18,16,1,0.904312,0.988624,1
18,16,2,0.781618,0.964486,1
18,16,3,0.757907,0.959723,1
18,16,4,0.784946,0.9657,1
18,16,5,0.90501,0.988721,1
18,16,6,0.904624,0.988488,1
18,16,7,0.904548,0.988636,1
18,16,8,0.776628,0.963794,1
18,16,9,0.760232,0.959856,0
18,17,0,0.909663,0.989436,1
18,17,1,0.90884,0.989227,1
18,17,2,0.791444,0.966498,1
18,17,3,0.768513,0.962,1
18,17,4,0.794578,0.967628,1
18,17,5,0.909629,0.989335,1
18,17,6,0.909161,0.989101,1
18,17,7,0.909078,0.98924,1
18,17,8,0.786645,0.965849,1
18,17,9,0.77089,0.962154,0
18,18,0,0.9138,0.989975,1
18,18,1,0.912965,0.98977,1
18,18,2,0.800442,0.968298,1
18,18,3,0.77825,0.964038,1
18,18,4,0.803401,0.969355,1
18,18,5,0.913825,0.989886,1
18,18,6,0.913291,0.989653,1
18,18,7,0.913203,0.989783,1
18,18,8,0.79582,0.967687,1
18,18,9,0.780663,0.964207,0
18,19,0,0.917578,0.990461,1
18,19,1,0.916736,0.990261,1
18,19,2,0.808711,0.969919,1
18,19,3,0.787217,0.965872,1
18,19,4,0.811512,0.970908,1
18,19,5,0.917652,0.990384,1
18,19,6,0.917066,0.990152,1
18,19,7,0.916973,0.990275,1
18,19,8,0.804254,0.969339,1
18,19,9,0.789655,0.966084,0
19,0,0,0.586064,0.915096,1
19,0,1,0.585819,0.915263,1
19,0,2,0.583647,0.915075,1
19,0,3,0.585224,0.915528,1
19,0,4,0.585172,0.91527,1
19,0,5,0.586142,0.915535,1
19,0,6,0.584891,0.915433,1
19,0,7,0.586756,0.916273,1
19,0,8,0.584324,0.914065,1
19,0,9,0.401288,0.759299,0
19,1,0,0.651349,0.938061,1
19,1,1,0.651565,0.938309,1
19,1,2,0.649961,0.93722,1
19,1,3,0.650967,0.937738,1
19,1,4,0.650907,0.937941,1
19,1,5,0.651615,0.938302,1
19,1,6,0.651111,0.938158,1
19,1,7,0.65226,0.938362,1
19,1,8,0.650505,0.937821,1
19,1,9,0.308659,0.735789,0
19,2,0,0.700567,0.951404,1
19,2,1,0.700886,0.951642,1
19,2,2,0.699758,0.950926,1
19,2,3,0.700396,0.951252,1
19,2,4,0.700364,0.951391,1
19,2,5,0.700844,0.951635,1
19,2,6,0.700692,0.951562,1
19,2,7,0.701394,0.951641,1
19,2,8,0.700172,0.951321,1
19,2,9,0.367133,0.791546,0
19,3,0,0.738434,0.960228,1
19,3,1,0.73876,0.960427,1
19,3,2,0.737977,0.959898,1
19,3,3,0.738377,0.960121,1
19,3,4,0.738359,0.960241,1
19,3,5,0.738682,0.960412,1
19,3,6,0.738699,0.96039,1
19,3,7,0.739121,0.9604,1
19,3,8,0.738283,0.960209,1
19,3,9,0.421928,0.831906,0
19,4,0,0.76824,0.966437,1
19,4,1,0.768541,0.966602,1
19,4,2,0.768004,0.966188,1
19,4,3,0.768247,0.966349,1
19,4,4,0.768236,0.966458,1
19,4,5,0.768451,0.966583,1
19,4,6,0.768551,0.966588,1
19,4,7,0.768792,0.966561,1
19,4,8,0.768227,0.966448,1
19,4,9,0.471174,0.861051,0
19,5,0,0.792203,0.971018,1
19,5,1,0.792469,0.971157,1
19,5,2,0.792111,0.970825,1
19,5,3,0.792246,0.970947,1
19,5,4,0.79224,0.971043,1
19,5,5,0.792378,0.971139,1
19,5,6,0.792518,0.971153,1
19,5,7,0.792639,0.971109,1
19,5,8,0.79227,0.971042,1
19,5,9,0.51456,0.88251,0
19,6,0,0.811833,0.974528,1
19,6,1,0.812063,0.974646,1
19,6,2,0.811834,0.974372,1
19,6,3,0.811897,0.974468,1
19,6,4,0.811893,0.974554,1
19,6,5,0.811976,0.974629,1
19,6,6,0.812134,0.974647,1
19,6,7,0.812173,0.974595,1
19,6,8,0.811946,0.974558,1
19,6,9,0.552496,0.898711,0
19,7,0,0.828175,0.977297,1
19,7,1,0.828373,0.977399,1
19,7,2,0.828241,0.977168,1
19,7,3,0.828251,0.977245,1
19,7,4,0.82825,0.977323,1
19,7,5,0.828292,0.977384,1
19,7,6,0.828457,0.977403,1
19,7,7,0.828438,0.977346,1
19,7,8,0.828316,0.97733,1
19,7,9,0.585641,0.911255,0
19,8,0,0.841975,0.979534,1
19,8,1,0.842144,0.979623,1
19,8,2,0.842084,0.979425,1
19,8,3,0.842057,0.979488,1
19,8,4,0.842057,0.979559,1
19,8,5,0.84207,0.97961,1
19,8,6,0.842234,0.979629,1
19,8,7,0.842176,0.979571,1
19,8,8,0.842131,0.979568,1
19,8,9,0.614675,0.921193,0
19,9,0,0.853771,0.981377,1
19,9,1,0.853915,0.981456,1
19,9,2,0.853909,0.981283,1
19,9,3,0.853856,0.981337,1
19,9,4,0.853857,0.981402,1
19,9,5,0.853847,0.981444,1
19,9,6,0.854008,0.981463,1
19,9,7,0.853922,0.981404,1
19,9,8,0.853935,0.981411,1
19,9,9,0.640217,0.929227,0
19,10,0,0.863963,0.982922,1
19,10,1,0.864086,0.982992,1
19,10,2,0.864122,0.982839,1
19,10,3,0.864049,0.982885,1
19,10,4,0.864051,0.982945,1
19,10,5,0.864024,0.982981,1
19,10,6,0.86418,0.982999,1
19,10,7,0.864073,0.982941,1
19,10,8,0.86413,0.982954,1
19,10,9,0.662798,0.935839,0
19,11,0,0.872852,0.984233,1
19,11,1,0.872958,0.984296,1
19,11,2,0.873025,0.98416,1
19,11,3,0.872938,0.984199,1
19,11,4,0.87294,0.984255,1
19,11,5,0.872901,0.984286,1
19,11,6,0.873051,0.984304,1
19,11,7,0.87293,0.984247,1
19,11,8,0.87302,0.984265,1
19,11,9,0.682866,0.941363,0
19,12,0,0.880671,0.98536,1
19,12,1,0.880761,0.985417,1
19,12,2,0.880852,0.985295,1
19,12,3,0.880755,0.985328,1
19,12,4,0.880758,0.985381,1
19,12,5,0.880709,0.985408,1
19,12,6,0.880853,0.985425,1
19,12,7,0.880721,0.98537,1
19,12,8,0.880838,0.985391,1
19,12,9,0.700792,0.94604,0
19,13,0,0.887598,0.986339,1
19,13,1,0.887676,0.986391,1
19,13,2,0.887785,0.98628,1
19,13,3,0.887681,0.98631,1
19,13,4,0.887684,0.986359,1
19,13,5,0.887628,0.986383,1
19,13,6,0.887765,0.986399,1
19,13,7,0.887627,0.986345,1
19,13,8,0.887763,0.986369,1
19,13,9,0.716884,0.950048,0
19,14,0,0.893777,0.987198,1
19,14,1,0.893844,0.987243,1
19,14,2,0.893968,0.98714,1
19,14,3,0.893858,0.987164,1
19,14,4,0.893862,0.987217,1
19,14,5,0.8938,0.987232,1
19,14,6,0.89393,0.987257,1
19,14,7,0.893787,0.987203,1
19,14,8,0.893938,0.987227,1
19,14,9,0.731397,0.953515,0
19,15,0,0.899321,0.987956,1
19,15,1,0.899379,0.987997,1
19,15,2,0.899513,0.987903,1
19,15,3,0.8994,0.987924,1
19,15,4,0.899404,0.987974,1
19,15,5,0.899338,0.987987,1
19,15,6,0.899462,0.98801,1
19,15,7,0.899317,0.987958,1
19,15,8,0.899479,0.987983,1
19,15,9,0.744544,0.956545,0
19,16,0,0.904323,0.98863,1
19,16,1,0.904373,0.988668,1
19,16,2,0.904515,0.988581,1
19,16,3,0.9044,0.9886,1
19,16,4,0.904404,0.988647,1
19,16,5,0.904335,0.988658,1
19,16,6,0.904453,0.988681,1
19,16,7,0.904306,0.98863,1
19,16,8,0.904476,0.988656,1
19,16,9,0.756503,0.959212,0
19,17,0,0.908857,0.989233,1
19,17,1,0.9089,0.989269,1
19,17,2,0.909049,0.989188,1
19,17,3,0.908933,0.989205,1
19,17,4,0.908936,0.98925,1
19,17,5,0.908865,0.98926,1
19,17,6,0.908977,0.989281,1
19,17,7,0.90883,0.989232,1
19,17,8,0.909007,0.989258,1
19,17,9,0.767423,0.961578,0
19,18,0,0.912986,0.989776,1
19,18,1,0.913023,0.989809,1
19,18,2,0.913177,0.989734,1
19,18,3,0.91306,0.989749,1
19,18,4,0.913063,0.989792,1
19,18,5,0.91299,0.989801,1
19,18,6,0.913097,0.989821,1
19,18,7,0.912951,0.989774,1
19,18,8,0.913132,0.9898,1
19,18,9,0.777431,0.96369,0
19,19,0,0.916762,0.990268,1
19,19,1,0.916793,0.990299,1
19,19,2,0.91695,0.990228,1
19,19,3,0.916833,0.990242,1
19,19,4,0.916837,0.990283,1
19,19,5,0.916763,0.990291,1
19,19,6,0.916865,0.99031,1
19,19,7,0.916719,0.990264,1
19,19,8,0.916903,0.990291,1
19,19,9,0.786634,0.965586,0
20,0,0,0.586989,0.91624,1
20,0,1,0.585054,0.915029,1
20,0,2,0.585323,0.913914,1
20,0,3,0.586884,0.915767,1
20,0,4,0.585302,0.916049,1
20,0,5,0.580672,0.913834,1
20,0,6,0.58294,0.913834,1
20,0,7,0.585854,0.915954,1
20,0,8,0.584901,0.914969,1
20,0,9,0.411845,0.779325,0
20,1,0,0.651732,0.93761,1
20,1,1,0.650982,0.938133,1
20,1,2,0.650813,0.93697,1
20,1,3,0.651923,0.937693,1
20,1,4,0.651138,0.938073,1
20,1,5,0.648055,0.937283,1
20,1,6,0.649522,0.937654,1
20,1,7,0.651655,0.938185,1
20,1,8,0.65031,0.937615,1
20,1,9,0.315662,0.742803,0
20,2,0,0.700673,0.950965,1
20,2,1,0.700482,0.951529,1
20,2,2,0.7002,0.95064,1
20,2,3,0.700945,0.951037,1
20,2,4,0.700568,0.951474,1
20,2,5,0.698541,0.951113,1
20,2,6,0.699497,0.951246,1
20,2,7,0.700989,0.951529,1
20,2,8,0.699716,0.951076,1
20,2,9,0.376891,0.799198,0
20,3,0,0.738408,0.959841,1
20,3,1,0.738482,0.96036,1
20,3,2,0.738185,0.959611,1
20,3,3,0.738681,0.959904,1
20,3,4,0.738528,0.960305,1
20,3,5,0.737205,0.960138,1
20,3,6,0.737823,0.96019,1
20,3,7,0.738854,0.960336,1
20,3,8,0.737777,0.959997,1
20,3,9,0.432717,0.838674,0
20,4,0,0.768151,0.966095,1
20,4,1,0.76835,0.966561,1
20,4,2,0.768074,0.96592,1
20,4,3,0.768398,0.966147,1
20,4,4,0.768374,0.966509,1
20,4,5,0.767526,0.966447,1
20,4,6,0.767918,0.966456,1
20,4,7,0.76862,0.966523,1
20,4,8,0.767747,0.966268,1
20,4,9,0.482014,0.86669,0
20,5,0,0.792085,0.970715,1
20,5,1,0.792342,0.971132,1
20,5,2,0.792096,0.970577,1
20,5,3,0.792299,0.970758,1
20,5,4,0.79235,0.971084,1
20,5,5,0.791831,0.971083,1
20,5,6,0.792068,0.971067,1
20,5,7,0.792534,0.971088,1
20,5,8,0.79184,0.970892,1
20,5,9,0.524974,0.887155,0
20,6,0,0.811702,0.974257,1
20,6,1,0.811982,0.974631,1
20,6,2,0.811768,0.974144,1
20,6,3,0.811884,0.974292,1
20,6,4,0.811981,0.974587,1
20,6,5,0.811692,0.974622,1
20,6,6,0.811821,0.974592,1
20,6,7,0.812116,0.974584,1
20,6,8,0.811569,0.974431,1
20,6,9,0.562288,0.902562,0
20,7,0,0.828041,0.977053,1
20,7,1,0.828326,0.977391,1
20,7,2,0.828142,0.976957,1
20,7,3,0.828196,0.977081,1
20,7,4,0.828319,0.97735,1
20,7,5,0.828196,0.977407,1
20,7,6,0.828248,0.977368,1
20,7,7,0.828416,0.977342,1
20,7,8,0.827989,0.977221,1
20,7,9,0.594758,0.914485,0
20,8,0,0.841842,0.979313,1
20,8,1,0.842123,0.97962,1
20,8,2,0.841965,0.97923,1
20,8,3,0.841972,0.979336,1
20,8,4,0.842111,0.979582,1
20,8,5,0.842108,0.979652,1
20,8,6,0.842105,0.979609,1
20,8,7,0.842179,0.979571,1
20,8,8,0.841849,0.979474,1
20,8,9,0.623129,0.923939,0
20,9,0,0.853641,0.981175,1
20,9,1,0.853914,0.981456,1
20,9,2,0.853778,0.981103,1
20,9,3,0.853751,0.981194,1
20,9,4,0.853899,0.981421,1
20,9,5,0.853984,0.981499,1
20,9,6,0.85394,0.981454,1
20,9,7,0.853943,0.981408,1
20,9,8,0.853692,0.98133,1
20,9,9,0.648051,0.931592,0
20,10,0,0.863838,0.982736,1
20,10,1,0.864099,0.982994,1
20,10,2,0.863983,0.982671,1
20,10,3,0.86393,0.982751,1
20,10,4,0.864083,0.982962,1
20,10,5,0.864232,0.983044,1
20,10,6,0.864159,0.982997,1
20,10,7,0.864108,0.982947,1
20,10,8,0.863921,0.982883,1
20,10,9,0.670065,0.937898,0
20,11,0,0.872732,0.984061,1
20,11,1,0.872982,0.984301,1
20,11,2,0.872882,0.984,1
20,11,3,0.87281,0.984074,1
20,11,4,0.872965,0.98427,1
20,11,5,0.873162,0.984353,1
20,11,6,0.873067,0.984308,1
20,11,7,0.872975,0.984255,1
20,11,8,0.87284,0.984203,1
20,11,9,0.689619,0.943176,0
20,12,0,0.880557,0.985201,1
20,12,1,0.880794,0.985422,1
20,12,2,0.880709,0.985153,1
20,12,3,0.880622,0.985213,1
20,12,4,0.880775,0.985395,1
20,12,5,0.881009,0.98548,1
20,12,6,0.880898,0.985433,1
20,12,7,0.880774,0.985378,1
20,12,8,0.88068,0.985331,1
20,12,9,0.707102,0.947664,0
20,13,0,0.88749,0.986191,1
20,13,1,0.887715,0.986396,1
20,13,2,0.887642,0.986147,1
20,13,3,0.887544,0.9862,1
20,13,4,0.887695,0.986372,1
20,13,5,0.887956,0.986456,1
20,13,6,0.887834,0.986409,1
20,13,7,0.887685,0.986354,1
20,13,8,0.887626,0.986315,1
20,13,9,0.72279,0.951507,0
20,14,0,0.893674,0.98706,1
20,14,1,0.893888,0.987254,1
20,14,2,0.893826,0.987013,1
20,14,3,0.893719,0.987074,1
20,14,4,0.893868,0.987226,1
20,14,5,0.894149,0.987304,1
20,14,6,0.894017,0.98727,1
20,14,7,0.893851,0.987211,1
20,14,8,0.893819,0.987182,1
20,14,9,0.736938,0.954835,0
20,15,0,0.899224,0.987826,1
20,15,1,0.899427,0.988008,1
20,15,2,0.899373,0.987782,1
20,15,3,0.899261,0.987838,1
20,15,4,0.899407,0.987982,1
20,15,5,0.899703,0.988059,1
20,15,6,0.899564,0.988026,1
20,15,7,0.899383,0.987966,1
20,15,8,0.899376,0.987943,1
20,15,9,0.749754,0.957747,0
20,16,0,0.90423,0.988507,1
20,16,1,0.904423,0.988679,1
20,16,2,0.904378,0.988467,1
20,16,3,0.90426,0.988518,1
20,16,4,0.904403,0.988654,1
20,16,5,0.90471,0.98873,1
20,16,6,0.904566,0.988697,1
20,16,7,0.904375,0.988639,1
20,16,8,0.904387,0.988619,1
20,16,9,0.761412,0.960314,0
20,17,0,0.908769,0.989117,1
20,17,1,0.908953,0.989279,1
20,17,2,0.908914,0.989079,1
20,17,3,0.908794,0.989127,1
20,17,4,0.908933,0.989256,1
20,17,5,0.909247,0.989331,1
20,17,6,0.9091,0.989298,1
20,17,7,0.9089,0.989241,1
20,17,8,0.908929,0.989224,1
20,17,9,0.77206,0.962592,0
20,18,0,0.912902,0.989666,1
20,18,1,0.913077,0.98982,1
20,18,2,0.913045,0.98963,1
20,18,3,0.912922,0.989675,1
20,18,4,0.913058,0.989798,1
20,18,5,0.913377,0.989871,1
20,18,6,0.913227,0.989839,1
20,18,7,0.913022,0.989783,1
20,18,8,0.913065,0.989769,1
20,18,9,0.78182,0.964627,0
20,19,0,0.916681,0.990163,1
20,19,1,0.916848,0.99031,1
20,19,2,0.916821,0.990129,1
20,19,3,0.916697,0.990171,1
20,19,4,0.916829,0.990288,1
20,19,5,0.917151,0.99036,1
20,19,6,0.917001,0.990329,1
20,19,7,0.916791,0.990273,1
20,19,8,0.916845,0.990262,1
20,19,9,0.790796,0.966456,0
21,0,0,0.576141,0.910226,1
21,0,1,0.586729,0.915334,1
21,0,2,0.562417,0.900164,1
21,0,3,0.563174,0.903594,1
21,0,4,0.573458,0.907757,1
21,0,5,0.584996,0.914709,1
21,0,6,0.586267,0.916426,1
21,0,7,0.585038,0.915379,1
21,0,8,0.561623,0.899783,1
21,0,9,0.404774,0.773626,0
21,1,0,0.645299,0.93612,1
21,1,1,0.652209,0.937989,1
21,1,2,0.636274,0.933785,1
21,1,3,0.63677,0.933789,1
21,1,4,0.643568,0.935864,1
21,1,5,0.650961,0.937917,1
21,1,6,0.651766,0.938261,1
21,1,7,0.651164,0.938251,1
21,1,8,0.635618,0.933654,1
21,1,9,0.312019,0.73875,0
21,2,0,0.696847,0.950438,1
21,2,1,0.701339,0.951325,1
21,2,2,0.690795,0.949267,1
21,2,3,0.69113,0.949247,1
21,2,4,0.695701,0.950343,1
21,2,5,0.700471,0.951363,1
21,2,6,0.700962,0.951616,1
21,2,7,0.700705,0.951643,1
21,2,8,0.690308,0.949207,1
21,2,9,0.371922,0.794957,0
21,3,0,0.73616,0.959707,1
21,3,1,0.739071,0.960138,1
21,3,2,0.732022,0.959106,1
21,3,3,0.732256,0.959073,1
21,3,4,0.735395,0.959708,1
21,3,5,0.738477,0.960221,1
21,3,6,0.738772,0.960389,1
21,3,7,0.738693,0.960452,1
21,3,8,0.731658,0.959079,1
21,3,9,0.427111,0.834822,0
21,4,0,0.766894,0.966153,1
21,4,1,0.768749,0.966337,1
21,4,2,0.764025,0.965854,1
21,4,3,0.764193,0.965815,1
21,4,4,0.766382,0.966199,1
21,4,5,0.76835,0.966442,1
21,4,6,0.768519,0.966562,1
21,4,7,0.768536,0.966634,1
21,4,8,0.76375,0.965846,1
21,4,9,0.476213,0.863354,0
21,5,0,0.79147,0.970872,1
21,5,1,0.792603,0.970916,1
21,5,2,0.789468,0.970744,1
21,5,3,0.789592,0.970705,1
21,5,4,0.791132,0.97094,1
21,5,5,0.792344,0.971029,1
21,5,6,0.792429,0.971118,1
21,5,7,0.792499,0.971192,1
21,5,8,0.789259,0.970746,1
21,5,9,0.519224,0.884294,0
21,6,0,0.811514,0.974465,1
21,6,1,0.812143,0.974425,1
21,6,2,0.810122,0.974439,1
21,6,3,0.810214,0.974401,1
21,6,4,0.811298,0.974544,1
21,6,5,0.811986,0.97454,1
21,6,6,0.812014,0.974609,1
21,6,7,0.812114,0.974681,1
21,6,8,0.809962,0.974447,1
21,6,9,0.556715,0.900096,0
21,7,0,0.828144,0.977287,1
21,7,1,0.828414,0.977195,1
21,7,2,0.827189,0.977324,1
21,7,3,0.827258,0.977287,1
21,7,4,0.828014,0.97737,1
21,7,5,0.828331,0.97731,1
21,7,6,0.82832,0.977364,1
21,7,7,0.828436,0.977433,1
21,7,8,0.827066,0.977335,1
21,7,9,0.589418,0.91234,0
21,8,0,0.842144,0.979558,1
21,8,1,0.842157,0.979435,1
21,8,2,0.841511,0.979634,1
21,8,3,0.841563,0.9796,1
21,8,4,0.842078,0.979642,1
21,8,5,0.842128,0.979547,1
21,8,6,0.842089,0.979591,1
21,8,7,0.842214,0.979656,1
21,8,8,0.841416,0.979648,1
21,8,9,0.618045,0.922053,0
21,9,0,0.854083,0.981424,1
21,9,1,0.853906,0.981281,1
21,9,2,0.853689,0.981525,1
21,9,3,0.853729,0.981493,1
21,9,4,0.854063,0.981508,1
21,9,5,0.853919,0.98139,1
21,9,6,0.853861,0.981426,1
21,9,7,0.853989,0.981487,1
21,9,8,0.853616,0.98154,1
21,9,9,0.643222,0.929917,0
21,10,0,0.864379,0.982985,1
21,10,1,0.864061,0.98283,1
21,10,2,0.864165,0.983114,1
21,10,3,0.864191,0.983049,1
21,10,4,0.86439,0.983059,1
21,10,5,0.864105,0.982935,1
21,10,6,0.864032,0.982964,1
21,10,7,0.864162,0.983018,1
21,10,8,0.864108,0.983125,1
21,10,9,0.665511,0.936817,0
21,11,0,0.873343,0.984307,1
21,11,1,0.872919,0.984136,1
21,11,2,0.873266,0.984445,1
21,11,3,0.873283,0.984388,1
21,11,4,0.873378,0.98438,1
21,11,5,0.872988,0.98424,1
21,11,6,0.872904,0.984277,1
21,11,7,0.873034,0.98432,1
21,11,8,0.873223,0.984458,1
21,11,9,0.685317,0.942211,0
21,12,0,0.881214,0.985441,1
21,12,1,0.880712,0.985267,1
21,12,2,0.881243,0.985584,1
21,12,3,0.881253,0.98553,1
21,12,4,0.881267,0.985511,1
21,12,5,0.880799,0.985367,1
21,12,6,0.880707,0.985399,1
21,12,7,0.880836,0.98544,1
21,12,8,0.881212,0.985597,1
21,12,9,0.703009,0.946782,0
21,13,0,0.888178,0.986422,1
21,13,1,0.88762,0.986257,1
21,13,2,0.888291,0.986569,1
21,13,3,0.888294,0.986514,1
21,13,4,0.888246,0.986491,1
21,13,5,0.88772,0.98635,1
21,13,6,0.887624,0.986367,1
21,13,7,0.88775,0.986414,1
21,13,8,0.888268,0.986581,1
21,13,9,0.718893,0.950702,0
21,14,0,0.894383,0.987283,1
21,14,1,0.893782,0.987118,1
21,14,2,0.89456,0.98743,1
21,14,3,0.894559,0.987378,1
21,14,4,0.894461,0.987349,1
21,14,5,0.893893,0.987207,1
21,14,6,0.893794,0.987222,1
21,14,7,0.893916,0.987266,1
21,14,8,0.894544,0.987442,1
21,14,9,0.733223,0.954098,0
21,15,0,0.899944,0.988042,1
21,15,1,0.899313,0.987878,1
21,15,2,0.900172,0.988188,1
21,15,3,0.900168,0.988139,1
21,15,4,0.900031,0.988105,1
21,15,5,0.899432,0.987964,1
21,15,6,0.89933,0.987977,1
21,15,7,0.899449,0.988019,1
21,15,8,0.900162,0.9882,1
21,15,9,0.746208,0.957066,0
21,16,0,0.904956,0.988716,1
21,16,1,0.904303,0.988555,1
21,16,2,0.905224,0.988861,1
21,16,3,0.905217,0.988814,1
21,16,4,0.90505,0.988778,1
21,16,5,0.904429,0.988638,1
21,16,6,0.904326,0.988649,1
21,16,7,0.904441,0.988689,1
21,16,8,0.905219,0.988873,1
21,16,9,0.758023,0.959682,0
21,17,0,0.909496,0.989319,1
21,17,1,0.908828,0.98916,1
21,17,2,0.909796,0.989463,1
21,17,3,0.909787,0.989418,1
21,17,4,0.909595,0.989379,1
21,17,5,0.908958,0.989241,1
21,17,6,0.908855,0.989251,1
21,17,7,0.908966,0.989289,1
21,17,8,0.909794,0.989474,1
21,17,9,0.768815,0.962004,0
21,18,0,0.913627,0.989862,1
21,18,1,0.91295,0.989706,1
21,18,2,0.913952,0.990003,1
21,18,3,0.913941,0.98996,1
21,18,4,0.91373,0.98992,1
21,18,5,0.913083,0.989783,1
21,18,6,0.91298,0.989792,1
21,18,7,0.913087,0.989829,1
21,18,8,0.913953,0.990015,1
21,18,9,0.778709,0.964078,0
21,19,0,0.917401,0.990353,1
21,19,1,0.916719,0.9902,1
21,19,2,0.917745,0.990491,1
21,19,3,0.917733,0.99045,1
21,19,4,0.917507,0.990409,1
21,19,5,0.916854,0.990274,1
21,19,6,0.916751,0.990283,1
21,19,7,0.916856,0.990317,1
21,19,8,0.91775,0.990503,1
21,19,9,0.78781,0.965941,0
22,0,0,0.577222,0.912194,1
22,0,1,0.583645,0.913746,1
22,0,2,0.522987,0.874774,1
22,0,3,0.480546,0.850478,1
22,0,4,0.532733,0.887799,1
22,0,5,0.577029,0.911148,1
22,0,6,0.584087,0.914425,1
22,0,7,0.583359,0.913341,1
22,0,8,0.53472,0.888168,1
22,0,9,0.432492,0.796888,0
22,1,0,0.64615,0.936285,1
22,1,1,0.649986,0.937526,1
22,1,2,0.607173,0.923809,1
22,1,3,0.348003,0.773785,1
22,1,4,0.61469,0.926736,1
22,1,5,0.645998,0.936303,1
22,1,6,0.650445,0.938051,1
22,1,7,0.649779,0.93728,1
22,1,8,0.616251,0.927073,1
22,1,9,0.324548,0.749382,0
22,2,0,0.697473,0.950496,1
22,2,1,0.699801,0.951144,1
22,2,2,0.668949,0.943175,1
22,2,3,0.413591,0.826132,1
22,2,4,0.67483,0.945065,1
22,2,5,0.697362,0.950474,1
22,2,6,0.700189,0.951539,1
22,2,7,0.69966,0.95097,1
22,2,8,0.676045,0.945229,1
22,2,9,0.388019,0.80589,0
22,3,0,0.736616,0.959764,1
22,3,1,0.738047,0.960134,1
22,3,2,0.715183,0.95502,1
22,3,3,0.470552,0.860844,1
22,3,4,0.719905,0.956387,1
22,3,5,0.73654,0.959657,1
22,3,6,0.738315,0.960385,1
22,3,7,0.737908,0.959924,1
22,3,8,0.720869,0.95647,1
22,3,9,0.445042,0.844839,0
22,4,0,0.767224,0.966177,1
22,4,1,0.768077,0.966392,1
22,4,2,0.750713,0.962942,1
22,4,3,0.519282,0.884995,1
22,4,4,0.754595,0.963961,1
22,4,5,0.767173,0.966105,1
22,4,6,0.768263,0.966595,1
22,4,7,0.767957,0.966218,1
22,4,8,0.755375,0.964007,1
22,4,9,0.49471,0.872004,0
22,5,0,0.791708,0.970902,1
22,5,1,0.792178,0.970996,1
22,5,2,0.778692,0.968523,1
22,5,3,0.560865,0.902479,1
22,5,4,0.781958,0.969382,1
22,5,5,0.791672,0.970832,1
22,5,6,0.792314,0.971175,1
22,5,7,0.792082,0.970862,1
22,5,8,0.78261,0.96942,1
22,5,9,0.537852,0.892303,0
22,6,0,0.811684,0.974485,1
22,6,1,0.811895,0.974525,1
22,6,2,0.801226,0.972701,1
22,6,3,0.596482,0.915572,1
22,6,4,0.804023,0.97341,1
22,6,5,0.811659,0.974419,1
22,6,6,0.811992,0.974675,1
22,6,7,0.811819,0.974408,1
22,6,8,0.804576,0.973433,1
22,6,9,0.575003,0.907085,0
22,7,0,0.828262,0.977296,1
22,7,1,0.828294,0.977303,1
22,7,2,0.819722,0.975925,1
22,7,3,0.627173,0.925714,1
22,7,4,0.822153,0.976522,1
22,7,5,0.828246,0.977243,1
22,7,6,0.828362,0.977435,1
22,7,7,0.828235,0.977202,1
22,7,8,0.822629,0.976536,1
22,7,9,0.607129,0.918479,0
22,8,0,0.842224,0.97956,1
22,8,1,0.842129,0.979545,1
22,8,2,0.835153,0.978483,1
22,8,3,0.653803,0.933767,1
22,8,4,0.837293,0.978994,1
22,8,5,0.842214,0.979517,1
22,8,6,0.842175,0.979663,1
22,8,7,0.842085,0.979458,1
22,8,8,0.837707,0.979002,1
22,8,9,0.63507,0.927493,0
22,9,0,0.854133,0.981421,1
22,9,1,0.853948,0.981391,1
22,9,2,0.848207,0.980558,1
22,9,3,0.677072,0.940299,1
22,9,4,0.850112,0.981004,1
22,9,5,0.854127,0.981386,1
22,9,6,0.853977,0.981497,1
22,9,7,0.853916,0.981315,1
22,9,8,0.850476,0.981008,1
22,9,9,0.659527,0.934779,0
22,10,0,0.864404,0.982976,1
22,10,1,0.864154,0.982936,1
22,10,2,0.859386,0.982275,1
22,10,3,0.697545,0.945695,1
22,10,4,0.861097,0.982669,1
22,10,5,0.864402,0.982947,1
22,10,6,0.86417,0.983034,1
22,10,7,0.864132,0.982869,1
22,10,8,0.861421,0.982671,1
22,10,9,0.681071,0.94078,0
22,11,0,0.873349,0.984295,1
22,11,1,0.873052,0.984249,1
22,11,2,0.869061,0.983717,1
22,11,3,0.715676,0.95022,1
22,11,4,0.870611,0.98407,1
22,11,5,0.873349,0.98427,1
22,11,6,0.873058,0.984338,1
22,11,7,0.873038,0.984188,1
22,11,8,0.8709,0.984069,1
22,11,9,0.700165,0.9458,0
22,12,0,0.881205,0.985426,1
22,12,1,0.880875,0.985376,1
22,12,2,0.877512,0.984946,1
22,12,3,0.731828,0.954068,1
22,12,4,0.878926,0.985264,1
22,12,5,0.881207,0.985406,1
22,12,6,0.880873,0.985459,1
22,12,7,0.880868,0.985322,1
22,12,8,0.879186,0.985261,1
22,12,9,0.717187,0.950056,0
22,13,0,0.888157,0.986408,1
22,13,1,0.887805,0.986355,1
22,13,2,0.884954,0.986005,1
22,13,3,0.746299,0.957375,1
22,13,4,0.886253,0.986294,1
22,13,5,0.888162,0.98639,1
22,13,6,0.887795,0.986432,1
22,13,7,0.887803,0.986306,1
22,13,8,0.886489,0.98629,1
22,13,9,0.732444,0.953709,0
22,14,0,0.894353,0.987268,1
22,14,1,0.893984,0.987213,1
22,14,2,0.891558,0.986925,1
22,14,3,0.759332,0.960246,1
22,14,4,0.892756,0.987192,1
22,14,5,0.894358,0.987251,1
22,14,6,0.893969,0.987285,1
22,14,7,0.893986,0.987168,1
22,14,8,0.892972,0.987187,1
22,14,9,0.746188,0.956853,0
22,15,0,0.899907,0.988026,1
22,15,1,0.899527,0.987971,1
22,15,2,0.897454,0.987734,1
22,15,3,0.771124,0.962763,1
22,15,4,0.898566,0.98798,1
22,15,5,0.899913,0.98801,1
22,15,6,0.899508,0.988038,1
22,15,7,0.899533,0.987929,1
22,15,8,0.898764,0.987974,1
22,15,9,0.758627,0.959624,0
22,16,0,0.904913,0.988701,1
22,16,1,0.904527,0.988645,1
22,16,2,0.90275,0.988449,1
22,16,3,0.781841,0.964985,1
22,16,4,0.903786,0.988678,1
22,16,5,0.90492,0.988686,1
22,16,6,0.904504,0.988707,1
22,16,7,0.904536,0.988606,1
22,16,8,0.903969,0.988672,1
22,16,9,0.769935,0.962067,0
22,17,0,0.909448,0.989304,1
22,17,1,0.909059,0.989249,1
22,17,2,0.907533,0.989087,1
22,17,3,0.791621,0.966962,1
22,17,4,0.908502,0.989301,1
22,17,5,0.909456,0.98929,1
22,17,6,0.909033,0.989307,1
22,17,7,0.90907,0.989212,1
22,17,8,0.908671,0.989294,1
22,17,9,0.780255,0.964236,0
22,18,0,0.913576,0.989846,1
22,18,1,0.913185,0.989792,1
22,18,2,0.911873,0.989658,1
22,18,3,0.80058,0.968731,1
22,18,4,0.912783,0.989859,1
22,18,5,0.913584,0.989833,1
22,18,6,0.913156,0.989847,1
22,18,7,0.913198,0.989757,1
22,18,8,0.91294,0.989852,1
22,18,9,0.789709,0.966175,0
22,19,0,0.917347,0.990335,1
22,19,1,0.916956,0.990281,1
22,19,2,0.915828,0.990175,1
22,19,3,0.808814,0.970328,1
22,19,4,0.916685,0.990361,1
22,19,5,0.917356,0.990328,1
22,19,6,0.916927,0.990335,1
22,19,7,0.916971,0.990251,1
22,19,8,0.916831,0.990354,1
22,19,9,0.798399,0.967917,0
23,0,0,0.490012,0.848564,1
23,0,1,0.586031,0.914907,1
23,0,2,0.402152,0.743361,1
23,0,3,0.400016,0.702243,1
23,0,4,0.411399,0.778327,1
23,0,5,0.517852,0.871648,1
23,0,6,0.563807,0.899363,1
23,0,7,0.569412,0.901191,1
23,0,8,0.400043,0.702166,1
23,0,9,0.400016,0.677811,0
23,1,0,0.352758,0.778588,1
23,1,1,0.651616,0.938192,1
23,1,2,0.315228,0.744478,1
23,1,3,0.314674,0.74419,1
23,1,4,0.318745,0.747704,1
23,1,5,0.603144,0.922687,1
23,1,6,0.637053,0.933917,1
23,1,7,0.640821,0.934768,1
23,1,8,0.314814,0.743465,1
23,1,9,0.31117,0.738659,0
23,2,0,0.418066,0.829695,1
23,2,1,0.700858,0.951527,1
23,2,2,0.376387,0.800344,1
23,2,3,0.375666,0.80007,1
23,2,4,0.381193,0.803966,1
23,2,5,0.665743,0.942539,1
23,2,6,0.69124,0.949201,1
23,2,7,0.693826,0.949691,1
23,2,8,0.375772,0.799145,1
23,2,9,0.371125,0.795593,0
23,3,0,0.474675,0.863604,1
23,3,1,0.7387,0.960322,1
23,3,2,0.431349,0.838892,1
23,3,3,0.430434,0.838517,1
23,3,4,0.436932,0.842329,1
23,3,5,0.712575,0.954622,1
23,3,6,0.732288,0.959026,1
23,3,7,0.734099,0.959285,1
23,3,8,0.430521,0.837755,1
23,3,9,0.425992,0.835091,0
23,4,0,0.523053,0.887151,1
23,4,1,0.768469,0.96651,1
23,4,2,0.479604,0.866213,1
23,4,3,0.47852,0.865795,1
23,4,4,0.48561,0.869333,1
23,4,5,0.748536,0.962655,1
23,4,6,0.76419,0.965769,1
23,4,7,0.765479,0.965905,1
23,4,8,0.478591,0.865123,1
23,4,9,0.474629,0.862961,0
23,5,0,0.56432,0.904203,1
23,5,1,0.792395,0.971076,1
23,5,2,0.521615,0.886242,1
23,5,3,0.520404,0.88581,1
23,5,4,0.527811,0.889044,1
23,5,5,0.776847,0.968345,1
23,5,6,0.789573,0.970663,1
23,5,7,0.790501,0.970729,1
23,5,8,0.520462,0.885227,1
23,5,9,0.517227,0.883739,0
23,6,0,0.599655,0.917013,1
23,6,1,0.811992,0.974573,1
23,6,2,0.558154,0.901392,1
23,6,3,0.556857,0.900965,1
23,6,4,0.564393,0.90391,1
23,6,5,0.799632,0.97257,1
23,6,6,0.810189,0.974365,1
23,6,7,0.81086,0.974386,1
23,6,8,0.556903,0.900453,1
23,6,9,0.554389,0.899452,0
23,7,0,0.630101,0.926928,1
23,7,1,0.828312,0.97734,1
23,7,2,0.590023,0.913171,1
23,7,3,0.588671,0.912744,1
23,7,4,0.596219,0.915455,1
23,7,5,0.818323,0.975811,1
23,7,6,0.827234,0.977288,1
23,7,7,0.827718,0.977238,1
23,7,8,0.588716,0.912378,1
23,7,9,0.586845,0.911655,0
23,8,0,0.656513,0.934816,1
23,8,1,0.842091,0.979571,1
23,8,2,0.617948,0.922555,1
23,8,3,0.616565,0.922148,1
23,8,4,0.624043,0.924629,1
23,8,5,0.833908,0.978389,1
23,8,6,0.841542,0.979601,1
23,8,7,0.841886,0.979538,1
23,8,8,0.616606,0.921818,1
23,8,9,0.615293,0.921353,0
23,9,0,0.679591,0.941219,1
23,9,1,0.853869,0.981409,1
23,9,2,0.642549,0.930182,1
23,9,3,0.641152,0.929796,1
23,9,4,0.648508,0.932078,1
23,9,5,0.847088,0.98048,1
23,9,6,0.853709,0.981494,1
23,9,7,0.853949,0.981423,1
23,9,8,0.641188,0.929495,1
23,9,9,0.640348,0.929218,0
23,10,0,0.699895,0.946511,1
23,10,1,0.864046,0.982948,1
23,10,2,0.664342,0.936492,1
23,10,3,0.662944,0.936125,1
23,10,4,0.670145,0.938233,1
23,10,5,0.858371,0.982208,1
23,10,6,0.864177,0.983071,1
23,10,7,0.864337,0.982996,1
23,10,8,0.662974,0.935848,1
23,10,9,0.662531,0.93571,0
23,11,0,0.717874,0.950954,1
23,11,1,0.872922,0.984256,1
23,11,2,0.683753,0.941789,1
23,11,3,0.682362,0.94144,1
23,11,4,0.68939,0.943397,1
23,11,5,0.868132,0.98366,1
23,11,6,0.873272,0.984404,1
23,11,7,0.873371,0.984327,1
23,11,8,0.682387,0.941185,1
23,11,9,0.682275,0.941149,0
23,12,0,0.733893,0.954732,1
23,12,1,0.880729,0.985381,1
23,12,2,0.701132,0.946295,1
23,12,3,0.699755,0.945963,1
23,12,4,0.706601,0.947786,1
23,12,5,0.876657,0.984895,1
23,12,6,0.881245,0.985545,1
23,12,7,0.881296,0.985468,1
23,12,8,0.699775,0.945725,1
23,12,9,0.699938,0.945766,0
23,13,0,0.748245,0.957981,1
23,13,1,0.887647,0.986357,1
23,13,2,0.71677,0.95017,1
23,13,3,0.715411,0.949854,1
23,13,4,0.722071,0.951561,1
23,13,5,0.884163,0.98596,1
23,13,6,0.88829,0.986533,1
23,13,7,0.888303,0.986455,1
23,13,8,0.715427,0.949632,1
23,13,9,0.715817,0.949731,0
23,14,0,0.761169,0.960806,1
23,14,1,0.893817,0.987213,1
23,14,2,0.730906,0.953536,1
23,14,3,0.729568,0.953236,1
23,14,4,0.736042,0.954837,1
23,14,5,0.890821,0.986886,1
23,14,6,0.894557,0.987395,1
23,14,7,0.89454,0.987319,1
23,14,8,0.72958,0.953024,1
23,14,9,0.730159,0.953132,0
23,15,0,0.772865,0.963281,1
23,15,1,0.899355,0.987969,1
23,15,2,0.74374,0.956485,1
23,15,3,0.742426,0.9562,1
23,15,4,0.748716,0.957709,1
23,15,5,0.896766,0.987699,1
23,15,6,0.900167,0.988156,1
23,15,7,0.900126,0.98808,1
23,15,8,0.742434,0.956,1
23,15,9,0.743169,0.956143,0
23,16,0,0.783494,0.965467,1
23,16,1,0.90435,0.988642,1
23,16,2,0.755438,0.959091,1
23,16,3,0.754149,0.958818,1
23,16,4,0.76026,0.960244,1
23,16,5,0.902105,0.988418,1
23,16,6,0.905218,0.98883,1
23,16,7,0.905158,0.988756,1
23,16,8,0.754154,0.958629,1
23,16,9,0.755018,0.958799,0
23,17,0,0.793195,0.967412,1
23,17,1,0.908879,0.989244,1
23,17,2,0.766142,0.961407,1
23,17,3,0.764878,0.961147,1
23,17,4,0.770816,0.962497,1
23,17,5,0.906925,0.989058,1
23,17,6,0.909789,0.989433,1
23,17,7,0.909713,0.989361,1
23,17,8,0.764881,0.960968,1
23,17,9,0.765851,0.961159,0
23,18,0,0.80208,0.969153,1
23,18,1,0.913004,0.989786,1
23,18,2,0.775969,0.96348,1
23,18,3,0.774732,0.963231,1
23,18,4,0.780502,0.964514,1
23,18,5,0.911298,0.989633,1
23,18,6,0.913944,0.989975,1
23,18,7,0.913856,0.989904,1
23,18,8,0.774732,0.96306,1
23,18,9,0.77579,0.963267,0
23,19,0,0.810248,0.970721,1
23,19,1,0.916775,0.990277,1
23,19,2,0.785022,0.965346,1
23,19,3,0.783811,0.965106,1
23,19,4,0.78942,0.966328,1
23,19,5,0.915284,0.99015,1
23,19,6,0.917737,0.990464,1
23,19,7,0.917639,0.990395,1
23,19,8,0.783809,0.964944,1
23,19,9,0.784939,0.965163,0
24,0,0,0.574461,0.906602,1
24,0,1,0.584304,0.915626,1
24,0,2,0.543432,0.889571,1
24,0,3,0.438435,0.804455,1
24,0,4,0.571261,0.90653,1
24,0,5,0.567882,0.905144,1
24,0,6,0.580308,0.91287,1
24,0,7,0.582613,0.91296,1
24,0,8,0.440006,0.814677,1
24,0,9,0.400016,0.687279,0
24,1,0,0.644409,0.936254,1
24,1,1,0.65016,0.93782,1
24,1,2,0.622431,0.929574,1
24,1,3,0.3291,0.756807,1
24,1,4,0.642128,0.935503,1
24,1,5,0.639981,0.934982,1
24,1,6,0.648161,0.93725,1
24,1,7,0.649664,0.937762,1
24,1,8,0.329445,0.757294,1
24,1,9,0.31337,0.741267,0
24,2,0,0.696361,0.950608,1
24,2,1,0.699775,0.951326,1
24,2,2,0.680621,0.946814,1
24,2,3,0.393885,0.812795,1
24,2,4,0.694757,0.950184,1
24,2,5,0.693346,0.949929,1
24,2,6,0.69879,0.951101,1
24,2,7,0.699773,0.951393,1
24,2,8,0.394206,0.813207,1
24,2,9,0.373928,0.797437,0
24,3,0,0.735897,0.959894,1
24,3,1,0.73792,0.960222,1
24,3,2,0.724394,0.957563,1
24,3,3,0.450973,0.850318,1
24,3,4,0.734763,0.959628,1
24,3,5,0.733815,0.959501,1
24,3,6,0.737478,0.960136,1
24,3,7,0.738122,0.960315,1
24,3,8,0.451346,0.850676,1
24,3,9,0.428725,0.836449,0
24,4,0,0.76676,0.966336,1
24,4,1,0.767916,0.966462,1
24,4,2,0.758182,0.964826,1
24,4,3,0.500308,0.876417,1
24,4,4,0.765955,0.966164,1
24,4,5,0.765309,0.966106,1
24,4,6,0.767784,0.966446,1
24,4,7,0.768199,0.966559,1
24,4,8,0.500746,0.876757,1
24,4,9,0.477043,0.864215,0
24,5,0,0.791415,0.971044,1
24,5,1,0.79201,0.971061,1
24,5,2,0.784904,0.970029,1
24,5,3,0.542714,0.895311,1
24,5,4,0.790844,0.970931,1
24,5,5,0.790401,0.970911,1
24,5,6,0.792061,0.97108,1
24,5,7,0.792319,0.971152,1
24,5,8,0.54321,0.895635,1
24,5,9,0.519212,0.884598,0
24,6,0,0.811509,0.974625,1
24,6,1,0.811732,0.974579,1
24,6,2,0.806495,0.973926,1
24,6,3,0.57922,0.909484,1
24,6,4,0.811107,0.97455,1
24,6,5,0.810805,0.974553,1
24,6,6,0.811893,0.974616,1
24,6,7,0.812041,0.974664,1
24,6,8,0.579763,0.909791,1
24,6,9,0.555941,0.900022,0
24,7,0,0.82817,0.977435,1
24,7,1,0.82814,0.977353,1
24,7,2,0.824264,0.976947,1
24,7,3,0.610797,0.920442,1
24,7,4,0.827892,0.977385,1
24,7,5,0.827691,0.977401,1
24,7,6,0.828369,0.977399,1
24,7,7,0.828437,0.977429,1
24,7,8,0.611373,0.920732,1
24,7,9,0.588004,0.912016,0
24,8,0,0.842191,0.979695,1
24,8,1,0.841988,0.979592,1
24,8,2,0.839123,0.979353,1
24,8,3,0.638275,0.929133,1
24,8,4,0.842007,0.979663,1
24,8,5,0.841879,0.979688,1
24,8,6,0.842256,0.979643,1
24,8,7,0.842268,0.979661,1
24,8,8,0.638874,0.929406,1
24,8,9,0.616111,0.921564,0
24,9,0,0.854143,0.981552,1
24,9,1,0.853819,0.981436,1
24,9,2,0.851718,0.981313,1
24,9,3,0.662342,0.936175,1
24,9,4,0.854029,0.981531,1
24,9,5,0.853955,0.981561,1
24,9,6,0.854111,0.981489,1
24,9,7,0.85408,0.981498,1
24,9,8,0.662956,0.936433,1
24,9,9,0.640877,0.929322,0
24,10,0,0.864446,0.983102,1
24,10,1,0.864036,0.98298,1
24,10,2,0.862522,0.982939,1
24,10,3,0.683557,0.941985,1
24,10,4,0.864386,0.983091,1
24,10,5,0.864352,0.983124,1
24,10,6,0.864342,0.983033,1
24,10,7,0.86428,0.983036,1
24,10,8,0.684178,0.942229,1
24,10,9,0.662817,0.935736,0
24,11,0,0.873414,0.984415,1
24,11,1,0.872945,0.98429,1
24,11,2,0.871887,0.984309,1
24,11,3,0.702372,0.946855,1
24,11,4,0.873396,0.984411,1
24,11,5,0.873392,0.984446,1
24,11,6,0.873256,0.984342,1
24,11,7,0.873171,0.984342,1
24,11,8,0.702996,0.947086,1
24,11,9,0.682359,0.941117,0
24,12,0,0.881287,0.985542,1
24,12,1,0.880777,0.985416,1
24,12,2,0.880078,0.985478,1
24,12,3,0.719156,0.95099,1
24,12,4,0.881302,0.985543,1
24,12,5,0.881322,0.985578,1
24,12,6,0.88109,0.985467,1
24,12,7,0.880987,0.985464,1
24,12,8,0.719779,0.951209,1
24,12,9,0.699854,0.945692,0
24,13,0,0.888253,0.986519,1
24,13,1,0.887715,0.986394,1
24,13,2,0.8873,0.986487,1
24,13,3,0.73421,0.954543,1
24,13,4,0.888293,0.986523,1
24,13,5,0.888332,0.986559,1
24,13,6,0.888026,0.986443,1
24,13,7,0.88791,0.986437,1
24,13,8,0.734829,0.954751,1
24,13,9,0.715595,0.949626,0
24,14,0,0.894458,0.987374,1
24,14,1,0.893902,0.98725,1
24,14,2,0.893715,0.987367,1
24,14,3,0.747779,0.957627,1
24,14,4,0.894519,0.987381,1
24,14,5,0.894571,0.987417,1
24,14,6,0.894208,0.987299,1
24,14,7,0.894083,0.98729,1
24,14,8,0.748392,0.957825,1
24,14,9,0.729821,0.953027,0
24,15,0,0.900019,0.988128,1
24,15,1,0.899451,0.988006,1
24,15,2,0.899448,0.98814,1
24,15,3,0.760067,0.960327,1
24,15,4,0.900096,0.988137,1
24,15,5,0.900159,0.988173,1
24,15,6,0.899753,0.988053,1
24,15,7,0.899621,0.988043,1
24,15,8,0.760672,0.960516,1
24,15,9,0.742735,0.956019,0
24,16,0,0.905031,0.988798,1
24,16,1,0.904457,0.988679,1
24,16,2,0.904602,0.988826,1
24,16,3,0.771243,0.96271,1
24,16,4,0.90512,0.988809,1
24,16,5,0.905191,0.988845,1
24,16,6,0.904753,0.988724,1
24,16,7,0.904615,0.988713,1
24,16,8,0.771839,0.96289,1
24,16,9,0.754505,0.958661,0
24,17,0,0.90957,0.989397,1
24,17,1,0.908994,0.989281,1
24,17,2,0.90926,0.989437,1
24,17,3,0.781448,0.964828,1
24,17,4,0.909669,0.989409,1
24,17,5,0.909747,0.989444,1
24,17,6,0.909283,0.989324,1
24,17,7,0.909142,0.989313,1
24,17,8,0.782034,0.965,1
24,17,9,0.765273,0.961009,0
24,18,0,0.9137,0.989936,1
24,18,1,0.913125,0.989822,1
24,18,2,0.91349,0.989985,1
24,18,3,0.7908,0.966722,1
24,18,4,0.913807,0.989949,1
24,18,5,0.91389,0.989984,1
24,18,6,0.913407,0.989865,1
24,18,7,0.913263,0.989852,1
24,18,8,0.791376,0.966887,1
24,18,9,0.775158,0.96311,0
24,19,0,0.917473,0.990424,1
24,19,1,0.916901,0.990313,1
24,19,2,0.917347,0.99048,1
24,19,3,0.799401,0.968425,1
24,19,4,0.917586,0.990437,1
24,19,5,0.917673,0.990471,1
24,19,6,0.917177,0.990353,1
24,19,7,0.917031,0.990341,1
24,19,8,0.799967,0.968584,1
24,19,9,0.784263,0.965,0
25,0,0,0.578265,0.912034,1
25,0,1,0.586222,0.915519,1
25,0,2,0.569564,0.905478,1
25,0,3,0.503968,0.855416,1
25,0,4,0.55663,0.899129,1
25,0,5,0.584931,0.914463,1
25,0,6,0.587222,0.916338,1
25,0,7,0.583419,0.913885,1
25,0,8,0.544306,0.884619,1
25,0,9,0.463982,0.83228,0
25,1,0,0.646794,0.93682,1
25,1,1,0.651704,0.938345,1
25,1,2,0.641135,0.935332,1
25,1,3,0.591415,0.916841,1
25,1,4,0.632184,0.932593,1
25,1,5,0.650779,0.937658,1
25,1,6,0.652461,0.938549,1
25,1,7,0.650088,0.937941,1
25,1,8,0.62317,0.928431,1
25,1,9,0.339898,0.765567,0
25,2,0,0.697876,0.950861,1
25,2,1,0.700921,0.951647,1
25,2,2,0.694144,0.950125,1
25,2,3,0.656023,0.938544,1
25,2,4,0.687865,0.948588,1
25,2,5,0.70028,0.951178,1
25,2,6,0.701467,0.951771,1
25,2,7,0.699991,0.951483,1
25,2,8,0.68121,0.945932,1
25,2,9,0.405464,0.819925,0
25,3,0,0.736869,0.959999,1
25,3,1,0.738743,0.960421,1
25,3,2,0.734377,0.959627,1
25,3,3,0.704451,0.951664,1
25,3,4,0.729882,0.958696,1
25,3,5,0.738306,0.960072,1
25,3,6,0.739129,0.960492,1
25,3,7,0.738224,0.960366,1
25,3,8,0.72486,0.956827,1
25,3,9,0.462767,0.856167,0
25,4,0,0.767382,0.966366,1
25,4,1,0.768497,0.966591,1
25,4,2,0.76571,0.966187,1
25,4,3,0.741641,0.960341,1
25,4,4,0.76243,0.965594,1
25,4,5,0.768206,0.96632,1
25,4,6,0.768765,0.966631,1
25,4,7,0.768235,0.96659,1
25,4,8,0.758553,0.964193,1
25,4,9,0.511979,0.881291,0
25,5,0,0.791802,0.971034,1
25,5,1,0.792413,0.971145,1
25,5,2,0.790689,0.970964,1
25,5,3,0.770905,0.966463,1
25,5,4,0.788259,0.970573,1
25,5,5,0.792225,0.970927,1
25,5,6,0.792594,0.971166,1
25,5,7,0.792315,0.971172,1
25,5,8,0.785204,0.969477,1
25,5,9,0.554078,0.899445,0
25,6,0,0.811735,0.974592,1
25,6,1,0.812002,0.974634,1
25,6,2,0.811012,0.974588,1
25,6,3,0.794439,0.970991,1
25,6,4,0.809192,0.974325,1
25,6,5,0.811889,0.974454,1
25,6,6,0.812119,0.974642,1
25,6,7,0.812012,0.974677,1
25,6,8,0.806739,0.973437,1
25,6,9,0.590187,0.91305,0
25,7,0,0.828283,0.977387,1
25,7,1,0.828312,0.977388,1
25,7,2,0.827839,0.977426,1
25,7,3,0.813728,0.974464,1
25,7,4,0.826467,0.977249,1
25,7,5,0.828252,0.977227,1
25,7,6,0.82838,0.977385,1
25,7,7,0.828393,0.977438,1
25,7,8,0.824466,0.976503,1
25,7,9,0.621329,0.923564,0
25,8,0,0.842223,0.97964,1
25,8,1,0.842084,0.979613,1
25,8,2,0.841982,0.979704,1
25,8,3,0.829799,0.977214,1
25,8,4,0.840945,0.979586,1
25,8,5,0.842065,0.979474,1
25,8,6,0.842117,0.979605,1
25,8,7,0.842214,0.979667,1
25,8,8,0.839291,0.978951,1
25,8,9,0.648366,0.931901,0
25,9,0,0.854117,0.981492,1
25,9,1,0.853858,0.981446,1
25,9,2,0.854026,0.981572,1
25,9,3,0.843379,0.979439,1
25,9,4,0.853243,0.981495,1
25,9,5,0.853868,0.981325,1
25,9,6,0.853863,0.981435,1
25,9,7,0.854021,0.981503,1
25,9,8,0.85186,0.980946,1
25,9,9,0.671999,0.938656,0
25,10,0,0.864376,0.98304,1
25,10,1,0.864031,0.982983,1
25,10,2,0.864397,0.98313,1
25,10,3,0.854997,0.981275,1
25,10,4,0.863811,0.983083,1
25,10,5,0.864064,0.982875,1
25,10,6,0.864016,0.982969,1
25,10,7,0.864217,0.983039,1
25,10,8,0.862643,0.982601,1
25,10,9,0.692798,0.944231,0
25,11,0,0.873313,0.984353,1
25,11,1,0.872905,0.984288,1
25,11,2,0.873418,0.984449,1
25,11,3,0.865041,0.982815,1
25,11,4,0.872986,0.984424,1
25,11,5,0.872956,0.984191,1
25,11,6,0.872874,0.984273,1
25,11,7,0.873106,0.984344,1
25,11,8,0.871991,0.983996,1
25,11,9,0.711219,0.948903,0
25,12,0,0.881163,0.98548,1
25,12,1,0.880711,0.985409,1
25,12,2,0.881332,0.98558,1
25,12,3,0.873808,0.984125,1
25,12,4,0.881022,0.985571,1
25,12,5,0.880774,0.985322,1
25,12,6,0.880667,0.985393,1
25,12,7,0.880922,0.985465,1
25,12,8,0.880167,0.985187,1
25,12,9,0.727633,0.952872,0
25,13,0,0.888111,0.986457,1
25,13,1,0.887628,0.986384,1
25,13,2,0.888329,0.986559,1
25,13,3,0.881523,0.985252,1
25,13,4,0.888117,0.986562,1
25,13,5,0.887702,0.986304,1
25,13,6,0.887574,0.986367,1
25,13,7,0.887845,0.986438,1
25,13,8,0.887378,0.986215,1
25,13,9,0.742339,0.956282,0
25,14,0,0.894303,0.987313,1
25,14,1,0.893798,0.987238,1
25,14,2,0.894559,0.987415,1
25,14,3,0.888363,0.986231,1
25,14,4,0.894425,0.987428,1
25,14,5,0.893879,0.987164,1
25,14,6,0.893737,0.987221,1
25,14,7,0.894019,0.98729,1
25,14,8,0.893783,0.987111,1
25,14,9,0.755583,0.959242,0
25,15,0,0.899855,0.988069,1
25,15,1,0.899335,0.987992,1
25,15,2,0.900139,0.98817,1
25,15,3,0.894468,0.98709,1
25,15,4,0.900069,0.98819,1
25,15,5,0.899422,0.987924,1
25,15,6,0.899268,0.987975,1
25,15,7,0.899557,0.988043,1
25,15,8,0.899508,0.987899,1
25,15,9,0.767567,0.961834,0
25,16,0,0.90486,0.98874,1
25,16,1,0.904331,0.988663,1
25,16,2,0.905165,0.98884,1
25,16,3,0.899948,0.987849,1
25,16,4,0.905148,0.988866,1
25,16,5,0.904422,0.9886,1
25,16,6,0.904259,0.988646,1
25,16,7,0.904553,0.988713,1
25,16,8,0.904655,0.988598,1
25,16,9,0.778458,0.964122,0
25,17,0,0.909394,0.989341,1
25,17,1,0.90886,0.989264,1
25,17,2,0.909716,0.98944,1
25,17,3,0.904894,0.988525,1
25,17,4,0.909742,0.98947,1
25,17,5,0.908955,0.989206,1
25,17,6,0.908785,0.989247,1
25,17,7,0.909081,0.989312,1
25,17,8,0.909307,0.989221,1
25,17,9,0.788397,0.966156,0
25,18,0,0.913521,0.989881,1
25,18,1,0.912985,0.989805,1
25,18,2,0.913855,0.989979,1
25,18,3,0.90938,0.989131,1
25,18,4,0.913916,0.990012,1
25,18,5,0.913082,0.98975,1
25,18,6,0.912907,0.989788,1
25,18,7,0.913204,0.989852,1
25,18,8,0.913531,0.98978,1
25,18,9,0.797501,0.967975,0
25,19,0,0.917292,0.99037,1
25,19,1,0.916757,0.990295,1
25,19,2,0.917635,0.990466,1
25,19,3,0.913466,0.989676,1
25,19,4,0.917725,0.990501,1
25,19,5,0.916855,0.990243,1
25,19,6,0.916677,0.990278,1
25,19,7,0.916973,0.99034,1
25,19,8,0.917383,0.990285,1
25,19,9,0.805868,0.969612,0
26,0,0,0.585241,0.915954,1
26,0,1,0.587495,0.916832,1
26,0,2,0.585405,0.914309,1
26,0,3,0.573504,0.907483,1
26,0,4,0.58426,0.91534,1
26,0,5,0.586909,0.916418,1
26,0,6,0.586685,0.915225,1
26,0,7,0.586701,0.91555,1
26,0,8,0.581508,0.910951,1
26,0,9,0.413692,0.794619,0
26,1,0,0.650957,0.937937,1
26,1,1,0.65275,0.938671,1
26,1,2,0.651291,0.93813,1
26,1,3,0.643642,0.935626,1
26,1,4,0.650575,0.937539,1
26,1,5,0.652331,0.938489,1
26,1,6,0.651899,0.937685,1
26,1,7,0.651999,0.937784,1
26,1,8,0.648911,0.937373,1
26,1,9,0.31798,0.74608,0
26,2,0,0.700364,0.951377,1
26,2,1,0.701717,0.95186,1
26,2,2,0.700731,0.951502,1
26,2,3,0.695771,0.950106,1
26,2,4,0.700279,0.951167,1
26,2,5,0.701433,0.951728,1
26,2,6,0.701008,0.951127,1
26,2,7,0.701086,0.951126,1
26,2,8,0.699258,0.951112,1
26,2,9,0.379647,0.802624,0
26,3,0,0.73835,0.96022,1
26,3,1,0.73933,0.960551,1
26,3,2,0.738666,0.960345,1
26,3,3,0.735457,0.959553,1
26,3,4,0.738388,0.960043,1
26,3,5,0.739135,0.960475,1
26,3,6,0.738762,0.959956,1
26,3,7,0.738842,0.960014,1
26,3,8,0.737774,0.960133,1
26,3,9,0.435737,0.841134,0
26,4,0,0.768225,0.966441,1
26,4,1,0.768922,0.966675,1
26,4,2,0.768486,0.966539,1
26,4,3,0.766435,0.966066,1
26,4,4,0.768321,0.966301,1
26,4,5,0.768792,0.96662,1
26,4,6,0.768479,0.966186,1
26,4,7,0.768555,0.966239,1
26,4,8,0.767967,0.966423,1
26,4,9,0.48491,0.868635,0
26,5,0,0.792229,0.971029,1
26,5,1,0.792715,0.971199,1
26,5,2,0.79244,0.971107,1
26,5,3,0.791174,0.970823,1
26,5,4,0.792351,0.970914,1
26,5,5,0.792631,0.971159,1
26,5,6,0.792375,0.97079,1
26,5,7,0.792442,0.970835,1
26,5,8,0.792168,0.971048,1
26,5,9,0.527594,0.888668,0
26,6,0,0.811883,0.974541,1
26,6,1,0.81221,0.974668,1
26,6,2,0.812052,0.974605,1
26,6,3,0.811332,0.97444,1
26,6,4,0.812015,0.974442,1
26,6,5,0.81216,0.974638,1
26,6,6,0.811954,0.974318,1
26,6,7,0.812011,0.974357,1
26,6,8,0.811948,0.97458,1
26,6,9,0.564594,0.903759,0
26,7,0,0.82824,0.977311,1
26,7,1,0.828448,0.977407,1
26,7,2,0.828374,0.977364,1
26,7,3,0.828041,0.977276,1
26,7,4,0.828374,0.977225,1
26,7,5,0.828423,0.977384,1
26,7,6,0.828258,0.977104,1
26,7,7,0.828306,0.977137,1
26,7,8,0.828387,0.977361,1
26,7,9,0.59676,0.915445,0
26,8,0,0.842048,0.979549,1
26,8,1,0.842166,0.979622,1
26,8,2,0.842154,0.979593,1
26,8,3,0.8421,0.979557,1
26,8,4,0.84218,0.979472,1
26,8,5,0.84216,0.979604,1
26,8,6,0.842028,0.979355,1
26,8,7,0.842068,0.979384,1
26,8,8,0.842249,0.979605,1
26,8,9,0.624857,0.92472,0
26,9,0,0.853849,0.981392,1
26,9,1,0.853897,0.981449,1
26,9,2,0.853932,0.98143,1
26,9,3,0.854081,0.981429,1
26,9,4,0.853976,0.981323,1
26,9,5,0.853905,0.981435,1
26,9,6,0.8538,0.981211,1
26,9,7,0.853835,0.981237,1
26,9,8,0.854084,0.981451,1
26,9,9,0.649537,0.932236,0
26,10,0,0.864043,0.982936,1
26,10,1,0.864038,0.98298,1
26,10,2,0.864108,0.982969,1
26,10,3,0.864406,0.982993,1
26,10,4,0.864165,0.982872,1
26,10,5,0.864056,0.982969,1
26,10,6,0.863974,0.982766,1
26,10,7,0.864003,0.982789,1
26,10,8,0.864301,0.982995,1
26,10,9,0.671342,0.938437,0
26,11,0,0.872933,0.984247,1
26,11,1,0.872887,0.984282,1
26,11,2,0.872983,0.984275,1
26,11,3,0.873391,0.984317,1
26,11,4,0.87305,0.984188,1
26,11,5,0.872912,0.984272,1
26,11,6,0.87285,0.984087,1
26,11,7,0.872874,0.984108,1
26,11,8,0.873206,0.984306,1
26,11,9,0.690717,0.943632,0
26,12,0,0.880751,0.985374,1
26,12,1,0.880673,0.985401,1
26,12,2,0.880788,0.985399,1
26,12,3,0.881279,0.985453,1
26,12,4,0.880862,0.985319,1
26,12,5,0.880704,0.985393,1
26,12,6,0.880657,0.985223,1
26,12,7,0.880677,0.985242,1
26,12,8,0.881032,0.985432,1
26,12,9,0.708027,0.948042,0
26,13,0,0.887678,0.986352,1
26,13,1,0.887574,0.986373,1
26,13,2,0.887704,0.986374,1
26,13,3,0.888256,0.986437,1
26,13,4,0.887783,0.986301,1
26,13,5,0.88761,0.986367,1
26,13,6,0.887576,0.986209,1
26,13,7,0.887592,0.986227,1
26,13,8,0.887963,0.986409,1
26,13,9,0.72357,0.951829,0
26,14,0,0.893856,0.98721,1
26,14,1,0.893731,0.987225,1
26,14,2,0.893873,0.987229,1
26,14,3,0.89447,0.987298,1
26,14,4,0.893956,0.987162,1
26,14,5,0.893771,0.98722,1
26,14,6,0.893748,0.987074,1
26,14,7,0.893761,0.98709,1
26,14,8,0.894141,0.987265,1
26,14,9,0.737596,0.955114,0
26,15,0,0.899398,0.987967,1
26,15,1,0.899258,0.987979,1
26,15,2,0.899409,0.987984,1
26,15,3,0.900038,0.988058,1
26,15,4,0.899494,0.987922,1
26,15,5,0.899301,0.987975,1
26,15,6,0.899287,0.987838,1
26,15,7,0.899297,0.987853,1
26,15,8,0.899683,0.988021,1
26,15,9,0.750309,0.957989,0
26,16,0,0.904398,0.98864,1
26,16,1,0.904246,0.988649,1
26,16,2,0.904403,0.988656,1
26,16,3,0.905056,0.988733,1
26,16,4,0.904489,0.988598,1
26,16,5,0.904291,0.988646,1
26,16,6,0.904284,0.988517,1
26,16,7,0.904292,0.988531,1
26,16,8,0.904681,0.988693,1
26,16,9,0.76188,0.960525,0
26,17,0,0.908931,0.989243,1
26,17,1,0.908769,0.989249,1
26,17,2,0.90893,0.989257,1
26,17,3,0.9096,0.989336,1
26,17,4,0.909017,0.989203,1
26,17,5,0.908815,0.989247,1
26,17,6,0.908815,0.989126,1
26,17,7,0.908822,0.989139,1
26,17,8,0.90921,0.989294,1
26,17,9,0.772453,0.962778,0
26,18,0,0.913058,0.989786,1
26,18,1,0.912889,0.98979,1
26,18,2,0.913053,0.989799,1
26,18,3,0.913733,0.989879,1
26,18,4,0.913141,0.989748,1
26,18,5,0.912936,0.989788,1
26,18,6,0.912941,0.989674,1
26,18,7,0.912946,0.989686,1
26,18,8,0.913334,0.989835,1
26,18,9,0.782148,0.964792,0
26,19,0,0.916832,0.990277,1
26,19,1,0.916657,0.990279,1
26,19,2,0.916823,0.990289,1
26,19,3,0.91751,0.99037,1
26,19,4,0.916911,0.990241,1
26,19,5,0.916705,0.990278,1
26,19,6,0.916715,0.99017,1
26,19,7,0.916718,0.990181,1
26,19,8,0.917103,0.990325,1
26,19,9,0.791068,0.966603,0
27,0,0,0.57997,0.912454,1
27,0,1,0.585391,0.914989,1
27,0,2,0.567771,0.904564,1
27,0,3,0.555463,0.89777,1
27,0,4,0.575802,0.910688,1
27,0,5,0.584079,0.914631,1
27,0,6,0.586897,0.916663,1
27,0,7,0.585715,0.91527,1
27,0,8,0.561074,0.899246,1
27,0,9,0.495365,0.856086,0
27,1,0,0.647809,0.937271,1
27,1,1,0.650334,0.937892,1
27,1,2,0.63971,0.934949,1
27,1,3,0.631347,0.932287,1
27,1,4,0.645066,0.936034,1
27,1,5,0.650414,0.937987,1
27,1,6,0.651748,0.938199,1
27,1,7,0.65155,0.938357,1
27,1,8,0.635241,0.933528,1
27,1,9,0.355628,0.781172,0
27,2,0,0.698495,0.951129,1
27,2,1,0.699593,0.951284,1
27,2,2,0.693074,0.949913,1
27,2,3,0.687257,0.948393,1
27,2,4,0.696676,0.950358,1
27,2,5,0.700143,0.951472,1
27,2,6,0.700716,0.95147,1
27,2,7,0.700924,0.951696,1
27,2,8,0.690006,0.949134,1
27,2,9,0.420764,0.831491,0
27,3,0,0.737245,0.960173,1
27,3,1,0.737608,0.960153,1
27,3,2,0.733579,0.959502,1
27,3,3,0.729431,0.958568,1
27,3,4,0.736035,0.959659,1
27,3,5,0.738283,0.960337,1
27,3,6,0.738462,0.96026,1
27,3,7,0.738814,0.960476,1
27,3,8,0.731426,0.959029,1
27,3,9,0.477134,0.864917,0
27,4,0,0.767603,0.966486,1
27,4,1,0.76757,0.966394,1
27,4,2,0.765114,0.966113,1
27,4,3,0.762089,0.965504,1
27,4,4,0.766802,0.966122,1
27,4,5,0.76824,0.966555,1
27,4,6,0.768206,0.966451,1
27,4,7,0.768596,0.966643,1
27,4,8,0.763572,0.965811,1
27,4,9,0.525271,0.888143,0
27,5,0,0.791923,0.97112,1
27,5,1,0.791666,0.971003,1
27,5,2,0.790243,0.97092,1
27,5,3,0.787997,0.97051,1
27,5,4,0.791405,0.970847,1
27,5,5,0.792292,0.971142,1
27,5,6,0.792139,0.971022,1
27,5,7,0.792519,0.971192,1
27,5,8,0.789123,0.970716,1
27,5,9,0.566319,0.904984,0
27,6,0,0.811788,0.974657,1
27,6,1,0.811406,0.974529,1
27,6,2,0.810678,0.974564,1
27,6,3,0.808987,0.974277,1
27,6,4,0.811469,0.974446,1
27,6,5,0.811972,0.974647,1
27,6,6,0.811751,0.974527,1
27,6,7,0.812107,0.974676,1
27,6,8,0.809857,0.974425,1
27,6,9,0.601458,0.917646,0
27,7,0,0.828289,0.977438,1
27,7,1,0.82784,0.977309,1
27,7,2,0.827589,0.977414,1
27,7,3,0.826304,0.97721,1
27,7,4,0.828114,0.977272,1
27,7,5,0.828344,0.97741,1
27,7,6,0.828086,0.977293,1
27,7,7,0.828412,0.977425,1
27,7,8,0.826984,0.977317,1
27,7,9,0.631729,0.927461,0
27,8,0,0.842198,0.979681,1
27,8,1,0.841713,0.979555,1
27,8,2,0.841797,0.979702,1
27,8,3,0.840814,0.979554,1
27,8,4,0.842125,0.979546,1
27,8,5,0.84216,0.97964,1
27,8,6,0.841882,0.979529,1
27,8,7,0.842178,0.979647,1
27,8,8,0.841353,0.979635,1
27,8,9,0.657992,0.935266,0
27,9,0,0.854069,0.981526,1
27,9,1,0.853569,0.981403,1
27,9,2,0.85389,0.981576,1
27,9,3,0.853137,0.981469,1
27,9,4,0.854073,0.981415,1
27,9,5,0.853964,0.981477,1
27,9,6,0.853677,0.981372,1
27,9,7,0.853945,0.981477,1
27,9,8,0.853566,0.98153,1
27,9,9,0.680942,0.941606,0
27,10,0,0.864312,0.983068,1
27,10,1,0.86381,0.982951,1
27,10,2,0.864301,0.983139,1
27,10,3,0.863725,0.983061,1
27,10,4,0.864373,0.982975,1
27,10,5,0.864159,0.983015,1
27,10,6,0.86387,0.982916,1
27,10,7,0.864112,0.983011,1
27,10,8,0.864069,0.983108,1
27,10,9,0.701135,0.946849,0
27,11,0,0.873237,0.984377,1
27,11,1,0.87274,0.984265,1
27,11,2,0.873352,0.984461,1
27,11,3,0.872915,0.984405,1
27,11,4,0.87334,0.984298,1
27,11,5,0.873048,0.984321,1
27,11,6,0.872761,0.984227,1
27,11,7,0.87298,0.984313,1
27,11,8,0.873192,0.984441,1
27,11,9,0.719018,0.951252,0
27,12,0,0.881079,0.9855,1
27,12,1,0.880591,0.985394,1
27,12,2,0.881291,0.985594,1
27,12,3,0.880964,0.985555,1
27,12,4,0.881215,0.985433,1
27,12,5,0.880864,0.985443,1
27,12,6,0.880582,0.985354,1
27,12,7,0.880781,0.985433,1
27,12,8,0.881187,0.985582,1
27,12,9,0.734953,0.954997,0
27,13,0,0.888022,0.986475,1
27,13,1,0.887546,0.986374,1
27,13,2,0.888309,0.986575,1
27,13,3,0.888069,0.986548,1
27,13,4,0.888182,0.986416,1
27,13,5,0.887788,0.986417,1
27,13,6,0.887512,0.986333,1
27,13,7,0.887693,0.986406,1
27,13,8,0.888249,0.986569,1
27,13,9,0.749231,0.958221,0
27,14,0,0.89421,0.987329,1
27,14,1,0.893748,0.987233,1
27,14,2,0.894554,0.987432,1
27,14,3,0.894385,0.987416,1
27,14,4,0.894388,0.987277,1
27,14,5,0.893963,0.987271,1
27,14,6,0.893694,0.987191,1
27,14,7,0.893859,0.987258,1
27,14,8,0.89453,0.987432,1
27,14,9,0.762091,0.961022,0
27,15,0,0.89976,0.988082,1
27,15,1,0.899311,0.987991,1
27,15,2,0.900148,0.988188,1
27,15,3,0.900036,0.988179,1
27,15,4,0.899951,0.988037,1
27,15,5,0.899502,0.988025,1
27,15,6,0.899241,0.987949,1
27,15,7,0.899392,0.988011,1
27,15,8,0.900152,0.988191,1
27,15,9,0.773728,0.963479,0
27,16,0,0.904763,0.988752,1
27,16,1,0.904329,0.988665,1
27,16,2,0.905185,0.988859,1
27,16,3,0.905121,0.988857,1
27,16,4,0.904965,0.988712,1
27,16,5,0.904499,0.988695,1
27,16,6,0.904245,0.988623,1
27,16,7,0.904384,0.988681,1
27,16,8,0.905212,0.988865,1
27,16,9,0.784306,0.965649,0
27,17,0,0.909297,0.989351,1
27,17,1,0.908876,0.989268,1
27,17,2,0.909744,0.989458,1
27,17,3,0.909719,0.989461,1
27,17,4,0.909506,0.989315,1
27,17,5,0.909029,0.989296,1
27,17,6,0.908782,0.989227,1
27,17,7,0.90891,0.989281,1
27,17,8,0.90979,0.989467,1
27,17,9,0.79396,0.96758,0
27,18,0,0.913423,0.989891,1
27,18,1,0.913016,0.989812,1
27,18,2,0.91389,0.989997,1
27,18,3,0.913897,0.990004,1
27,18,4,0.913638,0.989858,1
27,18,5,0.913153,0.989836,1
27,18,6,0.912914,0.98977,1
27,18,7,0.913031,0.989821,1
27,18,8,0.913951,0.990008,1
27,18,9,0.802804,0.969309,0
27,19,0,0.917195,0.990378,1
27,19,1,0.916801,0.990303,1
27,19,2,0.917677,0.990485,1
27,19,3,0.91771,0.990495,1
27,19,4,0.917413,0.99035,1
27,19,5,0.916924,0.990325,1
27,19,6,0.916692,0.990262,1
27,19,7,0.9168,0.99031,1
27,19,8,0.91775,0.990497,1
27,19,9,0.810934,0.970866,0
28,0,0,0.509892,0.866131,1
28,0,1,0.583297,0.91283,1
28,0,2,0.464415,0.835602,1
28,0,3,0.400381,0.751349,1
28,0,4,0.485359,0.860041,1
28,0,5,0.555693,0.898484,1
28,0,6,0.573251,0.906248,1
28,0,7,0.566696,0.903792,1
28,0,8,0.406343,0.776701,1
28,0,9,0.549172,0.893791,0
28,1,0,0.596272,0.919754,1
28,1,1,0.650043,0.937741,1
28,1,2,0.339904,0.766703,1
28,1,3,0.312636,0.742064,1
28,1,4,0.349753,0.773412,1
28,1,5,0.631253,0.931753,1
28,1,6,0.643293,0.93592,1
28,1,7,0.639119,0.934739,1
28,1,8,0.313627,0.740785,1
28,1,9,0.626779,0.930518,0
28,2,0,0.660024,0.940537,1
28,2,1,0.699981,0.951332,1
28,2,2,0.405411,0.820866,1
28,2,3,0.372835,0.797803,1
28,2,4,0.415023,0.825574,1
28,2,5,0.687075,0.947958,1
28,2,6,0.695457,0.950401,1
28,2,7,0.692727,0.949797,1
28,2,8,0.374154,0.797007,1
28,2,9,0.683912,0.947299,0
28,3,0,0.707812,0.953161,1
28,3,1,0.738229,0.960237,1
28,3,2,0.462716,0.856931,1
28,3,3,0.427618,0.836782,1
28,3,4,0.471839,0.860348,1
28,3,5,0.729234,0.958188,1
28,3,6,0.735204,0.959766,1
28,3,7,0.73337,0.959434,1
28,3,8,0.429422,0.836439,1
28,3,9,0.726925,0.957834,0
28,4,0,0.74452,0.961532,1
28,4,1,0.768246,0.966482,1
28,4,2,0.511952,0.88194,1
28,4,3,0.476074,0.864589,1
28,4,4,0.520509,0.884535,1
28,4,5,0.761909,0.965188,1
28,4,6,0.766234,0.966254,1
28,4,7,0.764986,0.96607,1
28,4,8,0.478381,0.864592,1
28,4,9,0.760168,0.964975,0
28,5,0,0.773413,0.967448,1
28,5,1,0.79233,0.971085,1
28,5,2,0.554078,0.90001,1
28,5,3,0.518428,0.885011,1
28,5,4,0.562076,0.902068,1
28,5,5,0.787848,0.970254,1
28,5,6,0.791013,0.970988,1
28,5,7,0.790164,0.970893,1
28,5,8,0.52118,0.885258,1
28,5,9,0.786493,0.970108,0
28,6,0,0.796655,0.971829,1
28,6,1,0.812028,0.9746,1
28,6,2,0.590216,0.913552,1
28,6,3,0.555354,0.900463,1
28,6,4,0.597685,0.915224,1
28,6,5,0.808866,0.974056,1
28,6,6,0.811204,0.974589,1
28,6,7,0.810631,0.974545,1
28,6,8,0.558448,0.900844,1
28,6,9,0.807789,0.973961,0
28,7,0,0.81571,0.975195,1
28,7,1,0.828409,0.97737,1
28,7,2,0.621382,0.924016,1
28,7,3,0.5876,0.912472,1
28,7,4,0.628367,0.925408,1
28,7,5,0.826207,0.977016,1
28,7,6,0.82794,0.977412,1
28,7,7,0.827564,0.9774,1
28,7,8,0.590942,0.912932,1
28,7,9,0.825334,0.976955,0
28,8,0,0.83159,0.977858,1
28,8,1,0.84223,0.979605,1
28,8,2,0.64844,0.932312,1
28,8,3,0.615869,0.922027,1
28,8,4,0.654984,0.933495,1
28,8,5,0.840737,0.979383,1
28,8,6,0.84202,0.979682,1
28,8,7,0.841786,0.979691,1
28,8,8,0.619383,0.922529,1
28,8,9,0.840019,0.979343,0
28,9,0,0.845011,0.980014,1
28,9,1,0.854036,0.981446,1
28,9,2,0.67209,0.939033,1
28,9,3,0.640774,0.929783,1
28,9,4,0.678239,0.940056,1
28,9,5,0.853076,0.981315,1
28,9,6,0.854019,0.981546,1
28,9,7,0.853889,0.981568,1
28,9,8,0.644399,0.930306,1
28,9,9,0.852478,0.981291,0
28,10,0,0.856494,0.981795,1
28,10,1,0.864232,0.982988,1
28,10,2,0.692903,0.944579,1
28,10,3,0.662831,0.93619,1
28,10,4,0.698694,0.945475,1
28,10,5,0.863678,0.982922,1
28,10,6,0.864358,0.983101,1
28,10,7,0.864307,0.983133,1
28,10,8,0.666522,0.93672,1
28,10,9,0.863173,0.982909,0
28,11,0,0.866424,0.983289,1
28,11,1,0.87312,0.984296,1
28,11,2,0.711335,0.949227,1
28,11,3,0.682471,0.941563,1
28,11,4,0.716803,0.950021,1
28,11,5,0.87288,0.984278,1
28,11,6,0.873355,0.984418,1
28,11,7,0.873363,0.984456,1
28,11,8,0.686191,0.942091,1
28,11,9,0.87245,0.984274,0
28,12,0,0.875092,0.98456,1
28,12,1,0.880935,0.985421,1
28,12,2,0.727757,0.953173,1
28,12,3,0.700047,0.946127,1
28,12,4,0.732934,0.953886,1
28,12,5,0.880938,0.985439,1
28,12,6,0.881252,0.985548,1
28,12,7,0.881305,0.98559,1
28,12,8,0.703771,0.946648,1
28,12,9,0.880569,0.985437,0
28,13,0,0.882721,0.985654,1
28,13,1,0.887858,0.986397,1
28,13,2,0.742469,0.956564,1
28,13,3,0.715855,0.950048,1
28,13,4,0.747382,0.957209,1
28,13,5,0.888051,0.986442,1
28,13,6,0.888237,0.986527,1
28,13,7,0.888325,0.986571,1
28,13,8,0.719562,0.950559,1
28,13,9,0.887731,0.986444,0
28,14,0,0.889486,0.986605,1
28,14,1,0.894031,0.987252,1
28,14,2,0.755718,0.959508,1
28,14,3,0.730137,0.953452,1
28,14,4,0.76039,0.960095,1
28,14,5,0.894373,0.987317,1
28,14,6,0.894458,0.987383,1
28,14,7,0.894572,0.987429,1
28,14,8,0.733813,0.953951,1
28,14,9,0.894095,0.987322,0
28,15,0,0.895524,0.987439,1
28,15,1,0.899568,0.988007,1
28,15,2,0.767706,0.962085,1
28,15,3,0.743097,0.956431,1
28,15,4,0.772159,0.962623,1
28,15,5,0.90003,0.988087,1
28,15,6,0.900031,0.988138,1
28,15,7,0.900166,0.988185,1
28,15,8,0.746732,0.956917,1
28,15,9,0.899786,0.988095,0
28,16,0,0.900944,0.988176,1
28,16,1,0.904563,0.988679,1
28,16,2,0.7786,0.96436,1
28,16,3,0.754905,0.95906,1
28,16,4,0.782852,0.964856,1
28,16,5,0.905119,0.98877,1
28,16,6,0.905053,0.988809,1
28,16,7,0.905204,0.988857,1
28,16,8,0.758491,0.959532,1
28,16,9,0.904904,0.98878,0
28,17,0,0.905837,0.988833,1
28,17,1,0.909091,0.98928,1
28,17,2,0.78854,0.966382,1
28,17,3,0.765704,0.961396,1
28,17,4,0.792609,0.966842,1
28,17,5,0.909721,0.98938,1
28,17,6,0.909601,0.989409,1
28,17,7,0.909764,0.989457,1
28,17,8,0.769235,0.961854,1
28,17,9,0.909531,0.989392,0
28,18,0,0.910275,0.989421,1
28,18,1,0.913213,0.989821,1
28,18,2,0.797645,0.96819,1
28,18,3,0.775614,0.963484,1
28,18,4,0.801544,0.968618,1
28,18,5,0.913903,0.989927,1
28,18,6,0.913738,0.989949,1
28,18,7,0.913911,0.989996,1
28,18,8,0.779088,0.963929,1
28,18,9,0.913733,0.98994,0
28,19,0,0.914318,0.989951,1
28,19,1,0.916982,0.990311,1
28,19,2,0.806013,0.969817,1
28,19,3,0.784739,0.965362,1
28,19,4,0.809756,0.970217,1
28,19,5,0.917718,0.990422,1
28,19,6,0.917517,0.990437,1
28,19,7,0.917697,0.990483,1
28,19,8,0.788152,0.965794,1
28,19,9,0.917567,0.990436,0
29,0,0,0.581668,0.913631,1
29,0,1,0.586069,0.915278,1
29,0,2,0.577478,0.908612,1
29,0,3,0.555598,0.897903,1
29,0,4,0.58134,0.913275,1
29,0,5,0.576039,0.911452,1
29,0,6,0.583111,0.914817,1
29,0,7,0.585661,0.914149,1
29,0,8,0.563743,0.898196,1
29,0,9,0.400205,0.721769,0
29,1,0,0.648819,0.93734,1
29,1,1,0.651395,0.937429,1
29,1,2,0.645946,0.936541,1
29,1,3,0.631341,0.932373,1
29,1,4,0.648602,0.937188,1
29,1,5,0.645314,0.936359,1
29,1,6,0.649768,0.937636,1
29,1,7,0.651263,0.937797,1
29,1,8,0.636909,0.933725,1
29,1,9,0.313574,0.74297,0
29,2,0,0.699086,0.951092,1
29,2,1,0.700591,0.950891,1
29,2,2,0.697138,0.950604,1
29,2,3,0.68721,0.948454,1
29,2,4,0.698952,0.951019,1
29,2,5,0.696879,0.950678,1
29,2,6,0.699721,0.951302,1
29,2,7,0.700594,0.95122,1
29,2,8,0.691129,0.94904,1
29,2,9,0.374109,0.798738,0
29,3,0,0.73759,0.960091,1
29,3,1,0.738447,0.959796,1
29,3,2,0.736274,0.959821,1
29,3,3,0.729378,0.958617,1
29,3,4,0.737509,0.960046,1
29,3,5,0.736197,0.959902,1
29,3,6,0.738008,0.96022,1
29,3,7,0.738508,0.960091,1
29,3,8,0.732205,0.95891,1
29,3,9,0.428873,0.837484,0
29,4,0,0.767797,0.966388,1
29,4,1,0.768247,0.966063,1
29,4,2,0.766914,0.96624,1
29,4,3,0.762042,0.965546,1
29,4,4,0.76775,0.966357,1
29,4,5,0.76693,0.966316,1
29,4,6,0.768065,0.96647,1
29,4,7,0.768332,0.966327,1
29,4,8,0.764128,0.965686,1
29,4,9,0.477163,0.865063,0
29,5,0,0.792019,0.97102,1
29,5,1,0.792206,0.970689,1
29,5,2,0.79144,0.970948,1
29,5,3,0.787956,0.970545,1
29,5,4,0.791995,0.970994,1
29,5,5,0.791504,0.97101,1
29,5,6,0.792182,0.971071,1
29,5,7,0.792298,0.970929,1
29,5,8,0.789524,0.970602,1
29,5,9,0.519311,0.885313,0
29,6,0,0.81182,0.974557,1
29,6,1,0.811832,0.974235,1
29,6,2,0.811457,0.97453,1
29,6,3,0.808954,0.974309,1
29,6,4,0.811811,0.974538,1
29,6,5,0.811545,0.974584,1
29,6,6,0.811909,0.97459,1
29,6,7,0.811924,0.974451,1
29,6,8,0.810151,0.974315,1
29,6,9,0.556028,0.900639,0
29,7,0,0.828278,0.977342,1
29,7,1,0.828173,0.977034,1
29,7,2,0.828071,0.977343,1
29,7,3,0.826277,0.977239,1
29,7,4,0.828279,0.977327,1
29,7,5,0.828171,0.977391,1
29,7,6,0.828315,0.977363,1
29,7,7,0.828262,0.977229,1
29,7,8,0.827202,0.977213,1
29,7,9,0.588081,0.912558,0
29,8,0,0.842157,0.979589,1
29,8,1,0.841972,0.979295,1
29,8,2,0.842064,0.979608,1
29,8,3,0.840793,0.979581,1
29,8,4,0.842165,0.979577,1
29,8,5,0.842169,0.979651,1
29,8,6,0.842155,0.979601,1
29,8,7,0.842055,0.979473,1
29,8,8,0.841515,0.979536,1
29,8,9,0.616183,0.922048,0
29,9,0,0.854006,0.98144,1
29,9,1,0.85377,0.981179,1
29,9,2,0.853999,0.981472,1
29,9,3,0.853121,0.981493,1
29,9,4,0.854018,0.981417,1
29,9,5,0.854105,0.981496,1
29,9,6,0.853979,0.981435,1
29,9,7,0.853846,0.981315,1
29,9,8,0.853686,0.981445,1
29,9,9,0.640945,0.929759,0
29,10,0,0.864235,0.982987,1
29,10,1,0.863963,0.982739,1
29,10,2,0.864292,0.983026,1
29,10,3,0.863712,0.983084,1
29,10,4,0.864249,0.982966,1
29,10,5,0.864397,0.983049,1
29,10,6,0.864188,0.982979,1
29,10,7,0.864033,0.982864,1
29,10,8,0.864157,0.983027,1
29,10,9,0.662883,0.936133,0
29,11,0,0.87315,0.984299,1
29,11,1,0.872854,0.984064,1
29,11,2,0.873255,0.984344,1
29,11,3,0.872906,0.984427,1
29,11,4,0.873165,0.98428,1
29,11,5,0.873357,0.984365,1
29,11,6,0.873088,0.984289,1
29,11,7,0.872917,0.984179,1
29,11,8,0.873256,0.984364,1
29,11,9,0.682423,0.941482,0
29,12,0,0.880984,0.985426,1
29,12,1,0.880673,0.985203,1
29,12,2,0.881126,0.985474,1
29,12,3,0.880957,0.985575,1
29,12,4,0.881002,0.985409,1
29,12,5,0.881225,0.985494,1
29,12,6,0.880912,0.985415,1
29,12,7,0.880731,0.98531,1
29,12,8,0.881232,0.985508,1
29,12,9,0.699918,0.94603,0
29,13,0,0.887922,0.986405,1
29,13,1,0.8876,0.986193,1
29,13,2,0.888092,0.986454,1
29,13,3,0.888065,0.986568,1
29,13,4,0.887941,0.986389,1
29,13,5,0.888188,0.986473,1
29,13,6,0.887842,0.986393,1
29,13,7,0.887654,0.986292,1
29,13,8,0.888278,0.986499,1
29,13,9,0.715657,0.949939,0
29,14,0,0.894108,0.987262,1
29,14,1,0.89378,0.987059,1
29,14,2,0.894299,0.987313,1
29,14,3,0.894383,0.987434,1
29,14,4,0.894127,0.987247,1
29,14,5,0.89439,0.98733,1
29,14,6,0.894022,0.987249,1
29,14,7,0.893829,0.987153,1
29,14,8,0.894548,0.987365,1
29,14,9,0.729883,0.953334,0
29,15,0,0.899655,0.988018,1
29,15,1,0.899324,0.987825,1
29,15,2,0.899863,0.98807,1
29,15,3,0.900036,0.988197,1
29,15,4,0.899674,0.988004,1
29,15,5,0.89995,0.988086,1
29,15,6,0.899565,0.988005,1
29,15,7,0.89937,0.987913,1
29,15,8,0.90016,0.988127,1
29,15,9,0.742797,0.956308,0
29,16,0,0.904657,0.988691,1
29,16,1,0.904326,0.988506,1
29,16,2,0.904877,0.988743,1
29,16,3,0.905121,0.988873,1
29,16,4,0.904677,0.988678,1
29,16,5,0.904961,0.988757,1
29,16,6,0.904564,0.988677,1
29,16,7,0.904368,0.988589,1
29,16,8,0.905212,0.988804,1
29,16,9,0.754567,0.958933,0
29,17,0,0.909191,0.989293,1
29,17,1,0.90886,0.989116,1
29,17,2,0.90942,0.989344,1
29,17,3,0.909721,0.989477,1
29,17,4,0.909211,0.98928,1
29,17,5,0.9095,0.989358,1
29,17,6,0.909095,0.989279,1
29,17,7,0.9089,0.989195,1
29,17,8,0.909784,0.989408,1
29,17,9,0.765335,0.961267,0
29,18,0,0.913317,0.989834,1
29,18,1,0.912989,0.989665,1
29,18,2,0.913553,0.989886,1
29,18,3,0.9139,0.990019,1
29,18,4,0.913337,0.989823,1
29,18,5,0.91363,0.989899,1
29,18,6,0.913221,0.98982,1
29,18,7,0.913026,0.98974,1
29,18,8,0.913941,0.989951,1
29,18,9,0.77522,0.963354,0
29,19,0,0.917089,0.990324,1
29,19,1,0.916765,0.990162,1
29,19,2,0.91733,0.990375,1
29,19,3,0.917714,0.990509,1
29,19,4,0.91711,0.990314,1
29,19,5,0.917403,0.990388,1
29,19,6,0.916992,0.990311,1
29,19,7,0.916799,0.990233,1
29,19,8,0.917735,0.990442,1
29,19,9,0.784324,0.965232,0
30,0,0,0.569276,0.905987,1
30,0,1,0.585393,0.915103,1
30,0,2,0.541379,0.886248,1
30,0,3,0.4306,0.799745,1
30,0,4,0.567681,0.905784,1
30,0,5,0.5236,0.876064,1
30,0,6,0.573205,0.908298,1
30,0,7,0.585272,0.916017,1
30,0,8,0.439661,0.807052,1
30,0,9,0.400016,0.704869,0
30,1,0,0.640863,0.935263,1
30,1,1,0.651079,0.93786,1
30,1,2,0.621092,0.928444,1
30,1,3,0.326147,0.75455,1
30,1,4,0.63988,0.934925,1
30,1,5,0.607718,0.924118,1
30,1,6,0.643437,0.935475,1
30,1,7,0.650744,0.937578,1
30,1,8,0.329736,0.757729,1
30,1,9,0.314852,0.744098,0
30,2,0,0.693915,0.950079,1
30,2,1,0.700465,0.951301,1
30,2,2,0.679672,0.946,1
30,2,3,0.390538,0.810812,1
30,2,4,0.6933,0.949934,1
30,2,5,0.669386,0.943385,1
30,2,6,0.695658,0.95011,1
30,2,7,0.70014,0.951121,1
30,2,8,0.394641,0.813571,1
30,2,9,0.375882,0.799947,0
30,3,0,0.734196,0.959601,1
30,3,1,0.738422,0.960162,1
30,3,2,0.723687,0.956959,1
30,3,3,0.447382,0.848569,1
30,3,4,0.733797,0.959515,1
30,3,5,0.715548,0.955197,1
30,3,6,0.735388,0.959509,1
30,3,7,0.738132,0.960006,1
30,3,8,0.451759,0.850967,1
30,3,9,0.430647,0.83841,0
30,4,0,0.76557,0.966171,1
30,4,1,0.768274,0.966381,1
30,4,2,0.757631,0.964348,1
30,4,3,0.496586,0.874876,1
30,4,4,0.765304,0.966114,1
30,4,5,0.751016,0.963069,1
30,4,6,0.766391,0.966026,1
30,4,7,0.768031,0.966251,1
30,4,8,0.50108,0.876971,1
30,4,9,0.478716,0.865692,0
30,5,0,0.790581,0.970955,1
30,5,1,0.792262,0.970974,1
30,5,2,0.784459,0.969634,1
30,5,3,0.538951,0.893946,1
30,5,4,0.790403,0.970917,1
30,5,5,0.778957,0.968663,1
30,5,6,0.791146,0.970788,1
30,5,7,0.792061,0.970864,1
30,5,8,0.54345,0.89578,1
30,5,9,0.520571,0.885707,0
30,6,0,0.81093,0.974584,1
30,6,1,0.811905,0.974495,1
30,6,2,0.806125,0.973592,1
30,6,3,0.575466,0.908257,1
30,6,4,0.81081,0.974551,1
30,6,5,0.80146,0.972831,1
30,6,6,0.811312,0.974401,1
30,6,7,0.811738,0.974393,1
30,6,8,0.579908,0.90989,1
30,6,9,0.556994,0.900856,0
30,7,0,0.827776,0.977423,1
30,7,1,0.828254,0.977269,1
30,7,2,0.823949,0.976655,1
30,7,3,0.607096,0.919337,1
30,7,4,0.827698,0.977401,1
30,7,5,0.819929,0.976037,1
30,7,6,0.828028,0.977243,1
30,7,7,0.828117,0.977182,1
30,7,8,0.611438,0.920792,1
30,7,9,0.588779,0.912653,0
30,8,0,0.841935,0.979704,1
30,8,1,0.842056,0.97951,1
30,8,2,0.83885,0.979095,1
30,8,3,0.634654,0.928131,1
30,8,4,0.841886,0.979687,1
30,8,5,0.835336,0.97858,1
30,8,6,0.842092,0.979528,1
30,8,7,0.841944,0.979434,1
30,8,8,0.638873,0.929439,1
30,8,9,0.616646,0.922058,0
30,9,0,0.85399,0.981573,1
30,9,1,0.853852,0.981356,1
30,9,2,0.851478,0.981081,1
30,9,3,0.658814,0.93526,1
30,9,4,0.853962,0.981561,1
30,9,5,0.84837,0.980644,1
30,9,6,0.854076,0.981403,1
30,9,7,0.853761,0.981289,1
30,9,8,0.6629,0.936446,1
30,9,9,0.64121,0.929707,0
30,10,0,0.864371,0.983132,1
30,10,1,0.864043,0.982902,1
30,10,2,0.862308,0.982729,1
30,10,3,0.68013,0.941145,1
30,10,4,0.864359,0.983124,1
30,10,5,0.859532,0.982351,1
30,10,6,0.864404,0.982969,1
30,10,7,0.86397,0.982843,1
30,10,8,0.684078,0.942228,1
30,10,9,0.662981,0.936038,0
30,11,0,0.873399,0.984452,1
30,11,1,0.87293,0.984215,1
30,11,2,0.871694,0.984115,1
30,11,3,0.69905,0.946078,1
30,11,4,0.873399,0.984446,1
30,11,5,0.869192,0.983786,1
30,11,6,0.873392,0.984297,1
30,11,7,0.872872,0.984163,1
30,11,8,0.70286,0.947075,1
30,11,9,0.682381,0.941356,0
30,12,0,0.881319,0.985583,1
30,12,1,0.880746,0.985344,1
30,12,2,0.879902,0.985301,1
30,12,3,0.715939,0.950269,1
30,12,4,0.881329,0.985578,1
30,12,5,0.87763,0.985008,1
30,12,6,0.881282,0.985433,1
30,12,7,0.8807,0.985296,1
30,12,8,0.719615,0.95119,1
30,12,9,0.69976,0.945881,0
30,13,0,0.888321,0.986563,1
30,13,1,0.887671,0.986324,1
30,13,2,0.88714,0.986323,1
30,13,3,0.731096,0.95387,1
30,13,4,0.888338,0.986559,1
30,13,5,0.885062,0.986061,1
30,13,6,0.88826,0.986419,1
30,13,7,0.887635,0.98628,1
30,13,8,0.734642,0.954727,1
30,13,9,0.715404,0.949775,0
30,14,0,0.894555,0.987419,1
30,14,1,0.893847,0.987183,1
30,14,2,0.893567,0.987214,1
30,14,3,0.744765,0.956996,1
30,14,4,0.894577,0.987417,1
30,14,5,0.891656,0.986978,1
30,14,6,0.894476,0.987281,1
30,14,7,0.89382,0.987143,1
30,14,8,0.748187,0.957796,1
30,14,9,0.729551,0.953159,0
30,15,0,0.900138,0.988174,1
30,15,1,0.899389,0.987942,1
30,15,2,0.899311,0.987997,1
30,15,3,0.757149,0.959734,1
30,15,4,0.900164,0.988173,1
30,15,5,0.897544,0.987783,1
30,15,6,0.900045,0.988042,1
30,15,7,0.89937,0.987905,1
30,15,8,0.760453,0.960484,1
30,15,9,0.742399,0.956126,0
30,16,0,0.905168,0.988845,1
30,16,1,0.904388,0.988616,1
30,16,2,0.904474,0.988691,1
30,16,3,0.768417,0.96215,1
30,16,4,0.905197,0.988844,1
30,16,5,0.902833,0.988495,1
30,16,6,0.905063,0.988718,1
30,16,7,0.904375,0.988582,1
30,16,8,0.771609,0.962856,1
30,16,9,0.754115,0.958746,0
30,17,0,0.909721,0.989444,1
30,17,1,0.90892,0.989221,1
30,17,2,0.90914,0.98931,1
30,17,3,0.77871,0.964298,1
30,17,4,0.909752,0.989444,1
30,17,5,0.90761,0.98913,1
30,17,6,0.909607,0.989322,1
30,17,7,0.908912,0.989189,1
30,17,8,0.781795,0.964964,1
30,17,9,0.764838,0.961077,0
30,18,0,0.913861,0.989983,1
30,18,1,0.913047,0.989764,1
30,18,2,0.913377,0.989865,1
30,18,3,0.788146,0.96622,1
30,18,4,0.913895,0.989983,1
30,18,5,0.911944,0.989699,1
30,18,6,0.913742,0.989866,1
30,18,7,0.913044,0.989735,1
30,18,8,0.791131,0.96685,1
30,18,9,0.774687,0.963163,0
30,19,0,0.917643,0.99047,1
30,19,1,0.91682,0.990257,1
30,19,2,0.917241,0.990366,1
30,19,3,0.796827,0.967948,1
30,19,4,0.917678,0.990471,1
30,19,5,0.915895,0.990212,1
30,19,6,0.917518,0.990357,1
30,19,7,0.916821,0.990229,1
30,19,8,0.799717,0.968546,1
30,19,9,0.783761,0.965041,0
31,0,0,0.576715,0.909109,1
31,0,1,0.58526,0.915866,1
31,0,2,0.552839,0.898058,1
31,0,3,0.448426,0.821315,1
31,0,4,0.561312,0.897064,1
31,0,5,0.561585,0.89926,1
31,0,6,0.569932,0.906797,1
31,0,7,0.58568,0.914966,1
31,0,8,0.482845,0.845593,1
31,0,9,0.400016,0.689139,0
31,1,0,0.645929,0.936701,1
31,1,1,0.651115,0.938242,1
31,1,2,0.628602,0.929872,1
31,1,3,0.33315,0.760591,1
31,1,4,0.635321,0.933465,1
31,1,5,0.635544,0.933029,1
31,1,6,0.641383,0.935499,1
31,1,7,0.651506,0.938103,1
31,1,8,0.348764,0.774788,1
31,1,9,0.313613,0.743159,0
31,2,0,0.697385,0.950852,1
31,2,1,0.700563,0.951619,1
31,2,2,0.684908,0.946626,1
31,2,3,0.398371,0.81605,1
31,2,4,0.690035,0.949045,1
31,2,5,0.690206,0.948698,1
31,2,6,0.694314,0.950241,1
31,2,7,0.700879,0.951491,1
31,2,8,0.414181,0.826888,1
31,2,9,0.374181,0.798907,0
31,3,0,0.736592,0.960035,1
31,3,1,0.73853,0.960426,1
31,3,2,0.727526,0.957202,1
31,3,3,0.455651,0.853042,1
31,3,4,0.731431,0.958961,1
31,3,5,0.731561,0.958669,1
31,3,6,0.734496,0.959712,1
31,3,7,0.738774,0.960307,1
31,3,8,0.471075,0.861522,1
31,3,9,0.428934,0.837613,0
31,4,0,0.767232,0.966412,1
31,4,1,0.768379,0.966611,1
31,4,2,0.760575,0.964442,1
31,4,3,0.50502,0.878744,1
31,4,4,0.76357,0.96574,1
31,4,5,0.763668,0.965499,1
31,4,6,0.765793,0.966254,1
31,4,7,0.768561,0.966498,1
31,4,8,0.519798,0.885548,1
31,4,9,0.477196,0.865157,0
31,5,0,0.791732,0.971089,1
31,5,1,0.792356,0.971173,1
31,5,2,0.786792,0.969625,1
31,5,3,0.547366,0.897307,1
31,5,4,0.789116,0.970667,1
31,5,5,0.789191,0.970454,1
31,5,6,0.790747,0.971018,1
31,5,7,0.792492,0.971069,1
31,5,8,0.561393,0.902944,1
31,5,9,0.519313,0.885378,0
31,6,0,0.811716,0.974649,1
31,6,1,0.811987,0.974666,1
31,6,2,0.808026,0.973532,1
31,6,3,0.58376,0.911225,1
31,6,4,0.809848,0.974383,1
31,6,5,0.809906,0.974193,1
31,6,6,0.811053,0.974633,1
31,6,7,0.812086,0.974569,1
31,6,8,0.597022,0.915995,1
31,6,9,0.555999,0.900684,0
31,7,0,0.828299,0.977446,1
31,7,1,0.828325,0.977421,1
31,7,2,0.825533,0.976563,1
31,7,3,0.615195,0.921977,1
31,7,4,0.826975,0.977284,1
31,7,5,0.82702,0.97711,1
31,7,6,0.827868,0.977463,1
31,7,7,0.828396,0.977331,1
31,7,8,0.627721,0.926096,1
31,7,9,0.588027,0.912589,0
31,8,0,0.842262,0.979697,1
31,8,1,0.842117,0.979646,1
31,8,2,0.840194,0.97899,1
31,8,3,0.64252,0.930504,1
31,8,4,0.841343,0.979605,1
31,8,5,0.841379,0.979447,1
31,8,6,0.842002,0.979736,1
31,8,7,0.842166,0.979562,1
31,8,8,0.654354,0.934112,1
31,8,9,0.616107,0.922068,0
31,9,0,0.854171,0.981547,1
31,9,1,0.853904,0.981479,1
31,9,2,0.852637,0.980971,1
31,9,3,0.66643,0.937413,1
31,9,4,0.853558,0.981503,1
31,9,5,0.853586,0.981358,1
31,9,6,0.854038,0.9816,1
31,9,7,0.853937,0.9814,1
31,9,8,0.677625,0.940615,1
31,9,9,0.640852,0.929771,0
31,10,0,0.864441,0.983093,1
31,10,1,0.864088,0.983015,1
31,10,2,0.863322,0.982616,1
31,10,3,0.687489,0.943112,1
31,10,4,0.864062,0.983083,1
31,10,5,0.864084,0.98295,1
31,10,6,0.864404,0.983156,1
31,10,7,0.864106,0.98294,1
31,10,8,0.698097,0.945985,1
31,10,9,0.662777,0.936139,0
31,11,0,0.873385,0.984403,1
31,11,1,0.872969,0.984319,1
31,11,2,0.87259,0.984003,1
31,11,3,0.706153,0.947887,1
31,11,4,0.873186,0.984419,1
31,11,5,0.873203,0.984295,1
31,11,6,0.873421,0.984472,1
31,11,7,0.872977,0.984249,1
31,11,8,0.716223,0.95049,1
31,11,9,0.682307,0.941484,0
31,12,0,0.881239,0.985528,1
31,12,1,0.88078,0.98544,1
31,12,2,0.880703,0.985189,1
31,12,3,0.722794,0.951943,1
31,12,4,0.881182,0.985561,1
31,12,5,0.881195,0.985447,1
31,12,6,0.881332,0.9856,1
31,12,7,0.880779,0.985373,1
31,12,8,0.732369,0.954319,1
31,12,9,0.699793,0.946029,0
31,13,0,0.888191,0.986503,1
31,13,1,0.8877,0.986413,1
31,13,2,0.887861,0.986214,1
31,13,3,0.73771,0.955427,1
31,13,4,0.888244,0.98655,1
31,13,5,0.888254,0.986443,1
31,13,6,0.888326,0.986578,1
31,13,7,0.887692,0.98635,1
31,13,8,0.746834,0.957611,1
31,13,9,0.715527,0.949936,0
31,14,0,0.894385,0.987357,1
31,14,1,0.893873,0.987266,1
31,14,2,0.894221,0.987108,1
31,14,3,0.75115,0.958451,1
31,14,4,0.894526,0.987413,1
31,14,5,0.894533,0.987313,1
31,14,6,0.894554,0.987433,1
31,14,7,0.893859,0.987206,1
31,14,8,0.759858,0.960469,1
31,14,9,0.729749,0.953329,0
31,15,0,0.899937,0.98811,1
31,15,1,0.899411,0.988019,1
31,15,2,0.899909,0.987894,1
31,15,3,0.763315,0.961098,1
31,15,4,0.900149,0.988174,1
31,15,5,0.900153,0.988079,1
31,15,6,0.900133,0.988186,1
31,15,7,0.899393,0.987962,1
31,15,8,0.771641,0.962975,1
31,15,9,0.742659,0.956301,0
31,16,0,0.904942,0.98878,1
31,16,1,0.904408,0.98869,1
31,16,2,0.905024,0.98859,1
31,16,3,0.774375,0.963434,1
31,16,4,0.90521,0.988849,1
31,16,5,0.905213,0.988759,1
31,16,6,0.905158,0.988856,1
31,16,7,0.904385,0.988635,1
31,16,8,0.782349,0.965187,1
31,16,9,0.754427,0.958925,0
31,17,0,0.909476,0.989379,1
31,17,1,0.908937,0.98929,1
31,17,2,0.909648,0.989212,1
31,17,3,0.784471,0.96551,1
31,17,4,0.909788,0.989452,1
31,17,5,0.90979,0.989367,1
31,17,6,0.909708,0.989454,1
31,17,7,0.908912,0.989237,1
31,17,8,0.792119,0.967154,1
31,17,9,0.765193,0.961258,0
31,18,0,0.913602,0.989918,1
31,18,1,0.913062,0.98983,1
31,18,2,0.913848,0.98977,1
31,18,3,0.793721,0.967367,1
31,18,4,0.91395,0.989994,1
31,18,5,0.91395,0.989913,1
31,18,6,0.913846,0.989992,1
31,18,7,0.913034,0.989779,1
31,18,8,0.801068,0.968914,1
31,18,9,0.775078,0.963345,0
31,19,0,0.917373,0.990405,1
31,19,1,0.916833,0.990319,1
31,19,2,0.91768,0.990274,1
31,19,3,0.802225,0.969037,1
31,19,4,0.917749,0.990483,1
31,19,5,0.917748,0.990406,1
31,19,6,0.917625,0.990478,1
31,19,7,0.916803,0.99027,1
31,19,8,0.809292,0.970498,1
31,19,9,0.784182,0.965222,0
32,0,0,0.585747,0.91589,1
32,0,1,0.586886,0.915331,1
32,0,2,0.586561,0.916096,1
32,0,3,0.585111,0.915174,1
32,0,4,0.586467,0.915889,1
32,0,5,0.583949,0.914839,1
32,0,6,0.587053,0.916059,1
32,0,7,0.586628,0.91597,1
32,0,8,0.587043,0.915571,1
32,0,9,0.454867,0.818984,0
32,1,0,0.651177,0.937919,1
32,1,1,0.651903,0.937527,1
32,1,2,0.651621,0.938231,1
32,1,3,0.651127,0.938204,1
32,1,4,0.651738,0.938322,1
32,1,5,0.649689,0.937651,1
32,1,6,0.652158,0.93827,1
32,1,7,0.65157,0.938004,1
32,1,8,0.651629,0.937352,1
32,1,9,0.335897,0.763003,0
32,2,0,0.700464,0.951324,1
32,2,1,0.700922,0.950952,1
32,2,2,0.700701,0.951525,1
32,2,3,0.70063,0.951602,1
32,2,4,0.700875,0.951612,1
32,2,5,0.69933,0.95119,1
32,2,6,0.701167,0.951541,1
32,2,7,0.700617,0.951337,1
32,2,8,0.700537,0.950784,1
32,2,9,0.401315,0.818018,0
32,3,0,0.738374,0.96017,1
32,3,1,0.738659,0.959828,1
32,3,2,0.738494,0.960312,1
32,3,3,0.738612,0.960415,1
32,3,4,0.738669,0.960385,1
32,3,5,0.737538,0.960114,1
32,3,6,0.738869,0.960309,1
32,3,7,0.738405,0.960155,1
32,3,8,0.738276,0.959687,1
32,3,9,0.458643,0.854649,0
32,4,0,0.768201,0.966394,1
32,4,1,0.76838,0.966078,1
32,4,2,0.768264,0.966498,1
32,4,3,0.768451,0.966589,1
32,4,4,0.768417,0.966548,1
32,4,5,0.767582,0.966364,1
32,4,6,0.768551,0.966472,1
32,4,7,0.768177,0.966361,1
32,4,8,0.768062,0.965991,1
32,4,9,0.507973,0.88006,0
32,5,0,0.792186,0.970979,1
32,5,1,0.792284,0.970697,1
32,5,2,0.792199,0.971066,1
32,5,3,0.792426,0.971165,1
32,5,4,0.792335,0.971116,1
32,5,5,0.791745,0.970997,1
32,5,6,0.792421,0.971043,1
32,5,7,0.792124,0.970951,1
32,5,8,0.792003,0.970606,1
32,5,9,0.550233,0.898424,0
32,6,0,0.81183,0.974495,1
32,6,1,0.811871,0.974237,1
32,6,2,0.811812,0.974567,1
32,6,3,0.812051,0.974658,1
32,6,4,0.811928,0.974609,1
32,6,5,0.811522,0.97453,1
32,6,6,0.81198,0.974538,1
32,6,7,0.811747,0.974466,1
32,6,8,0.81163,0.974161,1
32,6,9,0.58652,0.912186,0
32,7,0,0.828182,0.977269,1
32,7,1,0.828184,0.977032,1
32,7,2,0.828144,0.977329,1
32,7,3,0.828382,0.977413,1
32,7,4,0.828244,0.977365,1
32,7,5,0.827976,0.977315,1
32,7,6,0.82827,0.977298,1
32,7,7,0.828089,0.97724,1
32,7,8,0.827978,0.976967,1
32,7,9,0.617841,0.922819,0
32,8,0,0.841988,0.97951,1
32,8,1,0.841963,0.979291,1
32,8,2,0.841937,0.979562,1
32,8,3,0.842168,0.979639,1
32,8,4,0.842022,0.979592,1
32,8,5,0.84186,0.979563,1
32,8,6,0.842029,0.979529,1
32,8,7,0.84189,0.979482,1
32,8,8,0.841787,0.979236,1
32,8,9,0.64505,0.93125,0
32,9,0,0.853789,0.981356,1
32,9,1,0.853743,0.981153,1
32,9,2,0.853729,0.981402,1
32,9,3,0.85395,0.981472,1
32,9,4,0.853801,0.981428,1
32,9,5,0.853721,0.981413,1
32,9,6,0.853794,0.981368,1
32,9,7,0.853689,0.98133,1
32,9,8,0.853594,0.981105,1
32,9,9,0.668848,0.93808,0
32,10,0,0.863984,0.982903,1
32,10,1,0.863924,0.982713,1
32,10,2,0.863918,0.982943,1
32,10,3,0.864128,0.983008,1
32,10,4,0.863979,0.982966,1
32,10,5,0.863962,0.982961,1
32,10,6,0.863962,0.98291,1
32,10,7,0.863884,0.982878,1
32,10,8,0.863798,0.982672,1
32,10,9,0.6898,0.943715,0
32,11,0,0.872876,0.984216,1
32,11,1,0.872805,0.984039,1
32,11,2,0.872807,0.984252,1
32,11,3,0.873005,0.984312,1
32,11,4,0.872858,0.984273,1
32,11,5,0.87289,0.984276,1
32,11,6,0.872833,0.984219,1
32,11,7,0.872778,0.984192,1
32,11,8,0.872698,0.984002,1
32,11,9,0.708363,0.948437,0
32,12,0,0.880695,0.985345,1
32,12,1,0.880617,0.985178,1
32,12,2,0.880624,0.985377,1
32,12,3,0.880812,0.985433,1
32,12,4,0.880668,0.985396,1
32,12,5,0.880739,0.985405,1
32,12,6,0.880637,0.985345,1
32,12,7,0.8806,0.985322,1
32,12,8,0.880527,0.985146,1
32,12,9,0.724908,0.952447,0
32,13,0,0.887624,0.986325,1
32,13,1,0.88754,0.986168,1
32,13,2,0.887552,0.986355,1
32,13,3,0.887729,0.986407,1
32,13,4,0.887589,0.986371,1
32,13,5,0.88769,0.986384,1
32,13,6,0.887553,0.986323,1
32,13,7,0.887531,0.986304,1
32,13,8,0.887464,0.98614,1
32,13,9,0.739736,0.955892,0
32,14,0,0.893804,0.987184,1
32,14,1,0.893716,0.987036,1
32,14,2,0.893731,0.987211,1
32,14,3,0.893898,0.98726,1
32,14,4,0.893763,0.987226,1
32,14,5,0.893887,0.987243,1
32,14,6,0.893723,0.98718,1
32,14,7,0.893713,0.987164,1
32,14,8,0.893652,0.98701,1
32,14,9,0.753093,0.958882,0
32,15,0,0.899348,0.987942,1
32,15,1,0.899258,0.987802,1
32,15,2,0.899276,0.987968,1
32,15,3,0.899434,0.988013,1
32,15,4,0.899303,0.987982,1
32,15,5,0.899446,0.988001,1
32,15,6,0.899261,0.987937,1
32,15,7,0.899261,0.987923,1
32,15,8,0.899205,0.987779,1
32,15,9,0.765181,0.9615,0
32,16,0,0.90435,0.988617,1
32,16,1,0.904258,0.988484,1
32,16,2,0.904279,0.988641,1
32,16,3,0.904428,0.988684,1
32,16,4,0.904301,0.988653,1
32,16,5,0.904459,0.988674,1
32,16,6,0.904257,0.988611,1
32,16,7,0.904266,0.988599,1
32,16,8,0.904214,0.988463,1
32,16,9,0.776169,0.963811,0
32,17,0,0.908885,0.989221,1
32,17,1,0.908792,0.989094,1
32,17,2,0.908814,0.989244,1
32,17,3,0.908955,0.989284,1
32,17,4,0.908833,0.989255,1
32,17,5,0.909003,0.989277,1
32,17,6,0.908787,0.989214,1
32,17,7,0.908803,0.989204,1
32,17,8,0.908755,0.989076,1
32,17,9,0.786198,0.965865,0
32,18,0,0.913014,0.989765,1
32,18,1,0.912921,0.989644,1
32,18,2,0.912944,0.989786,1
32,18,3,0.913078,0.989824,1
32,18,4,0.91296,0.989797,1
32,18,5,0.913139,0.98982,1
32,18,6,0.912913,0.989758,1
32,18,7,0.912935,0.989749,1
32,18,8,0.912891,0.989627,1
32,18,9,0.795385,0.967702,0
32,19,0,0.916789,0.990258,1
32,19,1,0.916696,0.990141,1
32,19,2,0.916721,0.990277,1
32,19,3,0.916847,0.990313,1
32,19,4,0.916733,0.990287,1
32,19,5,0.916919,0.990311,1
32,19,6,0.916686,0.990249,1
32,19,7,0.916713,0.990242,1
32,19,8,0.916672,0.990126,1
32,19,9,0.803831,0.969354,0
33,0,0,0.571706,0.907116,1
33,0,1,0.569772,0.906972,1
33,0,2,0.567382,0.904454,1
33,0,3,0.409199,0.779122,1
33,0,4,0.58068,0.911983,1
33,0,5,0.426453,0.796723,1
33,0,6,0.510206,0.873729,1
33,0,7,0.573143,0.907852,1
33,0,8,0.426234,0.790353,1
33,0,9,0.400016,0.697355,0
33,1,0,0.642529,0.935799,1
33,1,1,0.64095,0.935292,1
33,1,2,0.639706,0.934952,1
33,1,3,0.317831,0.746908,1
33,1,4,0.648269,0.936846,1
33,1,5,0.324189,0.750956,1
33,1,6,0.595674,0.919151,1
33,1,7,0.642982,0.935652,1
33,1,8,0.323991,0.752397,1
33,1,9,0.313922,0.742715,0
33,2,0,0.695072,0.950389,1
33,2,1,0.693862,0.950072,1
33,2,2,0.693188,0.949936,1
33,2,3,0.379973,0.803099,1
33,2,4,0.698789,0.950753,1
33,2,5,0.38807,0.807554,1
33,2,6,0.659287,0.940052,1
33,2,7,0.695125,0.950181,1
33,2,8,0.387822,0.808735,1
33,2,9,0.374574,0.798555,0
33,3,0,0.735005,0.959788,1
33,3,1,0.734096,0.959582,1
33,3,2,0.733723,0.959528,1
33,3,3,0.435548,0.841525,1
33,3,4,0.737434,0.959844,1
33,3,5,0.444723,0.845783,1
33,3,6,0.707157,0.952794,1
33,3,7,0.734897,0.959585,1
33,3,8,0.444467,0.846777,1
33,3,9,0.429319,0.8373,0
33,4,0,0.76614,0.966291,1
33,4,1,0.765459,0.966153,1
33,4,2,0.765256,0.966136,1
33,4,3,0.484153,0.868625,1
33,4,4,0.767724,0.966195,1
33,4,5,0.493918,0.872519,1
33,4,6,0.743993,0.961252,1
33,4,7,0.765972,0.966107,1
33,4,8,0.493673,0.873377,1
33,4,9,0.477532,0.864857,0
33,5,0,0.790985,0.971034,1
33,5,1,0.790475,0.97094,1
33,5,2,0.790371,0.970941,1
33,5,3,0.526334,0.888418,1
33,5,4,0.791996,0.970861,1
33,5,5,0.536356,0.891935,1
33,5,6,0.773008,0.967226,1
33,5,7,0.790799,0.970871,1
33,5,8,0.536133,0.892687,1
33,5,9,0.519588,0.885088,0
33,6,0,0.811213,0.974635,1
33,6,1,0.810833,0.974571,1
33,6,2,0.810789,0.97458,1
33,6,3,0.562926,0.903354,1
33,6,4,0.811829,0.974424,1
33,6,5,0.572992,0.906527,1
33,6,6,0.796353,0.971651,1
33,6,7,0.811031,0.974491,1
33,6,8,0.572792,0.907197,1
33,6,9,0.556213,0.900404,0
33,7,0,0.827973,0.977458,1
33,7,1,0.82769,0.977413,1
33,7,2,0.827684,0.977427,1
33,7,3,0.594775,0.91495,1
33,7,4,0.828308,0.977227,1
33,7,5,0.604749,0.917822,1
33,7,6,0.815491,0.97505,1
33,7,7,0.827801,0.977329,1
33,7,8,0.604572,0.918425,1
33,7,9,0.588186,0.91232,0
33,8,0,0.842067,0.979726,1
33,8,1,0.841859,0.979695,1
33,8,2,0.841878,0.979712,1
33,8,3,0.622634,0.924174,1
33,8,4,0.8422,0.979488,1
33,8,5,0.632433,0.926789,1
33,8,6,0.831437,0.977737,1
33,8,7,0.841909,0.979611,1
33,8,8,0.632276,0.927336,1
33,8,9,0.616219,0.921811,0
33,9,0,0.854074,0.981587,1
33,9,1,0.853924,0.981566,1
33,9,2,0.853958,0.981584,1
33,9,3,0.64714,0.931665,1
33,9,4,0.854059,0.981348,1
33,9,5,0.656714,0.934058,1
33,9,6,0.844911,0.979913,1
33,9,7,0.85393,0.981483,1
33,9,8,0.656576,0.934559,1
33,9,9,0.640924,0.929526,0
33,10,0,0.864418,0.98314,1
33,10,1,0.864314,0.983127,1
33,10,2,0.864358,0.983145,1
33,10,3,0.668821,0.937856,1
33,10,4,0.864293,0.982903,1
33,10,5,0.678142,0.940058,1
33,10,6,0.856436,0.981708,1
33,10,7,0.864288,0.983046,1
33,10,8,0.67802,0.94052,1
33,10,9,0.662815,0.935906,0
33,11,0,0.873417,0.984456,1
33,11,1,0.87335,0.984448,1
33,11,2,0.8734,0.984465,1
33,11,3,0.688113,0.94305,1
33,11,4,0.873211,0.984223,1
33,11,5,0.697166,0.945083,1
33,11,6,0.8664,0.983212,1
33,11,7,0.8733,0.98437,1
33,11,8,0.697057,0.945515,1
33,11,9,0.682316,0.941262,0
33,12,0,0.881315,0.985583,1
33,12,1,0.881277,0.98558,1
33,12,2,0.881331,0.985597,1
33,12,3,0.705368,0.947467,1
33,12,4,0.881049,0.985356,1
33,12,5,0.714151,0.949356,1
33,12,6,0.875094,0.984493,1
33,12,7,0.88121,0.985505,1
33,12,8,0.714053,0.949758,1
33,12,9,0.699779,0.945817,0
33,13,0,0.8883,0.98656,1
33,13,1,0.888285,0.98656,1
33,13,2,0.888341,0.986576,1
33,13,3,0.720882,0.951264,1
33,13,4,0.887988,0.98634,1
33,13,5,0.729396,0.953027,1
33,13,6,0.882745,0.985594,1
33,13,7,0.888205,0.986488,1
33,13,8,0.729308,0.953404,1
33,13,9,0.715493,0.949733,0
33,14,0,0.89452,0.987415,1
33,14,1,0.894524,0.987417,1
33,14,2,0.894581,0.987433,1
33,14,3,0.734895,0.954561,1
33,14,4,0.894173,0.987201,1
33,14,5,0.743146,0.956214,1
33,14,6,0.889527,0.986552,1
33,14,7,0.894435,0.987348,1
33,14,8,0.743067,0.956567,1
33,14,9,0.729699,0.953135,0
33,15,0,0.900093,0.988168,1
33,15,1,0.900112,0.988173,1
33,15,2,0.900169,0.988189,1
33,15,3,0.747608,0.95745,1
33,15,4,0.899721,0.987962,1
33,15,5,0.755605,0.959008,1
33,15,6,0.895579,0.987393,1
33,15,7,0.900016,0.988105,1
33,15,8,0.755535,0.959338,1
33,15,9,0.742596,0.956116,0
33,16,0,0.905114,0.988838,1
33,16,1,0.905145,0.988844,1
33,16,2,0.905202,0.988859,1
33,16,3,0.75919,0.960001,1
33,16,4,0.904723,0.988638,1
33,16,5,0.766941,0.961471,1
33,16,6,0.901011,0.988135,1
33,16,7,0.905044,0.988779,1
33,16,8,0.766879,0.961783,1
33,16,9,0.754353,0.958747,0
33,17,0,0.90966,0.989436,1
33,17,1,0.909702,0.989444,1
33,17,2,0.909758,0.989459,1
33,17,3,0.769782,0.962268,1
33,17,4,0.909255,0.989243,1
33,17,5,0.777297,0.96366,1
33,17,6,0.905913,0.988796,1
33,17,7,0.909597,0.989381,1
33,17,8,0.777242,0.963955,1
33,17,9,0.765109,0.961085,0
33,18,0,0.913795,0.989975,1
33,18,1,0.913845,0.989983,1
33,18,2,0.913901,0.989997,1
33,18,3,0.779502,0.964297,1
33,18,4,0.913381,0.989788,1
33,18,5,0.786793,0.965617,1
33,18,6,0.910358,0.989388,1
33,18,7,0.913738,0.989922,1
33,18,8,0.786743,0.965898,1
33,18,9,0.774986,0.963179,0
33,19,0,0.917573,0.990461,1
33,19,1,0.91763,0.990471,1
33,19,2,0.917684,0.990484,1
33,19,3,0.788452,0.966122,1
33,19,4,0.917153,0.99028,1
33,19,5,0.795527,0.967378,1
33,19,6,0.914407,0.989921,1
33,19,7,0.917521,0.990412,1
33,19,8,0.795483,0.967646,1
33,19,9,0.784083,0.965062,0
34,0,0,0.586464,0.916138,1
34,0,1,0.587535,0.916643,1
34,0,2,0.58658,0.915025,1
34,0,3,0.586706,0.915398,1
34,0,4,0.586293,0.916135,1
34,0,5,0.586987,0.915754,1
34,0,6,0.587359,0.916733,1
34,0,7,0.587347,0.916111,1
34,0,8,0.585908,0.915368,1
34,0,9,0.445193,0.82305,0
34,1,0,0.651616,0.937964,1
34,1,1,0.652521,0.938367,1
34,1,2,0.651627,0.937517,1
34,1,3,0.651852,0.937835,1
34,1,4,0.651422,0.938141,1
34,1,5,0.652014,0.937962,1
34,1,6,0.652453,0.938498,1
34,1,7,0.652417,0.937925,1
34,1,8,0.650838,0.937729,1
34,1,9,0.331533,0.758728,0
34,2,0,0.700735,0.951316,1
34,2,1,0.701427,0.951595,1
34,2,2,0.700702,0.950964,1
34,2,3,0.700923,0.951217,1
34,2,4,0.700572,0.951476,1
34,2,5,0.701017,0.951295,1
34,2,6,0.701409,0.95171,1
34,2,7,0.701372,0.951257,1
34,2,8,0.699997,0.951154,1
34,2,9,0.396526,0.814437,0
34,3,0,0.738539,0.960144,1
34,3,1,0.739054,0.960342,1
34,3,2,0.738491,0.959843,1
34,3,3,0.73868,0.960047,1
34,3,4,0.738415,0.960285,1
34,3,5,0.738736,0.960102,1
34,3,6,0.739056,0.96044,1
34,3,7,0.739026,0.960075,1
34,3,8,0.737913,0.960026,1
34,3,9,0.453771,0.851734,0
34,4,0,0.768303,0.966356,1
34,4,1,0.768678,0.966498,1
34,4,2,0.768253,0.9661,1
34,4,3,0.76841,0.966269,1
34,4,4,0.768205,0.966473,1
34,4,5,0.768439,0.966315,1
34,4,6,0.768693,0.966586,1
34,4,7,0.768666,0.966267,1
34,4,8,0.767796,0.966269,1
34,4,9,0.503197,0.877661,0
34,5,0,0.792238,0.970943,1
34,5,1,0.792505,0.971049,1
34,5,2,0.792191,0.97072,1
34,5,3,0.792319,0.970863,1
34,5,4,0.792162,0.971047,1
34,5,5,0.792329,0.9709,1
34,5,6,0.792527,0.971127,1
34,5,7,0.792505,0.970851,1
34,5,8,0.791836,0.970882,1
34,5,9,0.545637,0.896416,0
34,6,0,0.811848,0.974457,1
34,6,1,0.812034,0.97454,1
34,6,2,0.811805,0.974262,1
34,6,3,0.811907,0.974384,1
34,6,4,0.811789,0.974552,1
34,6,5,0.811906,0.974415,1
34,6,6,0.812058,0.974609,1
34,6,7,0.81204,0.974366,1
34,6,8,0.811532,0.974416,1
34,6,9,0.582136,0.910475,0
34,7,0,0.828177,0.977231,1
34,7,1,0.8283,0.977296,1
34,7,2,0.828138,0.977057,1
34,7,3,0.82822,0.977164,1
34,7,4,0.828133,0.977318,1
34,7,5,0.82821,0.977189,1
34,7,6,0.828326,0.977358,1
34,7,7,0.828311,0.977141,1
34,7,8,0.827931,0.977203,1
34,7,9,0.613676,0.921337,0
34,8,0,0.841967,0.979473,1
34,8,1,0.842043,0.979524,1
34,8,2,0.841932,0.979315,1
34,8,3,0.841996,0.97941,1
34,8,4,0.841934,0.979553,1
34,8,5,0.841982,0.979432,1
34,8,6,0.842068,0.979581,1
34,8,7,0.842056,0.979385,1
34,8,8,0.841777,0.979454,1
34,8,9,0.6411,0.929948,0
34,9,0,0.853756,0.98132,1
34,9,1,0.853795,0.981362,1
34,9,2,0.853725,0.981177,1
34,9,3,0.853775,0.981261,1
34,9,4,0.853732,0.981395,1
34,9,5,0.853757,0.981281,1
34,9,6,0.85382,0.981414,1
34,9,7,0.85381,0.981236,1
34,9,8,0.853611,0.981309,1
34,9,9,0.665101,0.936922,0
34,10,0,0.863942,0.982868,1
34,10,1,0.863953,0.982902,1
34,10,2,0.863915,0.982737,1
34,10,3,0.863954,0.982813,1
34,10,4,0.863926,0.982937,1
34,10,5,0.863933,0.98283,1
34,10,6,0.863977,0.98295,1
34,10,7,0.863969,0.982786,1
34,10,8,0.863835,0.982862,1
34,10,9,0.686243,0.942674,0
34,11,0,0.872828,0.984183,1
34,11,1,0.872816,0.984211,1
34,11,2,0.872803,0.984061,1
34,11,3,0.872833,0.984131,1
34,11,4,0.872818,0.984247,1
34,11,5,0.87281,0.984147,1
34,11,6,0.87284,0.984255,1
34,11,7,0.872833,0.984104,1
34,11,8,0.872751,0.984181,1
34,11,9,0.704983,0.947494,0
34,12,0,0.880644,0.985313,1
34,12,1,0.880614,0.985336,1
34,12,2,0.880622,0.9852,1
34,12,3,0.880643,0.985264,1
34,12,4,0.880639,0.985374,1
34,12,5,0.88062,0.985278,1
34,12,6,0.880637,0.985377,1
34,12,7,0.880631,0.985237,1
34,12,8,0.880592,0.985315,1
34,12,9,0.721692,0.951585,0
34,13,0,0.887569,0.986295,1
34,13,1,0.887525,0.986314,1
34,13,2,0.887549,0.986189,1
34,13,3,0.887565,0.986247,1
34,13,4,0.887568,0.986351,1
34,13,5,0.88754,0.986261,1
34,13,6,0.887547,0.986352,1
34,13,7,0.887543,0.986221,1
34,13,8,0.887537,0.986298,1
34,13,9,0.73667,0.9551,0
34,14,0,0.893747,0.987155,1
34,14,1,0.893692,0.987171,1
34,14,2,0.893729,0.987056,1
34,14,3,0.893739,0.98711,1
34,14,4,0.893749,0.987209,1
34,14,5,0.893714,0.987122,1
34,14,6,0.893713,0.987207,1
34,14,7,0.89371,0.987084,1
34,14,8,0.893732,0.98716,1
34,14,9,0.750165,0.95815,0
34,15,0,0.899291,0.987915,1
34,15,1,0.899227,0.987928,1
34,15,2,0.899274,0.987822,1
34,15,3,0.89928,0.987872,1
34,15,4,0.899295,0.987966,1
34,15,5,0.899255,0.987884,1
34,15,6,0.899247,0.987962,1
34,15,7,0.899244,0.987846,1
34,15,8,0.899289,0.987922,1
34,15,9,0.762381,0.960819,0
34,16,0,0.904292,0.988591,1
34,16,1,0.904221,0.988602,1
34,16,2,0.904277,0.988503,1
34,16,3,0.904279,0.98855,1
34,16,4,0.904298,0.988639,1
34,16,5,0.904254,0.988561,1
34,16,6,0.90424,0.988634,1
34,16,7,0.904238,0.988525,1
34,16,8,0.904302,0.988599,1
34,16,9,0.773488,0.963175,0
34,17,0,0.908826,0.989196,1
34,17,1,0.90875,0.989205,1
34,17,2,0.908813,0.989113,1
34,17,3,0.908811,0.989157,1
34,17,4,0.908834,0.989242,1
34,17,5,0.908786,0.989167,1
34,17,6,0.908768,0.989236,1
34,17,7,0.908767,0.989132,1
34,17,8,0.908846,0.989205,1
34,17,9,0.783626,0.965269,0
34,18,0,0.912955,0.989741,1
34,18,1,0.912874,0.989749,1
34,18,2,0.912943,0.989662,1
34,18,3,0.912939,0.989703,1
34,18,4,0.912965,0.989785,1
34,18,5,0.912914,0.989713,1
34,18,6,0.912892,0.989778,1
34,18,7,0.912891,0.989679,1
34,18,8,0.912983,0.989751,1
34,18,9,0.792915,0.967141,0
34,19,0,0.91673,0.990234,1
34,19,1,0.916646,0.990241,1
34,19,2,0.916719,0.990159,1
34,19,3,0.916713,0.990198,1
34,19,4,0.916742,0.990276,1
34,19,5,0.916689,0.990207,1
34,19,6,0.916663,0.990268,1
34,19,7,0.916663,0.990175,1
34,19,8,0.916765,0.990244,1
34,19,9,0.801455,0.968824,0
35,0,0,0.585841,0.915099,1
35,0,1,0.58788,0.916922,1
35,0,2,0.585452,0.916058,1
35,0,3,0.586457,0.91504,1
35,0,4,0.587441,0.916691,1
35,0,5,0.586887,0.916003,1
35,0,6,0.586924,0.916294,1
35,0,7,0.584997,0.915687,1
35,0,8,0.585991,0.915101,1
35,0,9,0.457538,0.821227,0
35,1,0,0.651396,0.937838,1
35,1,1,0.652752,0.938678,1
35,1,2,0.651053,0.93781,1
35,1,3,0.651827,0.937959,1
35,1,4,0.652365,0.9385,1
35,1,5,0.652253,0.938236,1
35,1,6,0.652248,0.93843,1
35,1,7,0.650555,0.937817,1
35,1,8,0.651379,0.937828,1
35,1,9,0.336114,0.761502,0
35,2,0,0.700693,0.951266,1
35,2,1,0.701579,0.951825,1
35,2,2,0.700422,0.951253,1
35,2,3,0.700986,0.951334,1
35,2,4,0.701271,0.9517,1
35,2,5,0.701339,0.951532,1
35,2,6,0.701321,0.951684,1
35,2,7,0.69999,0.951277,1
35,2,8,0.700616,0.951239,1
35,2,9,0.401263,0.816565,0
35,3,0,0.738579,0.960117,1
35,3,1,0.739147,0.960518,1
35,3,2,0.738374,0.960115,1
35,3,3,0.738775,0.960157,1
35,3,4,0.738912,0.960427,1
35,3,5,0.739053,0.960308,1
35,3,6,0.739032,0.960432,1
35,3,7,0.738025,0.96015,1
35,3,8,0.738487,0.960096,1
35,3,9,0.458629,0.853518,0
35,4,0,0.768381,0.96634,1
35,4,1,0.768734,0.966644,1
35,4,2,0.76823,0.966349,1
35,4,3,0.768509,0.966361,1
35,4,4,0.76856,0.966576,1
35,4,5,0.768724,0.966481,1
35,4,6,0.768703,0.966587,1
35,4,7,0.767956,0.966389,1
35,4,8,0.768291,0.966323,1
35,4,9,0.508106,0.879205,0
35,5,0,0.792332,0.970931,1
35,5,1,0.792537,0.971172,1
35,5,2,0.792222,0.970948,1
35,5,3,0.792413,0.970941,1
35,5,4,0.79241,0.97112,1
35,5,5,0.792575,0.97104,1
35,5,6,0.792556,0.971131,1
35,5,7,0.79201,0.97099,1
35,5,8,0.79225,0.970919,1
35,5,9,0.550533,0.897775,0
35,6,0,0.811947,0.974449,1
35,6,1,0.812048,0.974645,1
35,6,2,0.811869,0.974469,1
35,6,3,0.811994,0.974452,1
35,6,4,0.811957,0.974605,1
35,6,5,0.812115,0.974535,1
35,6,6,0.812098,0.974615,1
35,6,7,0.811707,0.974513,1
35,6,8,0.811874,0.97444,1
35,6,9,0.586972,0.911687,0
35,7,0,0.828275,0.977224,1
35,7,1,0.828303,0.977388,1
35,7,2,0.828222,0.977246,1
35,7,3,0.828298,0.977223,1
35,7,4,0.82824,0.977356,1
35,7,5,0.828387,0.977293,1
35,7,6,0.828372,0.977365,1
35,7,7,0.8281,0.977291,1
35,7,8,0.828212,0.977218,1
35,7,9,0.61842,0.92243,0
35,8,0,0.842062,0.979467,1
35,8,1,0.842037,0.979606,1
35,8,2,0.842028,0.979491,1
35,8,3,0.842067,0.979462,1
35,8,4,0.841995,0.979581,1
35,8,5,0.84213,0.979522,1
35,8,6,0.842117,0.979588,1
35,8,7,0.841937,0.979535,1
35,8,8,0.842007,0.97946,1
35,8,9,0.645731,0.930942,0
35,9,0,0.853847,0.981315,1
35,9,1,0.853782,0.981436,1
35,9,2,0.853827,0.98134,1
35,9,3,0.853838,0.981308,1
35,9,4,0.853758,0.981415,1
35,9,5,0.853881,0.981361,1
35,9,6,0.85387,0.981421,1
35,9,7,0.853762,0.981383,1
35,9,8,0.853799,0.98131,1
35,9,9,0.669606,0.937832,0
35,10,0,0.864029,0.982863,1
35,10,1,0.863936,0.982969,1
35,10,2,0.864021,0.982888,1
35,10,3,0.86401,0.982855,1
35,10,4,0.863925,0.982952,1
35,10,5,0.864037,0.982901,1
35,10,6,0.864027,0.982957,1
35,10,7,0.863976,0.98293,1
35,10,8,0.863987,0.982859,1
35,10,9,0.690617,0.943514,0
35,11,0,0.87291,0.984178,1
35,11,1,0.872796,0.984272,1
35,11,2,0.872911,0.984202,1
35,11,3,0.872883,0.984169,1
35,11,4,0.872796,0.984258,1
35,11,5,0.872898,0.98421,1
35,11,6,0.872889,0.984262,1
35,11,7,0.872882,0.984243,1
35,11,8,0.872874,0.984175,1
35,11,9,0.709224,0.948272,0
35,12,0,0.880722,0.985309,1
35,12,1,0.880591,0.985393,1
35,12,2,0.880729,0.985332,1
35,12,3,0.880689,0.985299,1
35,12,4,0.8806,0.985381,1
35,12,5,0.880693,0.985336,1
35,12,6,0.880685,0.985384,1
35,12,7,0.880714,0.985372,1
35,12,8,0.88069,0.985306,1
35,12,9,0.725801,0.95231,0
35,13,0,0.887643,0.98629,1
35,13,1,0.887501,0.986366,1
35,13,2,0.887656,0.986313,1
35,13,3,0.887606,0.986281,1
35,13,4,0.887516,0.986356,1
35,13,5,0.887601,0.986314,1
35,13,6,0.887594,0.986358,1
35,13,7,0.887651,0.986352,1
35,13,8,0.887615,0.986288,1
35,13,9,0.74065,0.955778,0
35,14,0,0.893817,0.987151,1
35,14,1,0.893666,0.98722,1
35,14,2,0.893834,0.987173,1
35,14,3,0.893776,0.987141,1
35,14,4,0.893686,0.987211,1
35,14,5,0.893765,0.987171,1
35,14,6,0.893758,0.987213,1
35,14,7,0.893838,0.98721,1
35,14,8,0.893792,0.987149,1
35,14,9,0.754021,0.958787,0
35,15,0,0.899356,0.987911,1
35,15,1,0.8992,0.987974,1
35,15,2,0.899377,0.987932,1
35,15,3,0.899313,0.987901,1
35,15,4,0.899224,0.987966,1
35,15,5,0.899296,0.987928,1
35,15,6,0.899291,0.987968,1
35,15,7,0.899389,0.987968,1
35,15,8,0.899335,0.987909,1
35,15,9,0.766117,0.96142,0
35,16,0,0.904354,0.988587,1
35,16,1,0.904193,0.988645,1
35,16,2,0.904378,0.988608,1
35,16,3,0.904309,0.988577,1
35,16,4,0.904221,0.988638,1
35,16,5,0.904288,0.988602,1
35,16,6,0.904283,0.988639,1
35,16,7,0.904395,0.988643,1
35,16,8,0.904335,0.988586,1
35,16,9,0.777108,0.963743,0
35,17,0,0.908885,0.989192,1
35,17,1,0.908721,0.989246,1
35,17,2,0.908911,0.989212,1
35,17,3,0.908839,0.989182,1
35,17,4,0.908752,0.98924,1
35,17,5,0.908814,0.989205,1
35,17,6,0.908809,0.989241,1
35,17,7,0.908934,0.989246,1
35,17,8,0.908868,0.989191,1
35,17,9,0.787135,0.965807,0
35,18,0,0.913011,0.989737,1
35,18,1,0.912846,0.989787,1
35,18,2,0.913039,0.989757,1
35,18,3,0.912964,0.989727,1
35,18,4,0.912879,0.989782,1
35,18,5,0.912936,0.989749,1
35,18,6,0.912932,0.989783,1
35,18,7,0.913066,0.98979,1
35,18,8,0.912996,0.989737,1
35,18,9,0.796319,0.967652,0
35,19,0,0.916784,0.99023,1
35,19,1,0.916618,0.990277,1
35,19,2,0.916813,0.990249,1
35,19,3,0.916736,0.990221,1
35,19,4,0.916653,0.990273,1
35,19,5,0.916705,0.990241,1
35,19,6,0.916702,0.990273,1
35,19,7,0.916843,0.990281,1
35,19,8,0.916771,0.99023,1
35,19,9,0.804758,0.969312,0
36,0,0,0.579929,0.911835,1
36,0,1,0.586902,0.916526,1
36,0,2,0.580274,0.912518,1
36,0,3,0.577839,0.912963,1
36,0,4,0.57684,0.909867,1
36,0,5,0.586784,0.916215,1
36,0,6,0.586467,0.916121,1
36,0,7,0.581796,0.911993,1
36,0,8,0.578627,0.912108,1
36,0,9,0.534124,0.882534,0
36,1,0,0.647504,0.937155,1
36,1,1,0.652358,0.93833,1
36,1,2,0.648266,0.937407,1
36,1,3,0.645493,0.934071,1
36,1,4,0.645892,0.936628,1
36,1,5,0.651651,0.937956,1
36,1,6,0.651638,0.938143,1
36,1,7,0.648777,0.937143,1
36,1,8,0.646874,0.937033,1
36,1,9,0.61575,0.92715,0
36,2,0,0.698145,0.951028,1
36,2,1,0.70146,0.951609,1
36,2,2,0.698926,0.951231,1
36,2,3,0.696483,0.948651,1
36,2,4,0.697301,0.950786,1
36,2,5,0.70066,0.951293,1
36,2,6,0.700757,0.951462,1
36,2,7,0.699003,0.950925,1
36,2,8,0.697848,0.951005,1
36,2,9,0.675651,0.945335,0
36,3,0,0.736922,0.960092,1
36,3,1,0.739164,0.960365,1
36,3,2,0.737611,0.960243,1
36,3,3,0.735617,0.958196,1
36,3,4,0.7365,0.959974,1
36,3,5,0.738431,0.960121,1
36,3,6,0.738559,0.960257,1
36,3,7,0.737497,0.959952,1
36,3,8,0.736801,0.960107,1
36,3,9,0.720559,0.956561,0
36,4,0,0.767326,0.966423,1
36,4,1,0.768819,0.966532,1
36,4,2,0.767902,0.966539,1
36,4,3,0.766327,0.964883,1
36,4,4,0.767145,0.966368,1
36,4,5,0.768185,0.966325,1
36,4,6,0.76832,0.966457,1
36,4,7,0.767708,0.966272,1
36,4,8,0.767301,0.966455,1
36,4,9,0.755127,0.964096,0
36,5,0,0.791692,0.971072,1
36,5,1,0.792655,0.971082,1
36,5,2,0.792162,0.971158,1
36,5,3,0.790935,0.969775,1
36,5,4,0.791655,0.971049,1
36,5,5,0.792123,0.970915,1
36,5,6,0.792252,0.97103,1
36,5,7,0.791939,0.97092,1
36,5,8,0.79172,0.97111,1
36,5,9,0.782404,0.969468,0
36,6,0,0.811598,0.974619,1
36,6,1,0.812181,0.974569,1
36,6,2,0.811978,0.974684,1
36,6,3,0.81103,0.973504,1
36,6,4,0.811649,0.974615,1
36,6,5,0.81174,0.974434,1
36,6,6,0.81186,0.974534,1
36,6,7,0.811749,0.974471,1
36,6,8,0.811657,0.974658,1
36,6,9,0.804403,0.973478,0
36,7,0,0.828134,0.977409,1
36,7,1,0.828441,0.977323,1
36,7,2,0.82844,0.977458,1
36,7,3,0.827714,0.976435,1
36,7,4,0.828241,0.977415,1
36,7,5,0.828078,0.977211,1
36,7,6,0.828187,0.9773,1
36,7,7,0.828216,0.977266,1
36,7,8,0.828211,0.977448,1
36,7,9,0.822482,0.976578,0
36,8,0,0.842072,0.979658,1
36,8,1,0.842174,0.979549,1
36,8,2,0.842316,0.979695,1
36,8,3,0.841766,0.978794,1
36,8,4,0.842213,0.97967,1
36,8,5,0.841877,0.979455,1
36,8,6,0.841975,0.979535,1
36,8,7,0.842102,0.979521,1
36,8,8,0.842158,0.979695,1
36,8,9,0.83758,0.979042,0
36,9,0,0.853966,0.981507,1
36,9,1,0.853917,0.981384,1
36,9,2,0.85416,0.981535,1
36,9,3,0.853751,0.980733,1
36,9,4,0.854129,0.981523,1
36,9,5,0.853675,0.981304,1
36,9,6,0.853762,0.981377,1
36,9,7,0.853959,0.981377,1
36,9,8,0.854058,0.981543,1
36,9,9,0.850365,0.981046,0
36,10,0,0.86423,0.983053,1
36,10,1,0.864067,0.982922,1
36,10,2,0.864383,0.983074,1
36,10,3,0.864085,0.982352,1
36,10,4,0.864405,0.983071,1
36,10,5,0.86387,0.982854,1
36,10,6,0.863948,0.98292,1
36,10,7,0.864194,0.982929,1
36,10,8,0.864324,0.983087,1
36,10,9,0.861323,0.982706,0
36,11,0,0.873171,0.984365,1
36,11,1,0.872921,0.984229,1
36,11,2,0.87329,0.98438,1
36,11,3,0.873084,0.983725,1
36,11,4,0.873354,0.984384,1
36,11,5,0.872762,0.98417,1
36,11,6,0.872832,0.98423,1
36,11,7,0.873114,0.984247,1
36,11,8,0.873265,0.984397,1
36,11,9,0.870813,0.984102,0
36,12,0,0.881027,0.985491,1
36,12,1,0.880712,0.985352,1
36,12,2,0.881118,0.985501,1
36,12,3,0.880985,0.984903,1
36,12,4,0.881213,0.98551,1
36,12,5,0.880584,0.985302,1
36,12,6,0.880647,0.985357,1
36,12,7,0.880954,0.985378,1
36,12,8,0.88112,0.985521,1
36,12,9,0.879109,0.985293,0
36,13,0,0.887981,0.986468,1
36,13,1,0.887616,0.986329,1
36,13,2,0.888049,0.986475,1
36,13,3,0.887976,0.985924,1
36,13,4,0.888169,0.986487,1
36,13,5,0.887515,0.986284,1
36,13,6,0.887572,0.986335,1
36,13,7,0.887896,0.98636,1
36,13,8,0.888073,0.986496,1
36,13,9,0.88642,0.98632,0
36,14,0,0.894179,0.987323,1
36,14,1,0.893776,0.987184,1
36,14,2,0.894227,0.987327,1
36,14,3,0.894204,0.986817,1
36,14,4,0.894366,0.987342,1
36,14,5,0.893698,0.987145,1
36,14,6,0.893749,0.987193,1
36,14,7,0.894084,0.98722,1
36,14,8,0.894269,0.98735,1
36,14,9,0.892909,0.987215,0
36,15,0,0.899736,0.988077,1
36,15,1,0.899305,0.987941,1
36,15,2,0.899768,0.988079,1
36,15,3,0.899786,0.987606,1
36,15,4,0.899921,0.988097,1
36,15,5,0.899246,0.987906,1
36,15,6,0.899292,0.98795,1
36,15,7,0.899635,0.987979,1
36,15,8,0.899824,0.988103,1
36,15,9,0.898707,0.988002,0
36,16,0,0.904747,0.988748,1
36,16,1,0.904294,0.988614,1
36,16,2,0.904765,0.988749,1
36,16,3,0.904816,0.988306,1
36,16,4,0.904929,0.988767,1
36,16,5,0.904251,0.988583,1
36,16,6,0.904293,0.988624,1
36,16,7,0.90464,0.988654,1
36,16,8,0.904831,0.988773,1
36,16,9,0.903917,0.988698,0
36,17,0,0.909286,0.989349,1
36,17,1,0.908818,0.989216,1
36,17,2,0.909292,0.989347,1
36,17,3,0.909372,0.988932,1
36,17,4,0.909465,0.989367,1
36,17,5,0.908789,0.989189,1
36,17,6,0.908827,0.989228,1
36,17,7,0.909175,0.989258,1
36,17,8,0.909368,0.989372,1
36,17,9,0.908623,0.989319,0
36,18,0,0.913418,0.989889,1
36,18,1,0.912938,0.989759,1
36,18,2,0.913414,0.989886,1
36,18,3,0.913517,0.989496,1
36,18,4,0.913593,0.989907,1
36,18,5,0.912921,0.989734,1
36,18,6,0.912955,0.989771,1
36,18,7,0.913304,0.989802,1
36,18,8,0.913497,0.989911,1
36,18,9,0.912896,0.989875,0
36,19,0,0.917193,0.990377,1
36,19,1,0.916707,0.99025,1
36,19,2,0.917181,0.990374,1
36,19,3,0.917303,0.990005,1
36,19,4,0.917365,0.990395,1
36,19,5,0.916699,0.990228,1
36,19,6,0.916731,0.990263,1
36,19,7,0.917078,0.990294,1
36,19,8,0.917271,0.990399,1
36,19,9,0.91679,0.990377,0
37,0,0,0.585284,0.915475,1
37,0,1,0.58594,0.916191,1
37,0,2,0.585714,0.913812,1
37,0,3,0.585466,0.915529,1
37,0,4,0.585834,0.91474,1
37,0,5,0.587444,0.916745,1
37,0,6,0.585112,0.915515,1
37,0,7,0.584713,0.915101,1
37,0,8,0.584734,0.914589,1
37,0,9,0.415717,0.794735,0
37,1,0,0.651352,0.938244,1
37,1,1,0.65161,0.938068,1
37,1,2,0.651109,0.937416,1
37,1,3,0.651592,0.938376,1
37,1,4,0.650783,0.937732,1
37,1,5,0.652571,0.938569,1
37,1,6,0.651077,0.938226,1
37,1,7,0.650157,0.937926,1
37,1,8,0.650834,0.937923,1
37,1,9,0.319022,0.746086,0
37,2,0,0.700823,0.951585,1
37,2,1,0.700928,0.951428,1
37,2,2,0.700362,0.950706,1
37,2,3,0.701026,0.951714,1
37,2,4,0.699898,0.951237,1
37,2,5,0.701445,0.951709,1
37,2,6,0.700608,0.951633,1
37,2,7,0.6996,0.951343,1
37,2,8,0.700397,0.951389,1
37,2,9,0.381446,0.802625,0
37,3,0,0.738773,0.960395,1
37,3,1,0.73879,0.960222,1
37,3,2,0.738262,0.959671,1
37,3,3,0.738935,0.960497,1
37,3,4,0.737786,0.960106,1
37,3,5,0.739029,0.960408,1
37,3,6,0.738611,0.960445,1
37,3,7,0.737681,0.96022,1
37,3,8,0.738442,0.96026,1
37,3,9,0.437501,0.84151,0
37,4,0,0.768593,0.966583,1
37,4,1,0.768555,0.966393,1
37,4,2,0.768095,0.965991,1
37,4,3,0.768719,0.966665,1
37,4,4,0.767648,0.966348,1
37,4,5,0.76861,0.966529,1
37,4,6,0.768471,0.966629,1
37,4,7,0.767662,0.966461,1
37,4,8,0.768341,0.966484,1
37,4,9,0.486586,0.86892,0
37,5,0,0.792538,0.97117,1
37,5,1,0.792473,0.971035,1
37,5,2,0.792107,0.970732,1
37,5,3,0.79264,0.971215,1
37,5,4,0.791735,0.970872,1
37,5,5,0.792477,0.971137,1
37,5,6,0.79243,0.971183,1
37,5,7,0.791782,0.971066,1
37,5,8,0.792349,0.971059,1
37,5,9,0.529171,0.888872,0
37,6,0,0.812138,0.974657,1
37,6,1,0.81206,0.974536,1
37,6,2,0.81177,0.974272,1
37,6,3,0.812219,0.974696,1
37,6,4,0.811463,0.974417,1
37,6,5,0.812027,0.974619,1
37,6,6,0.812047,0.974674,1
37,6,7,0.81153,0.974586,1
37,6,8,0.812,0.97457,1
37,6,9,0.566067,0.903908,0
37,7,0,0.82845,0.977409,1
37,7,1,0.828367,0.977298,1
37,7,2,0.828136,0.977067,1
37,7,3,0.828514,0.977442,1
37,7,4,0.827882,0.977211,1
37,7,5,0.828306,0.977366,1
37,7,6,0.828376,0.977427,1
37,7,7,0.827964,0.977361,1
37,7,8,0.82835,0.977338,1
37,7,9,0.598133,0.915556,0
37,8,0,0.84222,0.979633,1
37,8,1,0.842136,0.979532,1
37,8,2,0.841954,0.979331,1
37,8,3,0.84227,0.979661,1
37,8,4,0.841744,0.979463,1
37,8,5,0.842055,0.97959,1
37,8,6,0.84216,0.979651,1
37,8,7,0.841834,0.979602,1
37,8,8,0.842151,0.979573,1
37,8,9,0.626136,0.924803,0
37,9,0,0.85399,0.981466,1
37,9,1,0.853906,0.981373,1
37,9,2,0.853762,0.981195,1
37,9,3,0.854027,0.98149,1
37,9,4,0.853589,0.981318,1
37,9,5,0.853811,0.981422,1
37,9,6,0.853941,0.981483,1
37,9,7,0.853684,0.981447,1
37,9,8,0.853944,0.981414,1
37,9,9,0.650732,0.932298,0
37,10,0,0.864158,0.983001,1
37,10,1,0.864076,0.982915,1
37,10,2,0.863964,0.982761,1
37,10,3,0.864185,0.983021,1
37,10,4,0.863821,0.982869,1
37,10,5,0.863972,0.982959,1
37,10,6,0.864119,0.983017,1
37,10,7,0.863919,0.982992,1
37,10,8,0.86413,0.982956,1
37,10,9,0.67246,0.938484,0
37,11,0,0.873026,0.984305,1
37,11,1,0.872947,0.984225,1
37,11,2,0.872861,0.984086,1
37,11,3,0.873046,0.984322,1
37,11,4,0.872744,0.984188,1
37,11,5,0.872836,0.984264,1
37,11,6,0.872996,0.984321,1
37,11,7,0.872842,0.984303,1
37,11,8,0.873014,0.984265,1
37,11,9,0.691766,0.943667,0
37,12,0,0.880826,0.985426,1
37,12,1,0.880749,0.985351,1
37,12,2,0.880685,0.985225,1
37,12,3,0.880839,0.985441,1
37,12,4,0.880589,0.985321,1
37,12,5,0.880635,0.985386,1
37,12,6,0.880803,0.985441,1
37,12,7,0.880687,0.985429,1
37,12,8,0.880826,0.98539,1
37,12,9,0.709013,0.948068,0
37,13,0,0.887737,0.9864,1
37,13,1,0.887663,0.98633,1
37,13,2,0.887617,0.986214,1
37,13,3,0.887745,0.986413,1
37,13,4,0.887539,0.986304,1
37,13,5,0.887547,0.986361,1
37,13,6,0.88772,0.986414,1
37,13,7,0.887636,0.986406,1
37,13,8,0.887746,0.986366,1
37,13,9,0.724501,0.951848,0
37,14,0,0.893902,0.987253,1
37,14,1,0.893831,0.987187,1
37,14,2,0.8938,0.98708,1
37,14,3,0.893905,0.987264,1
37,14,4,0.893737,0.987165,1
37,14,5,0.893713,0.987215,1
37,14,6,0.89389,0.987267,1
37,14,7,0.893832,0.987263,1
37,14,8,0.893919,0.987222,1
37,14,9,0.738476,0.955127,0
37,15,0,0.899434,0.988006,1
37,15,1,0.899366,0.987945,1
37,15,2,0.899347,0.987845,1
37,15,3,0.899434,0.988017,1
37,15,4,0.899296,0.987927,1
37,15,5,0.899248,0.98797,1
37,15,6,0.899426,0.98802,1
37,15,7,0.89939,0.988019,1
37,15,8,0.899457,0.987978,1
37,15,9,0.751143,0.957998,0
37,16,0,0.904425,0.988676,1
37,16,1,0.904359,0.988618,1
37,16,2,0.904351,0.988526,1
37,16,3,0.904421,0.988686,1
37,16,4,0.904311,0.988604,1
37,16,5,0.904241,0.988642,1
37,16,6,0.90442,0.98869,1
37,16,7,0.904402,0.988691,1
37,16,8,0.904453,0.988651,1
37,16,9,0.762672,0.960531,0
37,17,0,0.908949,0.989277,1
37,17,1,0.908887,0.989222,1
37,17,2,0.908887,0.989135,1
37,17,3,0.908943,0.989285,1
37,17,4,0.908856,0.98921,1
37,17,5,0.908769,0.989243,1
37,17,6,0.908948,0.98929,1
37,17,7,0.908946,0.989293,1
37,17,8,0.908982,0.989253,1
37,17,9,0.773207,0.962781,0
37,18,0,0.91307,0.989817,1
37,18,1,0.91301,0.989765,1
37,18,2,0.913017,0.989683,1
37,18,3,0.913062,0.989825,1
37,18,4,0.912995,0.989756,1
37,18,5,0.912893,0.989785,1
37,18,6,0.913071,0.98983,1
37,18,7,0.913082,0.989835,1
37,18,8,0.913105,0.989795,1
37,18,9,0.782867,0.964793,0
37,19,0,0.916838,0.990306,1
37,19,1,0.91678,0.990256,1
37,19,2,0.916794,0.990179,1
37,19,3,0.916828,0.990313,1
37,19,4,0.916778,0.990249,1
37,19,5,0.916665,0.990275,1
37,19,6,0.916841,0.990318,1
37,19,7,0.916863,0.990325,1
37,19,8,0.916876,0.990286,1
37,19,9,0.791756,0.966602,0
38,0,0,0.58659,0.916074,1
38,0,1,0.582917,0.914152,1
38,0,2,0.586566,0.916413,1
38,0,3,0.586014,0.915873,1
38,0,4,0.583406,0.914671,1
38,0,5,0.583766,0.914829,1
38,0,6,0.582565,0.913801,1
38,0,7,0.58696,0.916446,1
38,0,8,0.585961,0.916298,1
38,0,9,0.41521,0.79366,0
38,1,0,0.651642,0.938193,1
38,1,1,0.649356,0.937642,1
38,1,2,0.65186,0.938324,1
38,1,3,0.651668,0.938397,1
38,1,4,0.649628,0.937628,1
38,1,5,0.650456,0.937886,1
38,1,6,0.649668,0.937809,1
38,1,7,0.652351,0.938566,1
38,1,8,0.651418,0.937861,1
38,1,9,0.318266,0.745257,0
38,2,0,0.700729,0.951493,1
38,2,1,0.699301,0.951258,1
38,2,2,0.700986,0.951597,1
38,2,3,0.700943,0.951704,1
38,2,4,0.699456,0.951228,1
38,2,5,0.700304,0.95142,1
38,2,6,0.699793,0.951429,1
38,2,7,0.70143,0.951792,1
38,2,8,0.700659,0.951242,1
38,2,9,0.380406,0.802433,0
38,3,0,0.738511,0.960287,1
38,3,1,0.737638,0.960194,1
38,3,2,0.738761,0.960382,1
38,3,3,0.738796,0.960474,1
38,3,4,0.737722,0.960148,1
38,3,5,0.738476,0.96031,1
38,3,6,0.738144,0.960345,1
38,3,7,0.739129,0.96052,1
38,3,8,0.738536,0.960119,1
38,3,9,0.436457,0.840828,0
38,4,0,0.768268,0.966475,1
38,4,1,0.767757,0.96646,1
38,4,2,0.76849,0.966552,1
38,4,3,0.76856,0.966638,1
38,4,4,0.767797,0.966414,1
38,4,5,0.768431,0.966534,1
38,4,6,0.76822,0.966585,1
38,4,7,0.768784,0.966659,1
38,4,8,0.768338,0.966341,1
38,4,9,0.485636,0.868407,0
38,5,0,0.792202,0.971045,1
38,5,1,0.791933,0.971073,1
38,5,2,0.792392,0.971108,1
38,5,3,0.792477,0.971187,1
38,5,4,0.791946,0.971028,1
38,5,5,0.792466,0.971117,1
38,5,6,0.792338,0.971175,1
38,5,7,0.792622,0.971192,1
38,5,8,0.792292,0.970933,1
38,5,9,0.528339,0.888515,0
38,6,0,0.811813,0.974548,1
38,6,1,0.81171,0.9746,1
38,6,2,0.811973,0.9746,1
38,6,3,0.812064,0.974671,1
38,6,4,0.811705,0.974557,1
38,6,5,0.812127,0.974623,1
38,6,6,0.812057,0.974683,1
38,6,7,0.812152,0.974667,1
38,6,8,0.811911,0.974451,1
38,6,9,0.565358,0.903648,0
38,7,0,0.828144,0.977312,1
38,7,1,0.828156,0.977377,1
38,7,2,0.828278,0.977356,1
38,7,3,0.828368,0.97742,1
38,7,4,0.82814,0.977338,1
38,7,5,0.82848,0.977386,1
38,7,6,0.828452,0.977446,1
38,7,7,0.828415,0.97741,1
38,7,8,0.828244,0.977227,1
38,7,9,0.597538,0.915365,0
38,8,0,0.841936,0.979546,1
38,8,1,0.84203,0.979619,1
38,8,2,0.842048,0.979583,1
38,8,3,0.842136,0.979642,1
38,8,4,0.842006,0.979582,1
38,8,5,0.842278,0.979617,1
38,8,6,0.84228,0.979676,1
38,8,7,0.842152,0.979628,1
38,8,8,0.842034,0.979469,1
38,8,9,0.625642,0.924663,0
38,9,0,0.853728,0.981386,1
38,9,1,0.853879,0.981463,1
38,9,2,0.85382,0.981418,1
38,9,3,0.853905,0.981473,1
38,9,4,0.85385,0.98143,1
38,9,5,0.854067,0.981454,1
38,9,6,0.854091,0.981512,1
38,9,7,0.853897,0.981456,1
38,9,8,0.853822,0.981315,1
38,9,9,0.650323,0.932195,0
38,10,0,0.863917,0.982928,1
38,10,1,0.864109,0.983007,1
38,10,2,0.863993,0.982956,1
38,10,3,0.864074,0.983006,1
38,10,4,0.864077,0.982976,1
38,10,5,0.864248,0.982993,1
38,10,6,0.864289,0.983048,1
38,10,7,0.864049,0.982988,1
38,10,8,0.864007,0.982863,1
38,10,9,0.672125,0.938408,0
38,11,0,0.872805,0.984239,1
38,11,1,0.873027,0.984318,1
38,11,2,0.872868,0.984262,1
38,11,3,0.872944,0.984309,1
38,11,4,0.872992,0.984288,1
38,11,5,0.873126,0.984299,1
38,11,6,0.873179,0.984353,1
38,11,7,0.872906,0.98429,1
38,11,8,0.87289,0.984178,1
38,11,9,0.691493,0.943612,0
38,12,0,0.880623,0.985365,1
38,12,1,0.880865,0.985443,1
38,12,2,0.880674,0.985386,1
38,12,3,0.880746,0.985429,1
38,12,4,0.88083,0.985416,1
38,12,5,0.880932,0.985422,1
38,12,6,0.880994,0.985474,1
38,12,7,0.880698,0.98541,1
38,12,8,0.880703,0.985308,1
38,12,9,0.708793,0.948029,0
38,13,0,0.88755,0.986344,1
38,13,1,0.887808,0.98642,1
38,13,2,0.887592,0.986362,1
38,13,3,0.88766,0.986402,1
38,13,4,0.887771,0.986394,1
38,13,5,0.887848,0.986397,1
38,13,6,0.887916,0.986447,1
38,13,7,0.887604,0.986383,1
38,13,8,0.887626,0.986292,1
38,13,9,0.724326,0.951816,0
38,14,0,0.893729,0.987201,1
38,14,1,0.893997,0.987276,1
38,14,2,0.893764,0.987217,1
38,14,3,0.893828,0.987255,1
38,14,4,0.89396,0.987251,1
38,14,5,0.894015,0.987251,1
38,14,6,0.894089,0.987299,1
38,14,7,0.893766,0.987235,1
38,14,8,0.893802,0.987152,1
38,14,9,0.73834,0.955106,0
38,15,0,0.899274,0.987958,1
38,15,1,0.899549,0.988032,1
38,15,2,0.899302,0.987972,1
38,15,3,0.899362,0.988008,1
38,15,4,0.899512,0.988008,1
38,15,5,0.899548,0.988006,1
38,15,6,0.899626,0.988052,1
38,15,7,0.899296,0.987989,1
38,15,8,0.899343,0.987911,1
38,15,9,0.75104,0.957985,0
38,16,0,0.904277,0.988631,1
38,16,1,0.904555,0.988703,1
38,16,2,0.904298,0.988645,1
38,16,3,0.904356,0.988678,1
38,16,4,0.904519,0.988681,1
38,16,5,0.90454,0.988677,1
38,16,6,0.904619,0.988721,1
38,16,7,0.904286,0.988659,1
38,16,8,0.904342,0.988587,1
38,16,9,0.762597,0.960524,0
38,17,0,0.908812,0.989235,1
38,17,1,0.909093,0.989305,1
38,17,2,0.908828,0.989246,1
38,17,3,0.908883,0.989278,1
38,17,4,0.909056,0.989283,1
38,17,5,0.909065,0.989278,1
38,17,6,0.909146,0.98932,1
38,17,7,0.90881,0.989259,1
38,17,8,0.908874,0.989193,1
38,17,9,0.773155,0.962779,0
38,18,0,0.912942,0.989778,1
38,18,1,0.913223,0.989846,1
38,18,2,0.912954,0.989788,1
38,18,3,0.913006,0.989818,1
38,18,4,0.913187,0.989825,1
38,18,5,0.913184,0.989818,1
38,18,6,0.913267,0.989859,1
38,18,7,0.912932,0.9898,1
38,18,8,0.913001,0.989738,1
38,18,9,0.782835,0.964795,0
38,19,0,0.916718,0.990269,1
38,19,1,0.916999,0.990335,1
38,19,2,0.916727,0.990279,1
38,19,3,0.916776,0.990307,1
38,19,4,0.916964,0.990315,1
38,19,5,0.916951,0.990308,1
38,19,6,0.917034,0.990347,1
38,19,7,0.9167,0.990289,1
38,19,8,0.916774,0.990231,1
38,19,9,0.791741,0.966608,0
39,0,0,0.574791,0.908761,1
39,0,1,0.584905,0.91431,1
39,0,2,0.578564,0.910182,1
39,0,3,0.570429,0.904931,1
39,0,4,0.582781,0.912796,1
39,0,5,0.581781,0.913682,1
39,0,6,0.582616,0.914164,1
39,0,7,0.579749,0.912687,1
39,0,8,0.561761,0.901242,1
39,0,9,0.400422,0.737434,0
39,1,0,0.644549,0.93598,1
39,1,1,0.650927,0.938047,1
39,1,2,0.647151,0.937073,1
39,1,3,0.641661,0.935456,1
39,1,4,0.64953,0.937799,1
39,1,5,0.648721,0.937243,1
39,1,6,0.649122,0.937509,1
39,1,7,0.647705,0.937254,1
39,1,8,0.635854,0.933724,1
39,1,9,0.3129,0.73795,0
39,2,0,0.696413,0.950383,1
39,2,1,0.700464,0.951483,1
39,2,2,0.698196,0.951059,1
39,2,3,0.694473,0.950178,1
39,2,4,0.699549,0.951398,1
39,2,5,0.698944,0.951003,1
39,2,6,0.699125,0.951163,1
39,2,7,0.698445,0.951127,1
39,2,8,0.690509,0.949242,1
39,2,9,0.373157,0.794483,0
39,3,0,0.735908,0.959701,1
39,3,1,0.738482,0.960323,1
39,3,2,0.737133,0.960152,1
39,3,3,0.734588,0.959649,1
39,3,4,0.737889,0.960315,1
39,3,5,0.737446,0.960019,1
39,3,6,0.737512,0.960128,1
39,3,7,0.737225,0.960177,1
39,3,8,0.731822,0.959103,1
39,3,9,0.42796,0.834071,0
39,4,0,0.766751,0.966169,1
39,4,1,0.76836,0.96653,1
39,4,2,0.767591,0.966486,1
39,4,3,0.765847,0.966194,1
39,4,4,0.767984,0.96656,1
39,4,5,0.767664,0.96633,1
39,4,6,0.767668,0.966411,1
39,4,7,0.767599,0.966492,1
39,4,8,0.763881,0.965861,1
39,4,9,0.47641,0.862311,0
39,5,0,0.791396,0.970898,1
39,5,1,0.792356,0.971106,1
39,5,2,0.791966,0.971131,1
39,5,3,0.790778,0.970963,1
39,5,4,0.79213,0.971156,1
39,5,5,0.791902,0.970971,1
39,5,6,0.791871,0.971034,1
39,5,7,0.791929,0.971128,1
39,5,8,0.789363,0.970756,1
39,5,9,0.518747,0.883052,0
39,6,0,0.811486,0.974496,1
39,6,1,0.811999,0.974609,1
39,6,2,0.811863,0.974672,1
39,6,3,0.811069,0.974582,1
39,6,4,0.811877,0.97467,1
39,6,5,0.811719,0.974516,1
39,6,6,0.811667,0.974568,1
39,6,7,0.811799,0.974664,1
39,6,8,0.810044,0.974454,1
39,6,9,0.555641,0.898744,0
39,7,0,0.828145,0.977319,1
39,7,1,0.828344,0.977371,1
39,7,2,0.828382,0.977456,1
39,7,3,0.827873,0.977416,1
39,7,4,0.828298,0.977437,1
39,7,5,0.828191,0.977307,1
39,7,6,0.828128,0.977351,1
39,7,7,0.828304,0.977446,1
39,7,8,0.827131,0.977339,1
39,7,9,0.587849,0.91094,0
39,8,0,0.842166,0.97959,1
39,8,1,0.842141,0.979602,1
39,8,2,0.842299,0.979699,1
39,8,3,0.842001,0.979693,1
39,8,4,0.842149,0.97967,1
39,8,5,0.842082,0.979559,1
39,8,6,0.842013,0.979597,1
39,8,7,0.842214,0.979688,1
39,8,8,0.841467,0.97965,1
39,8,9,0.61608,0.920645,0
39,9,0,0.854119,0.981456,1
39,9,1,0.853931,0.98144,1
39,9,2,0.854174,0.981544,1
39,9,3,0.854033,0.981561,1
39,9,4,0.853979,0.981509,1
39,9,5,0.853943,0.981412,1
39,9,6,0.853871,0.981445,1
39,9,7,0.854086,0.981533,1
39,9,8,0.853656,0.981541,1
39,9,9,0.640949,0.928525,0
39,10,0,0.864422,0.983012,1
39,10,1,0.864117,0.982979,1
39,10,2,0.864419,0.983085,1
39,10,3,0.864396,0.983119,1
39,10,4,0.864194,0.983047,1
39,10,5,0.864181,0.982961,1
39,10,6,0.864109,0.982991,1
39,10,7,0.86433,0.983075,1
39,10,8,0.864139,0.983115,1
39,10,9,0.662974,0.934994,0
39,11,0,0.873391,0.984333,1
39,11,1,0.872999,0.984287,1
39,11,2,0.873343,0.984393,1
39,11,3,0.87341,0.984438,1
39,11,4,0.873098,0.984353,1
39,11,5,0.873104,0.984277,1
39,11,6,0.873031,0.984304,1
39,11,7,0.873255,0.984383,1
39,11,8,0.873246,0.984446,1
39,11,9,0.682585,0.940458,0
39,12,0,0.881266,0.985465,1
39,12,1,0.88081,0.98541,1
39,12,2,0.881183,0.985516,1
39,12,3,0.88132,0.985568,1
39,12,4,0.880926,0.985475,1
39,12,5,0.880946,0.985406,1
39,12,6,0.880874,0.985431,1
39,12,7,0.881096,0.985506,1
39,12,8,0.881228,0.985585,1
39,12,9,0.700136,0.9451,0
39,13,0,0.888233,0.986447,1
39,13,1,0.887731,0.986386,1
39,13,2,0.888124,0.98649,1
39,13,3,0.888314,0.986548,1
39,13,4,0.887858,0.986449,1
39,13,5,0.887889,0.986386,1
39,13,6,0.88782,0.986409,1
39,13,7,0.888039,0.986481,1
39,13,8,0.888279,0.986571,1
39,13,9,0.715921,0.94909,0
39,14,0,0.894439,0.987307,1
39,14,1,0.893903,0.98724,1
39,14,2,0.894309,0.987343,1
39,14,3,0.894541,0.987404,1
39,14,4,0.894039,0.987302,1
39,14,5,0.89408,0.987245,1
39,14,6,0.894012,0.987266,1
39,14,7,0.894227,0.987334,1
39,14,8,0.894552,0.987432,1
39,14,9,0.730184,0.952552,0
39,15,0,0.900001,0.988065,1
39,15,1,0.899441,0.987996,1
39,15,2,0.899855,0.988096,1
39,15,3,0.900119,0.988159,1
39,15,4,0.899584,0.988055,1
39,15,5,0.899631,0.988003,1
39,15,6,0.899565,0.988022,1
39,15,7,0.899776,0.988087,1
39,15,8,0.900166,0.988191,1
39,15,9,0.743127,0.955584,0
39,16,0,0.905013,0.988738,1
39,16,1,0.904437,0.988667,1
39,16,2,0.904856,0.988765,1
39,16,3,0.905144,0.98883,1
39,16,4,0.904584,0.988725,1
39,16,5,0.904637,0.988676,1
39,16,6,0.904573,0.988695,1
39,16,7,0.904779,0.988757,1
39,16,8,0.905221,0.988864,1
39,16,9,0.75492,0.95826,0
39,17,0,0.909553,0.989341,1
39,17,1,0.908966,0.989268,1
39,17,2,0.909386,0.989364,1
39,17,3,0.909694,0.98943,1
39,17,4,0.909116,0.989325,1
39,17,5,0.909174,0.989279,1
39,17,6,0.909112,0.989297,1
39,17,7,0.909312,0.989356,1
39,17,8,0.909794,0.989466,1
39,17,9,0.765706,0.960638,0
39,18,0,0.913684,0.989883,1
39,18,1,0.91309,0.98981,1
39,18,2,0.91351,0.989902,1
39,18,3,0.913832,0.989969,1
39,18,4,0.913242,0.989864,1
39,18,5,0.913303,0.989822,1
39,18,6,0.913243,0.989839,1
39,18,7,0.913438,0.989895,1
39,18,8,0.913951,0.990006,1
39,18,9,0.775605,0.962765,0
39,19,0,0.917458,0.990372,1
39,19,1,0.916861,0.9903,1
39,19,2,0.917279,0.99039,1
39,19,3,0.917612,0.990456,1
39,19,4,0.917014,0.990352,1
39,19,5,0.917078,0.990313,1
39,19,6,0.91702,0.990329,1
39,19,7,0.917209,0.990383,1
39,19,8,0.917746,0.990494,1
39,19,9,0.784721,0.964677,0
40,0,0,0.5764,0.911527,1
40,0,1,0.557364,0.899365,1
40,0,2,0.572816,0.90529,1
40,0,3,0.432939,0.799703,1
40,0,4,0.581791,0.914219,1
40,0,5,0.410184,0.768955,1
40,0,6,0.446881,0.820452,1
40,0,7,0.576563,0.911407,1
40,0,8,0.424632,0.788429,1
40,0,9,0.400016,0.691152,0
40,1,0,0.645549,0.936208,1
40,1,1,0.632418,0.932549,1
40,1,2,0.64314,0.93574,1
40,1,3,0.325998,0.75173,1
40,1,4,0.648646,0.937464,1
40,1,5,0.318763,0.747965,1
40,1,6,0.332654,0.760054,1
40,1,7,0.645598,0.936659,1
40,1,8,0.323372,0.751764,1
40,1,9,0.312848,0.740332,0
40,2,0,0.697046,0.950475,1
40,2,1,0.687909,0.948512,1
40,2,2,0.695418,0.950283,1
40,2,3,0.390095,0.808285,1
40,2,4,0.698853,0.95117,1
40,2,5,0.381237,0.80417,1
40,2,6,0.397863,0.815606,1
40,2,7,0.697048,0.950819,1
40,2,8,0.387057,0.808124,1
40,2,9,0.373147,0.796547,0
40,3,0,0.736313,0.959734,1
40,3,1,0.729857,0.958622,1
40,3,2,0.735204,0.959672,1
40,3,3,0.447021,0.846549,1
40,3,4,0.73736,0.960158,1
40,3,5,0.436885,0.842421,1
40,3,6,0.455118,0.85267,1
40,3,7,0.736296,0.960012,1
40,3,8,0.443625,0.846234,1
40,3,9,0.427954,0.835782,0
40,4,0,0.76701,0.966173,1
40,4,1,0.762383,0.965528,1
40,4,2,0.766252,0.966178,1
40,4,3,0.496455,0.873297,1
40,4,4,0.76759,0.966449,1
40,4,5,0.485438,0.869341,1
40,4,6,0.504464,0.878402,1
40,4,7,0.766985,0.966406,1
40,4,8,0.492798,0.872901,1
40,4,9,0.476384,0.863744,0
40,5,0,0.791558,0.970886,1
40,5,1,0.78821,0.970517,1
40,5,2,0.791043,0.970928,1
40,5,3,0.539073,0.892705,1
40,5,4,0.79184,0.971076,1
40,5,5,0.527516,0.888989,1
40,5,6,0.546794,0.897008,1
40,5,7,0.791531,0.971087,1
40,5,8,0.53525,0.89227,1
40,5,9,0.51869,0.884269,0
40,6,0,0.81158,0.974475,1
40,6,1,0.809147,0.974276,1
40,6,2,0.811239,0.974537,1
40,6,3,0.575828,0.907274,1
40,6,4,0.811667,0.97461,1
40,6,5,0.563991,0.903812,1
40,6,6,0.583179,0.910956,1
40,6,7,0.811554,0.974651,1
40,6,8,0.571918,0.906828,1
40,6,9,0.55555,0.899793,0
40,7,0,0.828193,0.977294,1
40,7,1,0.826429,0.977205,1
40,7,2,0.827976,0.977367,1
40,7,3,0.607656,0.91854,1
40,7,4,0.828149,0.977392,1
40,7,5,0.595725,0.915322,1
40,7,6,0.614613,0.921735,1
40,7,7,0.828168,0.977451,1
40,7,8,0.603715,0.918096,1
40,7,9,0.587727,0.911857,0
40,8,0,0.842181,0.979563,1
40,8,1,0.840914,0.979547,1
40,8,2,0.842056,0.979642,1
40,8,3,0.635372,0.927472,1
40,8,4,0.842047,0.979636,1
40,8,5,0.623478,0.92448,1
40,8,6,0.64194,0.930283,1
40,8,7,0.842158,0.979705,1
40,8,8,0.631442,0.92704,1
40,8,9,0.615931,0.921456,0
40,9,0,0.854109,0.981424,1
40,9,1,0.853219,0.981459,1
40,9,2,0.854053,0.981511,1
40,9,3,0.659654,0.934707,1
40,9,4,0.853913,0.981482,1
40,9,5,0.647889,0.931919,1
40,9,6,0.665856,0.937203,1
40,9,7,0.854088,0.981555,1
40,9,8,0.655765,0.934291,1
40,9,9,0.640782,0.929231,0
40,10,0,0.864395,0.982983,1
40,10,1,0.863794,0.983052,1
40,10,2,0.86439,0.983067,1
40,10,3,0.681068,0.940686,1
40,10,4,0.864157,0.983028,1
40,10,5,0.669486,0.938071,1
40,10,6,0.686924,0.942923,1
40,10,7,0.864376,0.983103,1
40,10,8,0.677236,0.940275,1
40,10,9,0.662792,0.935674,0
40,11,0,0.873351,0.984303,1
40,11,1,0.872974,0.984396,1
40,11,2,0.873385,0.984387,1
40,11,3,0.700062,0.945684,1
40,11,4,0.873083,0.984339,1
40,11,5,0.688703,0.943234,1
40,11,6,0.7056,0.947711,1
40,11,7,0.873334,0.984414,1
40,11,8,0.696301,0.945291,1
40,11,9,0.682389,0.941077,0
40,12,0,0.881216,0.985436,1
40,12,1,0.881015,0.985546,1
40,12,2,0.881281,0.985519,1
40,12,3,0.717005,0.949927,1
40,12,4,0.880929,0.985464,1
40,12,5,0.705894,0.947625,1
40,12,6,0.722252,0.951778,1
40,12,7,0.8812,0.985539,1
40,12,8,0.713324,0.949551,1
40,12,9,0.699929,0.945668,0
40,13,0,0.888176,0.986419,1
40,13,1,0.888114,0.986539,1
40,13,2,0.888264,0.9865,1
40,13,3,0.732201,0.953571,1
40,13,4,0.887876,0.986441,1
40,13,5,0.721351,0.951401,1
40,13,6,0.73718,0.955272,1
40,13,7,0.888162,0.986515,1
40,13,8,0.728605,0.953211,1
40,13,9,0.715705,0.949614,0
40,14,0,0.894377,0.987279,1
40,14,1,0.894426,0.987407,1
40,14,2,0.894482,0.987358,1
40,14,3,0.745898,0.956732,1
40,14,4,0.894068,0.987296,1
40,14,5,0.735315,0.954681,1
40,14,6,0.750632,0.958304,1
40,14,7,0.894364,0.987369,1
40,14,8,0.742388,0.956388,1
40,14,9,0.729961,0.953039,0
40,15,0,0.899935,0.988038,1
40,15,1,0.900073,0.988171,1
40,15,2,0.900054,0.988114,1
40,15,3,0.758301,0.959498,1
40,15,4,0.899622,0.988051,1
40,15,5,0.747986,0.957556,1
40,15,6,0.762811,0.960959,1
40,15,7,0.899923,0.988123,1
40,15,8,0.754878,0.959169,1
40,15,9,0.742899,0.956038,0
40,16,0,0.904945,0.988712,1
40,16,1,0.905154,0.988848,1
40,16,2,0.905075,0.988787,1
40,16,3,0.769579,0.961939,1
40,16,4,0.90463,0.988723,1
40,16,5,0.75953,0.960095,1
40,16,6,0.773883,0.963303,1
40,16,7,0.904934,0.988792,1
40,16,8,0.766244,0.961623,1
40,16,9,0.754688,0.958684,0
40,17,0,0.909483,0.989315,1
40,17,1,0.90975,0.989453,1
40,17,2,0.909621,0.989388,1
40,17,3,0.779877,0.964108,1
40,17,4,0.909169,0.989324,1
40,17,5,0.770089,0.962352,1
40,17,6,0.783992,0.965385,1
40,17,7,0.909473,0.989391,1
40,17,8,0.776628,0.963805,1
40,17,9,0.765472,0.961036,0
40,18,0,0.913612,0.989858,1
40,18,1,0.913926,0.989997,1
40,18,2,0.913757,0.989928,1
40,18,3,0.789314,0.966046,1
40,18,4,0.9133,0.989864,1
40,18,5,0.77978,0.964372,1
40,18,6,0.793254,0.967248,1
40,18,7,0.913603,0.98993,1
40,18,8,0.786148,0.965756,1
40,18,9,0.775369,0.96314,0
40,19,0,0.917386,0.990348,1
40,19,1,0.917737,0.990487,1
40,19,2,0.917535,0.990417,1
40,19,3,0.797992,0.96779,1
40,19,4,0.917075,0.990353,1
40,19,5,0.788704,0.96619,1
40,19,6,0.801769,0.968924,1
40,19,7,0.917377,0.990417,1
40,19,8,0.794906,0.96751,1
40,19,9,0.784483,0.965032,0
41,0,0,0.583862,0.915379,1
41,0,1,0.58682,0.91661,1
41,0,2,0.585217,0.915153,1
41,0,3,0.586989,0.916686,1
41,0,4,0.585876,0.916178,1
41,0,5,0.584168,0.914361,1
41,0,6,0.58631,0.916267,1
41,0,7,0.58683,0.916415,1
41,0,8,0.58481,0.914291,1
41,0,9,0.421509,0.795636,0
41,1,0,0.649641,0.937409,1
41,1,1,0.651856,0.938059,1
41,1,2,0.650929,0.937977,1
41,1,3,0.651635,0.938205,1
41,1,4,0.651052,0.938085,1
41,1,5,0.650176,0.937493,1
41,1,6,0.652005,0.938467,1
41,1,7,0.652252,0.938547,1
41,1,8,0.650537,0.937583,1
41,1,9,0.320485,0.745825,0
41,2,0,0.699302,0.951001,1
41,2,1,0.70089,0.951377,1
41,2,2,0.700358,0.951402,1
41,2,3,0.700564,0.951468,1
41,2,4,0.700267,0.951439,1
41,2,5,0.699832,0.951071,1
41,2,6,0.70125,0.951754,1
41,2,7,0.701358,0.951785,1
41,2,8,0.700033,0.951107,1
41,2,9,0.383243,0.80273,0
41,3,0,0.737519,0.959977,1
41,3,1,0.738646,0.9602,1
41,3,2,0.738331,0.960247,1
41,3,3,0.738319,0.960263,1
41,3,4,0.73818,0.960271,1
41,3,5,0.737975,0.959992,1
41,3,6,0.739042,0.960508,1
41,3,7,0.739079,0.960518,1
41,3,8,0.738089,0.960002,1
41,3,9,0.4397,0.841893,0
41,4,0,0.767592,0.96625,1
41,4,1,0.768369,0.96638,1
41,4,2,0.768212,0.966463,1
41,4,3,0.768072,0.966446,1
41,4,4,0.768028,0.96647,1
41,4,5,0.767969,0.96628,1
41,4,6,0.768753,0.966656,1
41,4,7,0.768749,0.966658,1
41,4,8,0.768024,0.96628,1
41,4,9,0.489126,0.869446,0
41,5,0,0.791754,0.970886,1
41,5,1,0.792276,0.970959,1
41,5,2,0.79222,0.971049,1
41,5,3,0.792017,0.97102,1
41,5,4,0.792031,0.971051,1
41,5,5,0.79206,0.970903,1
41,5,6,0.792626,0.971196,1
41,5,7,0.792598,0.971193,1
41,5,8,0.792077,0.970896,1
41,5,9,0.531951,0.889488,0
41,6,0,0.811531,0.974433,1
41,6,1,0.811867,0.974469,1
41,6,2,0.811876,0.974559,1
41,6,3,0.811644,0.974527,1
41,6,4,0.811695,0.974561,1
41,6,5,0.811776,0.97444,1
41,6,6,0.812177,0.974674,1
41,6,7,0.812136,0.974669,1
41,6,8,0.811769,0.97443,1
41,6,9,0.569008,0.904546,0
41,7,0,0.827985,0.977228,1
41,7,1,0.828182,0.977239,1
41,7,2,0.828236,0.977328,1
41,7,3,0.827993,0.977295,1
41,7,4,0.828066,0.97733,1
41,7,5,0.82818,0.977228,1
41,7,6,0.828454,0.977419,1
41,7,7,0.828405,0.977413,1
41,7,8,0.828156,0.977216,1
41,7,9,0.601168,0.91619,0
41,8,0,0.841869,0.979486,1
41,8,1,0.841962,0.97948,1
41,8,2,0.842044,0.979565,1
41,8,3,0.841801,0.979532,1
41,8,4,0.841889,0.979567,1
41,8,5,0.842022,0.979478,1
41,8,6,0.8422,0.979638,1
41,8,7,0.842147,0.979631,1
41,8,8,0.841989,0.979465,1
41,8,9,0.629214,0.925367,0
41,9,0,0.853729,0.981343,1
41,9,1,0.853744,0.981325,1
41,9,2,0.853846,0.981407,1
41,9,3,0.853608,0.981376,1
41,9,4,0.853704,0.98141,1
41,9,5,0.853849,0.981332,1
41,9,6,0.853951,0.981467,1
41,9,7,0.853896,0.98146,1
41,9,8,0.853808,0.981318,1
41,9,9,0.653818,0.932845,0
41,10,0,0.863971,0.982897,1
41,10,1,0.863926,0.982872,1
41,10,2,0.864041,0.98295,1
41,10,3,0.86381,0.98292,1
41,10,4,0.863912,0.982953,1
41,10,5,0.864063,0.982884,1
41,10,6,0.864106,0.982999,1
41,10,7,0.864051,0.982992,1
41,10,8,0.864018,0.98287,1
41,10,9,0.67553,0.93901,0
41,11,0,0.872898,0.984216,1
41,11,1,0.872808,0.984185,1
41,11,2,0.872931,0.98426,1
41,11,3,0.87271,0.984232,1
41,11,4,0.872814,0.984263,1
41,11,5,0.872968,0.984201,1
41,11,6,0.872965,0.984301,1
41,11,7,0.87291,0.984295,1
41,11,8,0.87292,0.984188,1
41,11,9,0.694803,0.944172,0
41,12,0,0.880747,0.98535,1
41,12,1,0.88062,0.985315,1
41,12,2,0.88075,0.985386,1
41,12,3,0.880538,0.985359,1
41,12,4,0.880643,0.98539,1
41,12,5,0.880798,0.985333,1
41,12,6,0.880758,0.985421,1
41,12,7,0.880704,0.985414,1
41,12,8,0.880748,0.98532,1
41,12,9,0.712006,0.948551,0
41,13,0,0.887697,0.986333,1
41,13,1,0.887544,0.986296,1
41,13,2,0.887677,0.986363,1
41,13,3,0.887474,0.986339,1
41,13,4,0.887579,0.986368,1
41,13,5,0.887733,0.986316,1
41,13,6,0.887664,0.986393,1
41,13,7,0.887611,0.986387,1
41,13,8,0.887682,0.986303,1
41,13,9,0.727441,0.95231,0
41,14,0,0.893895,0.987195,1
41,14,1,0.89372,0.987155,1
41,14,2,0.893855,0.98722,1
41,14,3,0.893661,0.987197,1
41,14,4,0.893766,0.987225,1
41,14,5,0.893918,0.987177,1
41,14,6,0.893825,0.987245,1
41,14,7,0.893773,0.987239,1
41,14,8,0.893866,0.987164,1
41,14,9,0.741359,0.95557,0
41,15,0,0.899453,0.987955,1
41,15,1,0.899263,0.987915,1
41,15,2,0.899398,0.987977,1
41,15,3,0.899213,0.987955,1
41,15,4,0.899316,0.987982,1
41,15,5,0.899466,0.987937,1
41,15,6,0.899355,0.987998,1
41,15,7,0.899304,0.987992,1
41,15,8,0.899414,0.987925,1
41,15,9,0.753965,0.958421,0
41,16,0,0.904466,0.988632,1
41,16,1,0.904263,0.98859,1
41,16,2,0.904399,0.98865,1
41,16,3,0.904222,0.988629,1
41,16,4,0.904323,0.988655,1
41,16,5,0.90447,0.988613,1
41,16,6,0.904344,0.988668,1
41,16,7,0.904295,0.988663,1
41,16,8,0.904419,0.988602,1
41,16,9,0.765432,0.960936,0
41,17,0,0.909009,0.989237,1
41,17,1,0.908797,0.989195,1
41,17,2,0.908932,0.989252,1
41,17,3,0.908762,0.989233,1
41,17,4,0.908862,0.989257,1
41,17,5,0.909006,0.989219,1
41,17,6,0.908868,0.989268,1
41,17,7,0.90882,0.989263,1
41,17,8,0.908955,0.989207,1
41,17,9,0.775904,0.96317,0
41,18,0,0.913145,0.989782,1
41,18,1,0.912925,0.98974,1
41,18,2,0.913059,0.989795,1
41,18,3,0.912897,0.989776,1
41,18,4,0.912995,0.9898,1
41,18,5,0.913135,0.989763,1
41,18,6,0.912988,0.989809,1
41,18,7,0.912942,0.989803,1
41,18,8,0.913085,0.989752,1
41,18,9,0.785502,0.965167,0
41,19,0,0.916926,0.990274,1
41,19,1,0.916701,0.990233,1
41,19,2,0.916833,0.990286,1
41,19,3,0.916678,0.990268,1
41,19,4,0.916773,0.990291,1
41,19,5,0.916911,0.990256,1
41,19,6,0.916756,0.990298,1
41,19,7,0.916711,0.990293,1
41,19,8,0.916861,0.990246,1
41,19,9,0.794329,0.966961,0
42,0,0,0.587328,0.916565,1
42,0,1,0.577248,0.910279,1
42,0,2,0.585683,0.91564,1
42,0,3,0.585636,0.915855,1
42,0,4,0.584397,0.915564,1
42,0,5,0.565464,0.902011,1
42,0,6,0.574293,0.909616,1
42,0,7,0.584776,0.91503,1
42,0,8,0.585582,0.914906,1
42,0,9,0.465811,0.829257,0
42,1,0,0.652589,0.938515,1
42,1,1,0.646173,0.936817,1
42,1,2,0.651013,0.938053,1
42,1,3,0.651502,0.938342,1
42,1,4,0.649829,0.937604,1
42,1,5,0.638163,0.934313,1
42,1,6,0.64421,0.936125,1
42,1,7,0.650627,0.938095,1
42,1,8,0.651565,0.938302,1
42,1,9,0.339326,0.764233,0
42,2,0,0.70161,0.951771,1
42,2,1,0.69748,0.950915,1
42,2,2,0.700275,0.951443,1
42,2,3,0.700879,0.951668,1
42,2,4,0.699392,0.951059,1
42,2,5,0.692005,0.949547,1
42,2,6,0.696162,0.950476,1
42,2,7,0.70016,0.951508,1
42,2,8,0.700979,0.951661,1
42,2,9,0.404371,0.818507,0
42,3,0,0.739258,0.960489,1
42,3,1,0.736616,0.96007,1
42,3,2,0.738202,0.960269,1
42,3,3,0.738777,0.960455,1
42,3,4,0.737554,0.960001,1
42,3,5,0.732828,0.959261,1
42,3,6,0.735724,0.959791,1
42,3,7,0.738214,0.96035,1
42,3,8,0.738879,0.960449,1
42,3,9,0.46171,0.855098,0
42,4,0,0.76887,0.966617,1
42,4,1,0.767223,0.966443,1
42,4,2,0.768069,0.966479,1
42,4,3,0.768569,0.966634,1
42,4,4,0.767579,0.966298,1
42,4,5,0.764579,0.965942,1
42,4,6,0.76662,0.96626,1
42,4,7,0.768135,0.966562,1
42,4,8,0.768662,0.966618,1
42,4,9,0.511161,0.880541,0
42,5,0,0.792675,0.971144,1
42,5,1,0.791707,0.971108,1
42,5,2,0.792078,0.971055,1
42,5,3,0.792502,0.971188,1
42,5,4,0.791713,0.970938,1
42,5,5,0.789859,0.970788,1
42,5,6,0.791305,0.970992,1
42,5,7,0.792171,0.971142,1
42,5,8,0.792582,0.971173,1
42,5,9,0.553546,0.898937,0
42,6,0,0.812181,0.974621,1
42,6,1,0.811683,0.974663,1
42,6,2,0.811743,0.974564,1
42,6,3,0.812097,0.974674,1
42,6,4,0.811475,0.974477,1
42,6,5,0.810401,0.974462,1
42,6,6,0.811423,0.974583,1
42,6,7,0.811848,0.974645,1
42,6,8,0.812165,0.974659,1
42,6,9,0.589924,0.912712,0
42,7,0,0.828427,0.977366,1
42,7,1,0.828261,0.977457,1
42,7,2,0.828113,0.977333,1
42,7,3,0.828407,0.977424,1
42,7,4,0.827921,0.977266,1
42,7,5,0.82739,0.977334,1
42,7,6,0.828103,0.9774,1
42,7,7,0.828223,0.977407,1
42,7,8,0.828465,0.977409,1
42,7,9,0.621297,0.923346,0
42,8,0,0.842152,0.979586,1
42,8,1,0.842224,0.979706,1
42,8,2,0.841933,0.979569,1
42,8,3,0.842177,0.979646,1
42,8,4,0.841802,0.979517,1
42,8,5,0.841655,0.979637,1
42,8,6,0.84214,0.979666,1
42,8,7,0.842044,0.979637,1
42,8,8,0.842225,0.979632,1
42,8,9,0.648525,0.931768,0
42,9,0,0.853888,0.981416,1
42,9,1,0.854133,0.981554,1
42,9,2,0.853746,0.981411,1
42,9,3,0.853946,0.981477,1
42,9,4,0.853661,0.981372,1
42,9,5,0.853791,0.981522,1
42,9,6,0.854104,0.981527,1
42,9,7,0.853854,0.981475,1
42,9,8,0.853987,0.981463,1
42,9,9,0.672314,0.938585,0
42,10,0,0.864033,0.98295,1
42,10,1,0.864403,0.983099,1
42,10,2,0.86395,0.982954,1
42,10,3,0.864115,0.983011,1
42,10,4,0.863903,0.982924,1
42,10,5,0.864235,0.983093,1
42,10,6,0.864417,0.983081,1
42,10,7,0.864055,0.983013,1
42,10,8,0.86415,0.982997,1
42,10,9,0.693237,0.944204,0
42,11,0,0.872885,0.984254,1
42,11,1,0.873348,0.984409,1
42,11,2,0.87285,0.984264,1
42,11,3,0.872985,0.984314,1
42,11,4,0.872832,0.984241,1
42,11,5,0.873312,0.984422,1
42,11,6,0.873392,0.984397,1
42,11,7,0.872951,0.984319,1
42,11,8,0.873014,0.984301,1
42,11,9,0.711757,0.948909,0
42,12,0,0.880673,0.985375,1
42,12,1,0.881204,0.985534,1
42,12,2,0.880676,0.985391,1
42,12,3,0.880787,0.985435,1
42,12,4,0.880681,0.985374,1
42,12,5,0.881271,0.98556,1
42,12,6,0.881272,0.985526,1
42,12,7,0.880773,0.985442,1
42,12,8,0.880811,0.98542,1
42,12,9,0.728248,0.952902,0
42,13,0,0.887577,0.986349,1
42,13,1,0.888157,0.986509,1
42,13,2,0.88761,0.986369,1
42,13,3,0.887699,0.986407,1
42,13,4,0.887634,0.986356,1
42,13,5,0.888304,0.986545,1
42,13,6,0.888243,0.986505,1
42,13,7,0.887703,0.986416,1
42,13,8,0.88772,0.986393,1
42,13,9,0.743015,0.95633,0
42,14,0,0.893736,0.987203,1
42,14,1,0.894352,0.987362,1
42,14,2,0.893795,0.987225,1
42,14,3,0.893866,0.98726,1
42,14,4,0.893833,0.987216,1
42,14,5,0.894561,0.987406,1
42,14,6,0.894453,0.987361,1
42,14,7,0.893883,0.98727,1
42,14,8,0.893883,0.987246,1
42,14,9,0.756306,0.959303,0
42,15,0,0.899265,0.987958,1
42,15,1,0.899906,0.988115,1
42,15,2,0.899343,0.987982,1
42,15,3,0.899399,0.988013,1
42,15,4,0.899394,0.987975,1
42,15,5,0.900165,0.988165,1
42,15,6,0.900017,0.988116,1
42,15,7,0.899428,0.988024,1
42,15,8,0.899413,0.988,1
42,15,9,0.768327,0.961905,0
42,16,0,0.904254,0.98863,1
42,16,1,0.904912,0.988784,1
42,16,2,0.904348,0.988655,1
42,16,3,0.904391,0.988683,1
42,16,4,0.904409,0.98865,1
42,16,5,0.90521,0.988838,1
42,16,6,0.905032,0.988787,1
42,16,7,0.904429,0.988695,1
42,16,8,0.904403,0.98867,1
42,16,9,0.779246,0.964201,0
42,17,0,0.908778,0.989231,1
42,17,1,0.909448,0.989383,1
42,17,2,0.908885,0.989258,1
42,17,3,0.908917,0.989282,1
42,17,4,0.908954,0.989255,1
42,17,5,0.909776,0.98944,1
42,17,6,0.909573,0.989387,1
42,17,7,0.908963,0.989295,1
42,17,8,0.908927,0.98927,1
42,17,9,0.789205,0.96624,0
42,18,0,0.912898,0.989773,1
42,18,1,0.913575,0.989922,1
42,18,2,0.913017,0.9898,1
42,18,3,0.913039,0.989823,1
42,18,4,0.913092,0.989798,1
42,18,5,0.913927,0.989981,1
42,18,6,0.913705,0.989927,1
42,18,7,0.913091,0.989836,1
42,18,8,0.913047,0.989811,1
42,18,9,0.798324,0.968064,0
42,19,0,0.916667,0.990263,1
42,19,1,0.917346,0.990409,1
42,19,2,0.916794,0.990291,1
42,19,3,0.916808,0.990311,1
42,19,4,0.916875,0.990291,1
42,19,5,0.917717,0.99047,1
42,19,6,0.91748,0.990415,1
42,19,7,0.916865,0.990325,1
42,19,8,0.916814,0.9903,1
42,19,9,0.806701,0.969703,0
43,0,0,0.584319,0.914791,1
43,0,1,0.584007,0.914328,1
43,0,2,0.583227,0.91424,1
43,0,3,0.555292,0.899507,1
43,0,4,0.585675,0.914874,1
43,0,5,0.545636,0.885878,1
43,0,6,0.536264,0.884264,1
43,0,7,0.576737,0.912065,1
43,0,8,0.542374,0.888797,1
43,0,9,0.539419,0.888155,0
43,1,0,0.650693,0.938129,1
43,1,1,0.650484,0.938011,1
43,1,2,0.649935,0.937917,1
43,1,3,0.631256,0.931719,1
43,1,4,0.651006,0.937646,1
43,1,5,0.623899,0.929625,1
43,1,6,0.61721,0.927612,1
43,1,7,0.645084,0.936277,1
43,1,8,0.621763,0.928784,1
43,1,9,0.619054,0.926326,0
43,2,0,0.700394,0.951588,1
43,2,1,0.700255,0.95151,1
43,2,2,0.699876,0.951473,1
43,2,3,0.687205,0.947972,1
43,2,4,0.700284,0.951105,1
43,2,5,0.681655,0.946755,1
43,2,6,0.676713,0.945597,1
43,2,7,0.696384,0.95048,1
43,2,8,0.680161,0.946253,1
43,2,9,0.677942,0.944507,0
43,3,0,0.73849,0.960426,1
43,3,1,0.738398,0.96037,1
43,3,2,0.738141,0.960363,1
43,3,3,0.729399,0.958228,1
43,3,4,0.738215,0.959992,1
43,3,5,0.725161,0.957471,1
43,3,6,0.721375,0.956731,1
43,3,7,0.735659,0.959735,1
43,3,8,0.724056,0.957132,1
43,3,9,0.72228,0.955811,0
43,4,0,0.768406,0.966625,1
43,4,1,0.768347,0.966583,1
43,4,2,0.768171,0.966591,1
43,4,3,0.762069,0.965231,1
43,4,4,0.768073,0.966235,1
43,4,5,0.75878,0.964727,1
43,4,6,0.75578,0.964216,1
43,4,7,0.766426,0.966177,1
43,4,8,0.757919,0.964479,1
43,4,9,0.756498,0.963425,0
43,5,0,0.792421,0.971192,1
43,5,1,0.792384,0.971159,1
43,5,2,0.792267,0.971175,1
43,5,3,0.787983,0.970275,1
43,5,4,0.792078,0.970849,1
43,5,5,0.785385,0.96993,1
43,5,6,0.782945,0.969558,1
43,5,7,0.791057,0.970899,1
43,5,8,0.784691,0.969739,1
43,5,9,0.783544,0.968874,0
43,6,0,0.812071,0.974687,1
43,6,1,0.812051,0.97466,1
43,6,2,0.811976,0.974681,1
43,6,3,0.808977,0.974071,1
43,6,4,0.81174,0.974383,1
43,6,5,0.806892,0.973831,1
43,6,6,0.804863,0.973549,1
43,6,7,0.811159,0.974496,1
43,6,8,0.806317,0.973676,1
43,6,9,0.805381,0.972947,0
43,7,0,0.828419,0.977442,1
43,7,1,0.82841,0.97742,1
43,7,2,0.828367,0.977443,1
43,7,3,0.826296,0.977027,1
43,7,4,0.828109,0.97717,1
43,7,5,0.824599,0.976857,1
43,7,6,0.822881,0.976636,1
43,7,7,0.827841,0.97732,1
43,7,8,0.824112,0.976727,1
43,7,9,0.823339,0.9761,0
43,8,0,0.842216,0.979667,1
43,8,1,0.842215,0.979648,1
43,8,2,0.842196,0.979673,1
43,8,3,0.840808,0.97939,1
43,8,4,0.841929,0.979422,1
43,8,5,0.83941,0.979268,1
43,8,6,0.837932,0.979091,1
43,8,7,0.841888,0.979593,1
43,8,8,0.83899,0.979158,1
43,8,9,0.838346,0.978609,0
43,9,0,0.854005,0.981499,1
43,9,1,0.85401,0.981484,1
43,9,2,0.854009,0.981509,1
43,9,3,0.853131,0.98132,1
43,9,4,0.853741,0.981278,1
43,9,5,0.851969,0.981233,1
43,9,6,0.85068,0.981087,1
43,9,7,0.853866,0.981459,1
43,9,8,0.8516,0.981137,1
43,9,9,0.851058,0.98065,0
43,10,0,0.864188,0.983034,1
43,10,1,0.864198,0.98302,1
43,10,2,0.86421,0.983045,1
43,10,3,0.86372,0.982925,1
43,10,4,0.863945,0.982832,1
43,10,5,0.862744,0.982864,1
43,10,6,0.861607,0.982742,1
43,10,7,0.864194,0.983019,1
43,10,8,0.862417,0.982779,1
43,10,9,0.861957,0.982342,0
43,11,0,0.873067,0.984337,1
43,11,1,0.873081,0.984325,1
43,11,2,0.873103,0.98435,1
43,11,3,0.872911,0.98428,1
43,11,4,0.872845,0.984151,1
43,11,5,0.872084,0.984238,1
43,11,6,0.871072,0.984134,1
43,11,7,0.873185,0.98434,1
43,11,8,0.871791,0.984162,1
43,11,9,0.871398,0.983766,0
43,12,0,0.880875,0.985457,1
43,12,1,0.880891,0.985446,1
43,12,2,0.880922,0.985471,1
43,12,3,0.88096,0.985439,1
43,12,4,0.880671,0.985285,1
43,12,5,0.880256,0.985411,1
43,12,6,0.879347,0.985322,1
43,12,7,0.88108,0.985474,1
43,12,8,0.87999,0.985342,1
43,12,9,0.879652,0.984981,0
43,13,0,0.887793,0.986429,1
43,13,1,0.887811,0.98642,1
43,13,2,0.887847,0.986444,1
43,13,3,0.888065,0.98644,1
43,13,4,0.887605,0.98627,1
43,13,5,0.887462,0.986423,1
43,13,6,0.886639,0.986346,1
43,13,7,0.888065,0.986457,1
43,13,8,0.88722,0.986361,1
43,13,9,0.886927,0.986029,0
43,14,0,0.893962,0.987282,1
43,14,1,0.893982,0.987273,1
43,14,2,0.894023,0.987296,1
43,14,3,0.894382,0.987315,1
43,14,4,0.89379,0.987133,1
43,14,5,0.893862,0.987306,1
43,14,6,0.893113,0.987239,1
43,14,7,0.894287,0.987316,1
43,14,8,0.89364,0.987249,1
43,14,9,0.893385,0.986942,0
43,15,0,0.899498,0.988034,1
43,15,1,0.899518,0.988026,1
43,15,2,0.899563,0.988049,1
43,15,3,0.900033,0.988084,1
43,15,4,0.899338,0.987895,1
43,15,5,0.899583,0.988083,1
43,15,6,0.898897,0.988023,1
43,15,7,0.899863,0.988075,1
43,15,8,0.899378,0.98803,1
43,15,9,0.899156,0.987744,0
43,16,0,0.904491,0.988704,1
43,16,1,0.904512,0.988697,1
43,16,2,0.90456,0.988719,1
43,16,3,0.905118,0.988767,1
43,16,4,0.904344,0.988573,1
43,16,5,0.904727,0.988771,1
43,16,6,0.904095,0.988718,1
43,16,7,0.904888,0.988749,1
43,16,8,0.904537,0.988722,1
43,16,9,0.904342,0.988455,0
43,17,0,0.909018,0.989303,1
43,17,1,0.90904,0.989296,1
43,17,2,0.909089,0.989318,1
43,17,3,0.909716,0.989376,1
43,17,4,0.908881,0.98918,1
43,17,5,0.909376,0.989385,1
43,17,6,0.908792,0.989337,1
43,17,7,0.909439,0.989351,1
43,17,8,0.909199,0.989339,1
43,17,9,0.909027,0.989089,0
43,18,0,0.91314,0.989843,1
43,18,1,0.913162,0.989837,1
43,18,2,0.913213,0.989858,1
43,18,3,0.913895,0.989924,1
43,18,4,0.913013,0.989726,1
43,18,5,0.913598,0.989936,1
43,18,6,0.913055,0.989893,1
43,18,7,0.91358,0.989893,1
43,18,8,0.913432,0.989893,1
43,18,9,0.91328,0.989657,0
43,19,0,0.916908,0.990331,1
43,19,1,0.916931,0.990325,1
43,19,2,0.916983,0.990346,1
43,19,3,0.917708,0.990418,1
43,19,4,0.91679,0.99022,1
43,19,5,0.917448,0.990433,1
43,19,6,0.916941,0.990394,1
43,19,7,0.917363,0.990384,1
43,19,8,0.917292,0.990392,1
43,19,9,0.917158,0.99017,0
44,0,0,0.579628,0.911842,1
44,0,1,0.568367,0.906613,1
44,0,2,0.583822,0.914527,1
44,0,3,0.458807,0.828375,1
44,0,4,0.585479,0.915048,1
44,0,5,0.405908,0.758835,1
44,0,6,0.453712,0.825469,1
44,0,7,0.579638,0.911677,1
44,0,8,0.455162,0.825055,1
44,0,9,0.400165,0.739239,0
44,1,0,0.647834,0.937342,1
44,1,1,0.640063,0.934812,1
44,1,2,0.650417,0.937859,1
44,1,3,0.33792,0.764228,1
44,1,4,0.651148,0.938077,1
44,1,5,0.31608,0.743408,1
44,1,6,0.335244,0.761372,1
44,1,7,0.647355,0.93678,1
44,1,8,0.335892,0.763299,1
44,1,9,0.307789,0.730937,0
44,2,0,0.698607,0.951188,1
44,2,1,0.693097,0.949575,1
44,2,2,0.700187,0.951284,1
44,2,3,0.403525,0.819211,1
44,2,4,0.700659,0.951499,1
44,2,5,0.376963,0.798156,1
44,2,6,0.400857,0.817478,1
44,2,7,0.697722,0.950424,1
44,2,8,0.401219,0.81807,1
44,2,9,0.36651,0.789309,0
44,3,0,0.737398,0.960246,1
44,3,1,0.733583,0.959329,1
44,3,2,0.738371,0.960267,1
44,3,3,0.460838,0.855434,1
44,3,4,0.738566,0.960323,1
44,3,5,0.432442,0.838235,1
44,3,6,0.45811,0.853713,1
44,3,7,0.736642,0.959796,1
44,3,8,0.458563,0.854794,1
44,3,9,0.420963,0.828577,0
44,4,0,0.767761,0.96655,1
44,4,1,0.765113,0.965973,1
44,4,2,0.768344,0.966506,1
44,4,3,0.510068,0.880663,1
44,4,4,0.768375,0.966514,1
44,4,5,0.481124,0.86593,1
44,4,6,0.507405,0.879226,1
44,4,7,0.767146,0.966201,1
44,4,8,0.507927,0.880216,1
44,4,9,0.470066,0.85821,0
44,5,0,0.792071,0.971175,1
44,5,1,0.79024,0.970802,1
44,5,2,0.792393,0.971094,1
44,5,3,0.552195,0.898888,1
44,5,4,0.792332,0.971086,1
44,5,5,0.523454,0.88616,1
44,5,6,0.549662,0.897696,1
44,5,7,0.791578,0.970891,1
44,5,8,0.550221,0.898575,1
44,5,9,0.513413,0.880075,0
44,6,0,0.811922,0.974704,1
44,6,1,0.810674,0.974459,1
44,6,2,0.812065,0.974599,1
44,6,3,0.588341,0.912541,1
44,6,4,0.811955,0.97459,1
44,6,5,0.560219,0.901411,1
44,6,6,0.585967,0.911559,1
44,6,7,0.811525,0.97446,1
44,6,8,0.586534,0.912322,1
44,6,9,0.551364,0.896601,0
44,7,0,0.828408,0.977479,1
44,7,1,0.827585,0.977321,1
44,7,2,0.828428,0.977366,1
44,7,3,0.619528,0.923103,1
44,7,4,0.828289,0.977352,1
44,7,5,0.592244,0.913268,1
44,7,6,0.617313,0.922264,1
44,7,7,0.82809,0.977272,1
44,7,8,0.617877,0.922949,1
44,7,9,0.58455,0.909407,0
44,8,0,0.842303,0.979717,1
44,8,1,0.841793,0.979618,1
44,8,2,0.842234,0.9796,1
44,8,3,0.646614,0.93148,1
44,8,4,0.84208,0.979584,1
44,8,5,0.620272,0.922699,1
44,8,6,0.644549,0.930753,1
44,8,7,0.842049,0.979538,1
44,8,8,0.645105,0.931373,1
44,8,9,0.613638,0.919556,0
44,9,0,0.854161,0.981557,1
44,9,1,0.853886,0.9815,1
44,9,2,0.85403,0.98144,1
44,9,3,0.670301,0.93827,1
44,9,4,0.853867,0.981422,1
44,9,5,0.644934,0.930355,1
44,9,6,0.668373,0.937631,1
44,9,7,0.853959,0.9814,1
44,9,8,0.668917,0.938197,1
44,9,9,0.639238,0.927762,0
44,10,0,0.864393,0.983095,1
44,10,1,0.864299,0.983076,1
44,10,2,0.864217,0.982981,1
44,10,3,0.691151,0.94385,1
44,10,4,0.864048,0.982962,1
44,10,5,0.666762,0.93672,1
44,10,6,0.689345,0.943277,1
44,10,7,0.864236,0.982966,1
44,10,8,0.68988,0.943829,1
44,10,9,0.661928,0.934913,0
44,11,0,0.873308,0.9844,1
44,11,1,0.873351,0.984403,1
44,11,2,0.873099,0.984289,1
44,11,3,0.709624,0.948549,1
44,11,4,0.872929,0.98427,1
44,11,5,0.686184,0.942023,1
44,11,6,0.707929,0.948035,1
44,11,7,0.873187,0.984285,1
44,11,8,0.708453,0.948545,1
44,11,9,0.682081,0.94053,0
44,12,0,0.881141,0.985522,1
44,12,1,0.881291,0.98554,1
44,12,2,0.880909,0.985412,1
44,12,3,0.726089,0.952542,1
44,12,4,0.880739,0.985394,1
44,12,5,0.703558,0.94653,1
44,12,6,0.724495,0.952076,1
44,12,7,0.88105,0.985418,1
44,12,8,0.725005,0.95255,1
44,12,9,0.700076,0.945284,0
44,13,0,0.888077,0.986494,1
44,13,1,0.888309,0.986525,1
44,13,2,0.887828,0.986388,1
44,13,3,0.740845,0.955972,1
44,13,4,0.887661,0.98637,1
44,13,5,0.719178,0.950405,1
44,13,6,0.739342,0.955547,1
44,13,7,0.888009,0.986401,1
44,13,8,0.739839,0.95599,1
44,13,9,0.716225,0.949372,0
44,14,0,0.894259,0.987346,1
44,14,1,0.894555,0.987386,1
44,14,2,0.893998,0.987243,1
44,14,3,0.754137,0.95895,1
44,14,4,0.893834,0.987226,1
44,14,5,0.733287,0.953769,1
44,14,6,0.752718,0.958561,1
44,14,7,0.894211,0.987261,1
44,14,8,0.753199,0.958976,1
44,14,9,0.730785,0.952893,0
44,15,0,0.899802,0.988098,1
44,15,1,0.900148,0.988144,1
44,15,2,0.899534,0.987998,1
44,15,3,0.766167,0.961559,1
44,15,4,0.899374,0.987982,1
44,15,5,0.746088,0.956714,1
44,15,6,0.764824,0.9612,1
44,15,7,0.899771,0.98802,1
44,15,8,0.765291,0.96159,1
44,15,9,0.743973,0.955967,0
44,16,0,0.9048,0.988766,1
44,16,1,0.905186,0.988818,1
44,16,2,0.904528,0.98867,1
44,16,3,0.777103,0.963862,1
44,16,4,0.904371,0.988654,1
44,16,5,0.75775,0.959314,1
44,16,6,0.775829,0.963529,1
44,16,7,0.904783,0.988694,1
44,16,8,0.776282,0.963897,1
44,16,9,0.755967,0.958673,0
44,17,0,0.90933,0.989365,1
44,17,1,0.909745,0.989419,1
44,17,2,0.909054,0.989271,1
44,17,3,0.787085,0.96591,1
44,17,4,0.908902,0.989256,1
44,17,5,0.768413,0.961626,1
44,17,6,0.785873,0.965599,1
44,17,7,0.909324,0.989298,1
44,17,8,0.786312,0.965947,1
44,17,9,0.766918,0.961072,0
44,18,0,0.913452,0.989903,1
44,18,1,0.913892,0.98996,1
44,18,2,0.913176,0.989813,1
44,18,3,0.796228,0.967741,1
44,18,4,0.913028,0.989798,1
44,18,5,0.778199,0.963693,1
44,18,6,0.795075,0.967451,1
44,18,7,0.913456,0.989841,1
44,18,8,0.7955,0.96778,1
44,18,9,0.776952,0.963214,0
44,19,0,0.91722,0.99039,1
44,19,1,0.917678,0.990449,1
44,19,2,0.916944,0.990303,1
44,19,3,0.804634,0.969389,1
44,19,4,0.916801,0.990288,1
44,19,5,0.78721,0.965553,1
44,19,6,0.803534,0.969117,1
44,19,7,0.917232,0.990332,1
44,19,8,0.803946,0.96943,1
44,19,9,0.786179,0.965136,0
45,0,0,0.575043,0.910088,1
45,0,1,0.437511,0.815872,1
45,0,2,0.586299,0.915058,1
45,0,3,0.426936,0.806487,1
45,0,4,0.567928,0.908588,1
45,0,5,0.400016,0.669725,1
45,0,6,0.400058,0.704021,1
45,0,7,0.550691,0.895441,1
45,0,8,0.410856,0.763056,1
45,0,9,0.400016,0.650132,0
45,1,0,0.644653,0.936331,1
45,1,1,0.327961,0.755416,1
45,1,2,0.651495,0.938289,1
45,1,3,0.322086,0.748392,1
45,1,4,0.639242,0.933943,1
45,1,5,0.314193,0.743773,1
45,1,6,0.313827,0.743311,1
45,1,7,0.62794,0.931356,1
45,1,8,0.318513,0.746477,1
45,1,9,0.309333,0.728574,0
45,2,0,0.696444,0.950632,1
45,2,1,0.392417,0.811505,1
45,2,2,0.700641,0.951591,1
45,2,3,0.385161,0.805021,1
45,2,4,0.692478,0.949069,1
45,2,5,0.374974,0.799539,1
45,2,6,0.374466,0.799086,1
45,2,7,0.684787,0.947892,1
45,2,8,0.380883,0.802875,1
45,2,9,0.368782,0.787603,0
45,3,0,0.735916,0.959912,1
45,3,1,0.449499,0.849306,1
45,3,2,0.738459,0.960364,1
45,3,3,0.441767,0.843651,1
45,3,4,0.733001,0.958823,1
45,3,5,0.429761,0.838101,1
45,3,6,0.42915,0.837692,1
45,3,7,0.727588,0.958265,1
45,3,8,0.436559,0.841402,1
45,3,9,0.42373,0.828649,0
45,4,0,0.766741,0.966335,1
45,4,1,0.49896,0.875628,1
45,4,2,0.768244,0.966552,1
45,4,3,0.491368,0.871078,1
45,4,4,0.764615,0.965541,1
45,4,5,0.477924,0.86552,1
45,4,6,0.477398,0.865223,1
45,4,7,0.760685,0.965317,1
45,4,8,0.485226,0.868521,1
45,4,9,0.472743,0.858146,0
45,5,0,0.791377,0.971038,1
45,5,1,0.541536,0.894703,1
45,5,2,0.792195,0.971116,1
45,5,3,0.534325,0.890956,1
45,5,4,0.789827,0.970437,1
45,5,5,0.51991,0.88563,1
45,5,6,0.519493,0.885427,1
45,5,7,0.786903,0.970388,1
45,5,8,0.527428,0.888334,1
45,5,9,0.515752,0.87982,0
45,6,0,0.811462,0.974618,1
45,6,1,0.578215,0.909012,1
45,6,2,0.811819,0.974612,1
45,6,3,0.571478,0.905895,1
45,6,4,0.810338,0.974152,1
45,6,5,0.556464,0.900851,1
45,6,6,0.556155,0.900716,1
45,6,7,0.808119,0.974198,1
45,6,8,0.564022,0.903289,1
45,6,9,0.553292,0.896196,0
45,7,0,0.82812,0.977427,1
45,7,1,0.609951,0.920072,1
45,7,2,0.828158,0.977371,1
45,7,3,0.603694,0.917421,1
45,7,4,0.827313,0.977056,1
45,7,5,0.588372,0.912694,1
45,7,6,0.588157,0.912607,1
45,7,7,0.825604,0.977158,1
45,7,8,0.595856,0.914895,1
45,7,9,0.586074,0.908892,0
45,8,0,0.842141,0.979688,1
45,8,1,0.63757,0.928838,1
45,8,2,0.841956,0.979601,1
45,8,3,0.631768,0.926553,1
45,8,4,0.841574,0.979385,1
45,8,5,0.61635,0.92213,1
45,8,6,0.616212,0.922077,1
45,8,7,0.840243,0.979521,1
45,8,8,0.623691,0.924126,1
45,8,9,0.614794,0.91897,0
45,9,0,0.854094,0.981545,1
45,9,1,0.661758,0.935938,1
45,9,2,0.853751,0.981438,1
45,9,3,0.656375,0.933939,1
45,9,4,0.853711,0.981293,1
45,9,5,0.641008,0.929801,1
45,9,6,0.640935,0.929772,1
45,9,7,0.852665,0.981449,1
45,9,8,0.648169,0.931621,1
45,9,9,0.640073,0.927133,0
45,10,0,0.864399,0.983095,1
45,10,1,0.683076,0.941793,1
45,10,2,0.863942,0.982977,1
45,10,3,0.678071,0.940022,1
45,10,4,0.864157,0.982884,1
45,10,5,0.66286,0.936146,1
45,10,6,0.66284,0.936135,1
45,10,7,0.863331,0.98305,1
45,10,8,0.669818,0.937815,1
45,10,9,0.662438,0.933843,0
45,11,0,0.873369,0.98441,1
45,11,1,0.701979,0.946698,1
45,11,2,0.872832,0.984283,1
45,11,3,0.697319,0.945124,1
45,11,4,0.873238,0.984233,1
45,11,5,0.682329,0.941474,1
45,11,6,0.682351,0.941475,1
45,11,7,0.872584,0.984401,1
45,11,8,0.689077,0.943017,1
45,11,9,0.682328,0.939416,0
45,12,0,0.881245,0.985537,1
45,12,1,0.718838,0.950861,1
45,12,2,0.88065,0.985406,1
45,12,3,0.714486,0.94944,1
45,12,4,0.881202,0.985384,1
45,12,5,0.699765,0.946006,1
45,12,6,0.699822,0.946016,1
45,12,7,0.880683,0.985556,1
45,12,8,0.7063,0.947435,1
45,12,9,0.70011,0.944199,0
45,13,0,0.888214,0.986514,1
45,13,1,0.733955,0.954436,1
45,13,2,0.887578,0.986382,1
45,13,3,0.72988,0.953147,1
45,13,4,0.888239,0.986382,1
45,13,5,0.715457,0.949904,1
45,13,6,0.715543,0.949921,1
45,13,7,0.887829,0.986553,1
45,13,8,0.721782,0.951234,1
45,13,9,0.716086,0.948302,0
45,14,0,0.894421,0.987369,1
45,14,1,0.747579,0.957536,1
45,14,2,0.893757,0.987238,1
45,14,3,0.74375,0.956354,1
45,14,4,0.894502,0.98725,1
45,14,5,0.729644,0.95329,1
45,14,6,0.729754,0.953314,1
45,14,7,0.89418,0.987424,1
45,14,8,0.735764,0.954529,1
45,14,9,0.730508,0.95192,0
45,15,0,0.899984,0.988123,1
45,15,1,0.759913,0.96025,1
45,15,2,0.899302,0.987993,1
45,15,3,0.756308,0.959163,1
45,15,4,0.90011,0.988019,1
45,15,5,0.742527,0.956257,1
45,15,6,0.742656,0.956285,1
45,15,7,0.89986,0.988189,1
45,15,8,0.748448,0.95742,1
45,15,9,0.743582,0.955026,0
45,16,0,0.904998,0.988794,1
45,16,1,0.771128,0.962645,1
45,16,2,0.904304,0.988665,1
45,16,3,0.767724,0.961636,1
45,16,4,0.905159,0.988699,1
45,16,5,0.754271,0.958877,1
45,16,6,0.754416,0.958908,1
45,16,7,0.904968,0.988868,1
45,16,8,0.760002,0.95997,1
45,16,9,0.755483,0.957763,0
45,17,0,0.909539,0.989393,1
45,17,1,0.781366,0.964773,1
45,17,2,0.908839,0.989266,1
45,17,3,0.778145,0.963837,1
45,17,4,0.909729,0.989309,1
45,17,5,0.765018,0.961208,1
45,17,6,0.765175,0.96124,1
45,17,7,0.909587,0.989474,1
45,17,8,0.770567,0.96224,1
45,17,9,0.766358,0.960193,0
45,18,0,0.91367,0.989932,1
45,18,1,0.790748,0.966675,1
45,18,2,0.912968,0.989808,1
45,18,3,0.787692,0.965802,1
45,18,4,0.913884,0.989857,1
45,18,5,0.774886,0.963292,1
45,18,6,0.775054,0.963327,1
45,18,7,0.913783,0.990018,1
45,18,8,0.780262,0.96427,1
45,18,9,0.776331,0.962364,0
45,19,0,0.917445,0.99042,1
45,19,1,0.799374,0.968386,1
45,19,2,0.916744,0.990298,1
45,19,3,0.79647,0.967568,1
45,19,4,0.917677,0.990352,1
45,19,5,0.783977,0.965168,1
45,19,6,0.784153,0.965204,1
45,19,7,0.917611,0.990509,1
45,19,8,0.789188,0.966096,1
45,19,9,0.785507,0.964314,0
46,0,0,0.579883,0.912408,1
46,0,1,0.583395,0.914271,1
46,0,2,0.584665,0.914999,1
46,0,3,0.583345,0.914539,1
46,0,4,0.586148,0.915811,1
46,0,5,0.564612,0.903942,1
46,0,6,0.576015,0.90754,1
46,0,7,0.58276,0.914461,1
46,0,8,0.57724,0.911346,1
46,0,9,0.406407,0.771612,0
46,1,0,0.647063,0.936619,1
46,1,1,0.650194,0.937951,1
46,1,2,0.650506,0.937907,1
46,1,3,0.649937,0.937573,1
46,1,4,0.651248,0.938117,1
46,1,5,0.63782,0.934384,1
46,1,6,0.645357,0.936499,1
46,1,7,0.64982,0.937869,1
46,1,8,0.646229,0.936827,1
46,1,9,0.312041,0.738118,0
46,2,0,0.697618,0.950607,1
46,2,1,0.70012,0.951503,1
46,2,2,0.700054,0.951372,1
46,2,3,0.699857,0.951214,1
46,2,4,0.700398,0.951438,1
46,2,5,0.691886,0.94962,1
46,2,6,0.696951,0.950737,1
46,2,7,0.699906,0.951469,1
46,2,8,0.697557,0.950932,1
46,2,9,0.372555,0.795757,0
46,3,0,0.736417,0.959752,1
46,3,1,0.738342,0.960384,1
46,3,2,0.738114,0.960227,1
46,3,3,0.738115,0.960158,1
46,3,4,0.738255,0.960235,1
46,3,5,0.732807,0.959333,1
46,3,6,0.736265,0.959969,1
46,3,7,0.738227,0.960372,1
46,3,8,0.736689,0.960086,1
46,3,9,0.428151,0.835776,0
46,4,0,0.766901,0.966126,1
46,4,1,0.768341,0.966597,1
46,4,2,0.768059,0.966471,1
46,4,3,0.768139,0.966394,1
46,4,4,0.76808,0.966466,1
46,4,5,0.764598,0.966022,1
46,4,6,0.766991,0.966358,1
46,4,7,0.768279,0.966603,1
46,4,8,0.767287,0.966447,1
46,4,9,0.477154,0.863568,0
46,5,0,0.791342,0.970824,1
46,5,1,0.792407,0.971177,1
46,5,2,0.792115,0.971062,1
46,5,3,0.792234,0.971004,1
46,5,4,0.792065,0.971045,1
46,5,5,0.789894,0.970868,1
46,5,6,0.791555,0.971049,1
46,5,7,0.79238,0.971188,1
46,5,8,0.79176,0.971112,1
46,5,9,0.520141,0.884488,0
46,6,0,0.811312,0.974409,1
46,6,1,0.81209,0.974679,1
46,6,2,0.811806,0.974577,1
46,6,3,0.811945,0.97453,1
46,6,4,0.811716,0.974554,1
46,6,5,0.810441,0.974534,1
46,6,6,0.811588,0.97462,1
46,6,7,0.812086,0.974692,1
46,6,8,0.811727,0.974666,1
46,6,9,0.557637,0.900286,0
46,7,0,0.827902,0.977228,1
46,7,1,0.828459,0.977439,1
46,7,2,0.828192,0.977347,1
46,7,3,0.828339,0.977308,1
46,7,4,0.828077,0.977321,1
46,7,5,0.82743,0.977398,1
46,7,6,0.828206,0.977424,1
46,7,7,0.828471,0.977453,1
46,7,8,0.828297,0.977458,1
46,7,9,0.590351,0.912528,0
46,8,0,0.841884,0.979501,1
46,8,1,0.842269,0.979666,1
46,8,2,0.842023,0.979587,1
46,8,3,0.84217,0.97955,1
46,8,4,0.841892,0.97956,1
46,8,5,0.841693,0.979695,1
46,8,6,0.842198,0.97968,1
46,8,7,0.842292,0.979681,1
46,8,8,0.842253,0.979706,1
46,8,9,0.618997,0.922191,0
46,9,0,0.853816,0.981368,1
46,9,1,0.854067,0.9815,1
46,9,2,0.853841,0.98143,1
46,9,3,0.853986,0.981396,1
46,9,4,0.853701,0.981402,1
46,9,5,0.853826,0.981575,1
46,9,6,0.854129,0.981534,1
46,9,7,0.854097,0.981516,1
46,9,8,0.854156,0.981554,1
46,9,9,0.644185,0.930059,0
46,10,0,0.864109,0.982929,1
46,10,1,0.864255,0.983037,1
46,10,2,0.864047,0.98297,1
46,10,3,0.864189,0.982944,1
46,10,4,0.863904,0.982944,1
46,10,5,0.864266,0.983142,1
46,10,6,0.864416,0.983084,1
46,10,7,0.864291,0.983052,1
46,10,8,0.864423,0.983099,1
46,10,9,0.666441,0.936579,0
46,11,0,0.873075,0.984253,1
46,11,1,0.873138,0.984341,1
46,11,2,0.872947,0.98428,1
46,11,3,0.873084,0.984256,1
46,11,4,0.872803,0.984254,1
46,11,5,0.873339,0.984467,1
46,11,6,0.873372,0.984397,1
46,11,7,0.873177,0.984356,1
46,11,8,0.873363,0.984408,1
46,11,9,0.68622,0.941995,0
46,12,0,0.880951,0.985389,1
46,12,1,0.880948,0.985461,1
46,12,2,0.880772,0.985406,1
46,12,3,0.880905,0.985384,1
46,12,4,0.88063,0.985381,1
46,12,5,0.881295,0.985601,1
46,12,6,0.881237,0.985523,1
46,12,7,0.880989,0.985476,1
46,12,8,0.881216,0.985532,1
46,12,9,0.703891,0.946587,0
46,13,0,0.887922,0.986375,1
46,13,1,0.887867,0.986434,1
46,13,2,0.887705,0.986384,1
46,13,3,0.887832,0.986362,1
46,13,4,0.887564,0.98636,1
46,13,5,0.888325,0.986584,1
46,13,6,0.888197,0.9865,1
46,13,7,0.88791,0.986448,1
46,13,8,0.888166,0.986507,1
46,13,9,0.719759,0.950499,0
46,14,0,0.894135,0.987237,1
46,14,1,0.894036,0.987287,1
46,14,2,0.893887,0.987239,1
46,14,3,0.894009,0.98722,1
46,14,4,0.893749,0.987216,1
46,14,5,0.89458,0.987442,1
46,14,6,0.894398,0.987355,1
46,14,7,0.89408,0.9873,1
46,14,8,0.894359,0.98736,1
46,14,9,0.734071,0.953936,0
46,15,0,0.899704,0.987998,1
46,15,1,0.899571,0.988039,1
46,15,2,0.899433,0.987996,1
46,15,3,0.89955,0.987978,1
46,15,4,0.899298,0.987973,1
46,15,5,0.900181,0.988198,1
46,15,6,0.899956,0.98811,1
46,15,7,0.899616,0.988052,1
46,15,8,0.899911,0.988113,1
46,15,9,0.747039,0.956918,0
46,16,0,0.904724,0.988675,1
46,16,1,0.904564,0.988709,1
46,16,2,0.904436,0.988668,1
46,16,3,0.904549,0.988651,1
46,16,4,0.904304,0.988647,1
46,16,5,0.905224,0.988869,1
46,16,6,0.904965,0.98878,1
46,16,7,0.904609,0.988722,1
46,16,8,0.904916,0.988782,1
46,16,9,0.758838,0.959546,0
46,17,0,0.909272,0.98928,1
46,17,1,0.90909,0.989308,1
46,17,2,0.908971,0.98927,1
46,17,3,0.909079,0.989254,1
46,17,4,0.908842,0.98925,1
46,17,5,0.909788,0.989469,1
46,17,6,0.909503,0.989379,1
46,17,7,0.909134,0.989321,1
46,17,8,0.90945,0.989381,1
46,17,9,0.769615,0.961878,0
46,18,0,0.913411,0.989824,1
46,18,1,0.91321,0.989848,1
46,18,2,0.9131,0.989812,1
46,18,3,0.913203,0.989797,1
46,18,4,0.912974,0.989792,1
46,18,5,0.913937,0.990008,1
46,18,6,0.913632,0.989919,1
46,18,7,0.913255,0.98986,1
46,18,8,0.913576,0.98992,1
46,18,9,0.779494,0.963961,0
46,19,0,0.917193,0.990317,1
46,19,1,0.916978,0.990336,1
46,19,2,0.916875,0.990303,1
46,19,3,0.916974,0.990288,1
46,19,4,0.916753,0.990283,1
46,19,5,0.917726,0.990496,1
46,19,6,0.917404,0.990407,1
46,19,7,0.917022,0.990348,1
46,19,8,0.917347,0.990407,1
46,19,9,0.788579,0.965832,0
47,0,0,0.586877,0.916425,1
47,0,1,0.561225,0.902959,1
47,0,2,0.586132,0.915706,1
47,0,3,0.538669,0.887207,1
47,0,4,0.58397,0.914397,1
47,0,5,0.499919,0.856522,1
47,0,6,0.511736,0.872987,1
47,0,7,0.581833,0.913109,1
47,0,8,0.532013,0.8844,1
47,0,9,0.521074,0.875571,0
47,1,0,0.652317,0.93855,1
47,1,1,0.634993,0.933433,1
47,1,2,0.651562,0.938252,1
47,1,3,0.618731,0.927702,1
47,1,4,0.650496,0.938005,1
47,1,5,0.358208,0.783492,1
47,1,6,0.598231,0.920796,1
47,1,7,0.649051,0.937486,1
47,1,8,0.613799,0.926405,1
47,1,9,0.603777,0.921089,0
47,2,0,0.701405,0.951797,1
47,2,1,0.689649,0.948957,1
47,2,2,0.700751,0.951605,1
47,2,3,0.677801,0.945646,1
47,2,4,0.700256,0.951454,1
47,2,5,0.423141,0.833051,1
47,2,6,0.661742,0.941312,1
47,2,7,0.699322,0.951142,1
47,2,8,0.674065,0.94486,1
47,2,9,0.666199,0.942103,0
47,3,0,0.739111,0.960523,1
47,3,1,0.731075,0.95889,1
47,3,2,0.738584,0.960387,1
47,3,3,0.722206,0.956728,1
47,3,4,0.738396,0.960324,1
47,3,5,0.479262,0.866031,1
47,3,6,0.709259,0.953742,1
47,3,7,0.737795,0.96013,1
47,3,8,0.719283,0.956232,1
47,3,9,0.713036,0.9543,0
47,4,0,0.768772,0.966663,1
47,4,1,0.763264,0.965701,1
47,4,2,0.76836,0.966565,1
47,4,3,0.756446,0.964192,1
47,4,4,0.768344,0.966544,1
47,4,5,0.527159,0.888971,1
47,4,6,0.745733,0.961983,1
47,4,7,0.767965,0.966418,1
47,4,8,0.754094,0.963854,1
47,4,9,0.749037,0.962414,0
47,5,0,0.792615,0.971196,1
47,5,1,0.788862,0.970634,1
47,5,2,0.792298,0.971125,1
47,5,3,0.783498,0.969526,1
47,5,4,0.792381,0.971126,1
47,5,5,0.567991,0.90562,1
47,5,6,0.774435,0.967808,1
47,5,7,0.792154,0.971041,1
47,5,8,0.781557,0.969284,1
47,5,9,0.777386,0.96816,0
47,6,0,0.812147,0.974671,1
47,6,1,0.809639,0.974358,1
47,6,2,0.811907,0.974619,1
47,6,3,0.805335,0.973514,1
47,6,4,0.812048,0.974631,1
47,6,5,0.602946,0.91815,1
47,6,6,0.797525,0.972126,1
47,6,7,0.811927,0.974573,1
47,6,8,0.8037,0.973333,1
47,6,9,0.800198,0.972424,0
47,7,0,0.828413,0.977414,1
47,7,1,0.826806,0.977264,1
47,7,2,0.828233,0.977376,1
47,7,3,0.823292,0.9766,1
47,7,4,0.828408,0.977394,1
47,7,5,0.633061,0.927873,1
47,7,6,0.816458,0.975447,1
47,7,7,0.828362,0.977354,1
47,7,8,0.82189,0.976461,1
47,7,9,0.818905,0.975705,0
47,8,0,0.842151,0.979632,1
47,8,1,0.841206,0.97959,1
47,8,2,0.84202,0.979603,1
47,8,3,0.838296,0.979055,1
47,8,4,0.842213,0.979625,1
47,8,5,0.659191,0.935609,1
47,8,6,0.832239,0.978075,1
47,8,7,0.842222,0.979597,1
47,8,8,0.837077,0.978945,1
47,8,9,0.834498,0.978303,0
47,9,0,0.853898,0.98146,1
47,9,1,0.853448,0.981493,1
47,9,2,0.853805,0.981439,1
47,9,3,0.851007,0.981053,1
47,9,4,0.854009,0.981462,1
47,9,5,0.682027,0.941897,1
47,9,6,0.84558,0.980204,1
47,9,7,0.854057,0.981443,1
47,9,8,0.849933,0.980964,1
47,9,9,0.847678,0.980409,0
47,10,0,0.864051,0.982992,1
47,10,1,0.863973,0.983076,1
47,10,2,0.863989,0.982977,1
47,10,3,0.861904,0.982709,1
47,10,4,0.864196,0.983001,1
47,10,5,0.702123,0.9471,1
47,10,6,0.856997,0.981963,1
47,10,7,0.864273,0.982988,1
47,10,8,0.860948,0.982636,1
47,10,9,0.858957,0.982149,0
47,11,0,0.872909,0.984294,1
47,11,1,0.873115,0.984414,1
47,11,2,0.872871,0.984284,1
47,11,3,0.871344,0.984103,1
47,11,4,0.87308,0.984307,1
47,11,5,0.719923,0.951471,1
47,11,6,0.866872,0.983439,1
47,11,7,0.873178,0.9843,1
47,11,8,0.870486,0.984042,1
47,11,9,0.868711,0.98361,0
47,12,0,0.880701,0.985414,1
47,12,1,0.881126,0.985559,1
47,12,2,0.880684,0.985406,1
47,12,3,0.879597,0.985292,1
47,12,4,0.880891,0.985429,1
47,12,5,0.735786,0.955191,1
47,12,6,0.875494,0.984696,1
47,12,7,0.881005,0.985426,1
47,12,8,0.87882,0.985241,1
47,12,9,0.877227,0.984853,0
47,13,0,0.887608,0.986386,1
47,13,1,0.888201,0.986549,1
47,13,2,0.887607,0.986382,1
47,13,3,0.886872,0.986318,1
47,13,4,0.88781,0.986404,1
47,13,5,0.750001,0.958394,1
47,13,6,0.883084,0.985777,1
47,13,7,0.887936,0.986403,1
47,13,8,0.886163,0.986274,1
47,13,9,0.884722,0.985924,0
47,14,0,0.89377,0.987239,1
47,14,1,0.894493,0.987414,1
47,14,2,0.893782,0.987236,1
47,14,3,0.89333,0.987212,1
47,14,4,0.893981,0.987258,1
47,14,5,0.762805,0.961178,1
47,14,6,0.889816,0.986718,1
47,14,7,0.894116,0.987259,1
47,14,8,0.89268,0.987174,1
47,14,9,0.891368,0.986855,0
47,15,0,0.8993,0.987992,1
47,15,1,0.900124,0.988176,1
47,15,2,0.899323,0.987991,1
47,15,3,0.899101,0.987997,1
47,15,4,0.899518,0.988013,1
47,15,5,0.774394,0.963619,1
47,15,6,0.895824,0.987543,1
47,15,7,0.899659,0.988015,1
47,15,8,0.898501,0.987965,1
47,15,9,0.897301,0.987671,0
47,16,0,0.90429,0.988662,1
47,16,1,0.905193,0.988852,1
47,16,2,0.904322,0.988663,1
47,16,3,0.904287,0.988693,1
47,16,4,0.904512,0.988684,1
47,16,5,0.784929,0.965778,1
47,16,6,0.90122,0.988273,1
47,16,7,0.904657,0.988688,1
47,16,8,0.903732,0.988664,1
47,16,9,0.902627,0.988394,0
47,17,0,0.908815,0.989262,1
47,17,1,0.909778,0.989455,1
47,17,2,0.908855,0.989264,1
47,17,3,0.908973,0.989313,1
47,17,4,0.90904,0.989284,1
47,17,5,0.794545,0.967698,1
47,17,6,0.906091,0.988923,1
47,17,7,0.909187,0.989289,1
47,17,8,0.908456,0.989288,1
47,17,9,0.907435,0.989037,0
47,18,0,0.912937,0.989803,1
47,18,1,0.913945,0.989997,1
47,18,2,0.912982,0.989806,1
47,18,3,0.913226,0.98987,1
47,18,4,0.913162,0.989825,1
47,18,5,0.803354,0.969418,1
47,18,6,0.910509,0.989506,1
47,18,7,0.913311,0.989831,1
47,18,8,0.912743,0.989848,1
47,18,9,0.911796,0.989614,0
47,19,0,0.916705,0.990292,1
47,19,1,0.917748,0.990487,1
47,19,2,0.916756,0.990296,1
47,19,3,0.917104,0.990372,1
47,19,4,0.916931,0.990314,1
47,19,5,0.811453,0.970966,1
47,19,6,0.914536,0.990031,1
47,19,7,0.917081,0.990321,1
47,19,8,0.916651,0.990352,1
47,19,9,0.915769,0.990133,0
48,0,0,0.581565,0.910105,1
48,0,1,0.546246,0.890414,1
48,0,2,0.585892,0.915404,1
48,0,3,0.569287,0.907461,1
48,0,4,0.5844,0.915036,1
48,0,5,0.417892,0.784864,1
48,0,6,0.451641,0.811931,1
48,0,7,0.563035,0.903814,1
48,0,8,0.569326,0.904463,1
48,0,9,0.403786,0.767913,0
48,1,0,0.648846,0.936859,1
48,1,1,0.624266,0.929279,1
48,1,2,0.651281,0.937773,1
48,1,3,0.64001,0.934492,1
48,1,4,0.650765,0.938154,1
48,1,5,0.320371,0.749172,1
48,1,6,0.334044,0.760867,1
48,1,7,0.636513,0.933785,1
48,1,8,0.640933,0.93486,1
48,1,9,0.311932,0.73917,0
48,2,0,0.699166,0.950724,1
48,2,1,0.681902,0.946466,1
48,2,2,0.700538,0.951204,1
48,2,3,0.692925,0.94944,1
48,2,4,0.700453,0.951604,1
48,2,5,0.383261,0.805518,1
48,2,6,0.399218,0.816201,1
48,2,7,0.69087,0.949217,1
48,2,8,0.693987,0.949769,1
48,2,9,0.371766,0.795217,0
48,3,0,0.737686,0.959815,1
48,3,1,0.725366,0.957267,1
48,3,2,0.738447,0.960094,1
48,3,3,0.733281,0.959067,1
48,3,4,0.738542,0.960438,1
48,3,5,0.439432,0.843891,1
48,3,6,0.456526,0.853174,1
48,3,7,0.732023,0.959034,1
48,3,8,0.734254,0.959339,1
48,3,9,0.426878,0.834977,0
48,4,0,0.767885,0.96614,1
48,4,1,0.75893,0.964517,1
48,4,2,0.76826,0.966302,1
48,4,3,0.764787,0.965754,1
48,4,4,0.768446,0.966634,1
48,4,5,0.488495,0.870887,1
48,4,6,0.505968,0.878893,1
48,4,7,0.764001,0.965806,1
48,4,8,0.765617,0.965953,1
48,4,9,0.475895,0.86344,0
48,5,0,0.792097,0.970805,1
48,5,1,0.785503,0.96975,1
48,5,2,0.792227,0.970904,1
48,5,3,0.789931,0.970611,1
48,5,4,0.792451,0.971198,1
48,5,5,0.530977,0.890534,1
48,5,6,0.548379,0.897478,1
48,5,7,0.789436,0.9707,1
48,5,8,0.790619,0.970765,1
48,5,9,0.51883,0.884327,0
48,6,0,0.811887,0.974367,1
48,6,1,0.806987,0.973671,1
48,6,2,0.811858,0.974427,1
48,6,3,0.810396,0.974296,1
48,6,4,0.812094,0.974691,1
48,6,5,0.56775,0.90532,1
48,6,6,0.584821,0.911405,1
48,6,7,0.810088,0.9744,1
48,6,8,0.810959,0.974415,1
48,6,9,0.55626,0.900095,0
48,7,0,0.828335,0.977171,1
48,7,1,0.824679,0.976713,1
48,7,2,0.828201,0.977206,1
48,7,3,0.827342,0.977179,1
48,7,4,0.828436,0.977445,1
48,7,5,0.599691,0.916774,1
48,7,6,0.61629,0.922163,1
48,7,7,0.827157,0.97729,1
48,7,8,0.827799,0.977272,1
48,7,9,0.588915,0.912317,0
48,8,0,0.842204,0.979434,1
48,8,1,0.839478,0.979138,1
48,8,2,0.842,0.979453,1
48,8,3,0.841582,0.979493,1
48,8,4,0.842228,0.979669,1
48,8,5,0.627576,0.925868,1
48,8,6,0.643634,0.930689,1
48,8,7,0.841483,0.979604,1
48,8,8,0.841952,0.979566,1
48,8,9,0.617507,0.922015,0
48,9,0,0.854047,0.981295,1
48,9,1,0.852027,0.981112,1
48,9,2,0.853795,0.981301,1
48,9,3,0.853705,0.98139,1
48,9,4,0.854013,0.981501,1
48,9,5,0.652063,0.933242,1
48,9,6,0.667552,0.937594,1
48,9,7,0.853665,0.9815,1
48,9,8,0.854003,0.981449,1
48,9,9,0.642659,0.92987,0
48,10,0,0.864269,0.982852,1
48,10,1,0.862794,0.982751,1
48,10,2,0.863985,0.982851,1
48,10,3,0.864142,0.982972,1
48,10,4,0.864193,0.983035,1
48,10,5,0.673694,0.939329,1
48,10,6,0.688611,0.943289,1
48,10,7,0.864143,0.983078,1
48,10,8,0.864381,0.983018,1
48,10,9,0.664903,0.936345,0
48,11,0,0.873178,0.984174,1
48,11,1,0.872129,0.984134,1
48,11,2,0.872873,0.984167,1
48,11,3,0.873217,0.984309,1
48,11,4,0.87307,0.984338,1
48,11,5,0.692912,0.94443,1
48,11,6,0.707269,0.948059,1
48,11,7,0.873247,0.984411,1
48,11,8,0.873407,0.984346,1
48,11,9,0.684681,0.941764,0
48,12,0,0.881009,0.98531,1
48,12,1,0.880296,0.985314,1
48,12,2,0.88069,0.985299,1
48,12,3,0.881176,0.985455,1
48,12,4,0.880876,0.985457,1
48,12,5,0.71008,0.948762,1
48,12,6,0.723898,0.952109,1
48,12,7,0.881227,0.985553,1
48,12,8,0.881325,0.985485,1
48,12,9,0.702357,0.94636,0
48,13,0,0.887943,0.986295,1
48,13,1,0.887498,0.986333,1
48,13,2,0.887617,0.986282,1
48,13,3,0.88821,0.986447,1
48,13,4,0.887792,0.986429,1
48,13,5,0.725498,0.952484,1
48,13,6,0.7388,0.955587,1
48,13,7,0.888277,0.986541,1
48,13,8,0.888325,0.98647,1
48,13,9,0.718235,0.950302,0
48,14,0,0.894125,0.987159,1
48,14,1,0.893895,0.987222,1
48,14,2,0.893795,0.987143,1
48,14,3,0.894471,0.987314,1
48,14,4,0.89396,0.987281,1
48,14,5,0.73941,0.955714,1
48,14,6,0.752222,0.958605,1
48,14,7,0.894549,0.987404,1
48,14,8,0.894557,0.987332,1
48,14,9,0.732563,0.953719,0
48,15,0,0.89967,0.987921,1
48,15,1,0.899614,0.988003,1
48,15,2,0.899338,0.987904,1
48,15,3,0.900077,0.988078,1
48,15,4,0.899495,0.988034,1
48,15,5,0.75202,0.958542,1
48,15,6,0.764368,0.961246,1
48,15,7,0.900163,0.988164,1
48,15,8,0.90014,0.988093,1
48,15,9,0.745552,0.956707,0
48,16,0,0.90467,0.988599,1
48,16,1,0.904756,0.988696,1
48,16,2,0.904339,0.988581,1
48,16,3,0.905125,0.988756,1
48,16,4,0.904487,0.988703,1
48,16,5,0.763498,0.961038,1
48,16,6,0.775409,0.963577,1
48,16,7,0.905217,0.988839,1
48,16,8,0.905168,0.988768,1
48,16,9,0.757373,0.959341,0
48,17,0,0.909201,0.989205,1
48,17,1,0.909403,0.989314,1
48,17,2,0.908873,0.989187,1
48,17,3,0.909695,0.989362,1
48,17,4,0.909013,0.989303,1
48,17,5,0.773986,0.963255,1
48,17,6,0.785484,0.965648,1
48,17,7,0.90979,0.989441,1
48,17,8,0.90972,0.989371,1
48,17,9,0.768174,0.961679,0
48,18,0,0.913326,0.989751,1
48,18,1,0.913623,0.989868,1
48,18,2,0.913002,0.989733,1
48,18,3,0.913849,0.989907,1
48,18,4,0.913135,0.989842,1
48,18,5,0.783605,0.965238,1
48,18,6,0.794714,0.967501,1
48,18,7,0.913947,0.989983,1
48,18,8,0.91386,0.989912,1
48,18,9,0.778078,0.963768,0
48,19,0,0.917097,0.990245,1
48,19,1,0.917472,0.990368,1
48,19,2,0.916777,0.990226,1
48,19,3,0.917643,0.990399,1
48,19,4,0.916903,0.99033,1
48,19,5,0.792455,0.967022,1
48,19,6,0.803197,0.969166,1
48,19,7,0.917742,0.990472,1
48,19,8,0.917641,0.990404,1
48,19,9,0.787189,0.965645,0
49,0,0,0.586538,0.916434,1
49,0,1,0.587458,0.916599,1
49,0,2,0.584068,0.911356,1
49,0,3,0.584623,0.915484,1
49,0,4,0.584562,0.914761,1
49,0,5,0.586807,0.916535,1
49,0,6,0.587023,0.916559,1
49,0,7,0.587279,0.916098,1
49,0,8,0.586766,0.916536,1
49,0,9,0.400796,0.744516,0
49,1,0,0.651443,0.938213,1
49,1,1,0.652701,0.938662,1
49,1,2,0.649446,0.936825,1
49,1,3,0.650023,0.937867,1
49,1,4,0.650815,0.938164,1
49,1,5,0.652096,0.938338,1
49,1,6,0.652472,0.938608,1
49,1,7,0.652139,0.938366,1
49,1,8,0.651841,0.938284,1
49,1,9,0.309305,0.735122,0
49,2,0,0.700499,0.951505,1
49,2,1,0.701672,0.951846,1
49,2,2,0.698999,0.95051,1
49,2,3,0.699488,0.951323,1
49,2,4,0.700453,0.951601,1
49,2,5,0.701181,0.951614,1
49,2,6,0.701553,0.951828,1
49,2,7,0.701064,0.951598,1
49,2,8,0.700892,0.951562,1
49,2,9,0.368029,0.791074,0
49,3,0,0.738306,0.960297,1
49,3,1,0.739292,0.960548,1
49,3,2,0.737212,0.959552,1
49,3,3,0.737601,0.960204,1
49,3,4,0.738515,0.96043,1
49,3,5,0.738913,0.960376,1
49,3,6,0.739236,0.960545,1
49,3,7,0.738743,0.960351,1
49,3,8,0.738646,0.960335,1
49,3,9,0.422776,0.831437,0
49,4,0,0.768095,0.966488,1
49,4,1,0.768892,0.966673,1
49,4,2,0.767312,0.965907,1
49,4,3,0.767613,0.966447,1
49,4,4,0.768412,0.966625,1
49,4,5,0.768606,0.966542,1
49,4,6,0.768873,0.966678,1
49,4,7,0.768425,0.966516,1
49,4,8,0.768376,0.966513,1
49,4,9,0.471851,0.860531,0
49,5,0,0.792059,0.971061,1
49,5,1,0.792691,0.971198,1
49,5,2,0.791509,0.970593,1
49,5,3,0.791738,0.971051,1
49,5,4,0.792415,0.97119,1
49,5,5,0.792479,0.971095,1
49,5,6,0.792696,0.971206,1
49,5,7,0.792304,0.971072,1
49,5,8,0.792287,0.971075,1
49,5,9,0.515034,0.881955,0
49,6,0,0.811696,0.974565,1
49,6,1,0.812192,0.974668,1
49,6,2,0.811321,0.974179,1
49,6,3,0.811494,0.974574,1
49,6,4,0.812059,0.974683,1
49,6,5,0.812037,0.974585,1
49,6,6,0.812211,0.974678,1
49,6,7,0.811874,0.974565,1
49,6,8,0.811878,0.974571,1
49,6,9,0.55278,0.898144,0
49,7,0,0.82805,0.97733,1
49,7,1,0.828435,0.977408,1
49,7,2,0.827806,0.977004,1
49,7,3,0.827934,0.977352,1
49,7,4,0.828403,0.977438,1
49,7,5,0.828324,0.97734,1
49,7,6,0.828462,0.977418,1
49,7,7,0.828176,0.977323,1
49,7,8,0.828194,0.977331,1
49,7,9,0.58576,0.91069,0
49,8,0,0.84186,0.979565,1
49,8,1,0.842156,0.979623,1
49,8,2,0.841717,0.979285,1
49,8,3,0.84181,0.979594,1
49,8,4,0.842197,0.979663,1
49,8,5,0.84208,0.979567,1
49,8,6,0.842189,0.979634,1
49,8,7,0.841946,0.979553,1
49,8,8,0.841974,0.979562,1
49,8,9,0.614655,0.920661,0
49,9,0,0.853666,0.981406,1
49,9,1,0.85389,0.98145,1
49,9,2,0.853601,0.981163,1
49,9,3,0.853665,0.98144,1
49,9,4,0.853985,0.981495,1
49,9,5,0.853842,0.981403,1
49,9,6,0.853927,0.981461,1
49,9,7,0.853721,0.981391,1
49,9,8,0.853755,0.9814,1
49,9,9,0.640086,0.92869,0
49,10,0,0.863868,0.982948,1
49,10,1,0.864033,0.982982,1
49,10,2,0.863862,0.982734,1
49,10,3,0.863904,0.982985,1
49,10,4,0.864167,0.98303,1
49,10,5,0.864006,0.982941,1
49,10,6,0.864072,0.982992,1
49,10,7,0.863898,0.982931,1
49,10,8,0.863936,0.98294,1
49,10,9,0.662578,0.93532,0
49,11,0,0.872766,0.984258,1
49,11,1,0.872883,0.984283,1
49,11,2,0.872806,0.984067,1
49,11,3,0.872831,0.984297,1
49,11,4,0.873046,0.984333,1
49,11,5,0.872874,0.984248,1
49,11,6,0.872924,0.984293,1
49,11,7,0.872776,0.984239,1
49,11,8,0.872817,0.984249,1
49,11,9,0.682576,0.940865,0
49,12,0,0.880592,0.985384,1
49,12,1,0.88067,0.985402,1
49,12,2,0.880668,0.985212,1
49,12,3,0.880679,0.985424,1
49,12,4,0.880854,0.985453,1
49,12,5,0.880675,0.985371,1
49,12,6,0.880711,0.985412,1
49,12,7,0.880586,0.985364,1
49,12,8,0.880629,0.985373,1
49,12,9,0.700445,0.945563,0
49,13,0,0.887526,0.986362,1
49,13,1,0.887572,0.986375,1
49,13,2,0.887631,0.986206,1
49,13,3,0.88763,0.986402,1
49,13,4,0.887772,0.986426,1
49,13,5,0.887588,0.986347,1
49,13,6,0.887614,0.986384,1
49,13,7,0.887508,0.986341,1
49,13,8,0.887552,0.986351,1
49,13,9,0.716493,0.94959,0
49,14,0,0.893711,0.987218,1
49,14,1,0.893731,0.987227,1
49,14,2,0.893839,0.987077,1
49,14,3,0.893828,0.987259,1
49,14,4,0.893942,0.987278,1
49,14,5,0.893756,0.987203,1
49,14,6,0.893772,0.987236,1
49,14,7,0.893683,0.987198,1
49,14,8,0.893728,0.987207,1
49,14,9,0.730972,0.953078,0
49,15,0,0.899261,0.987975,1
49,15,1,0.899259,0.98798,1
49,15,2,0.899406,0.987845,1
49,15,3,0.899388,0.988016,1
49,15,4,0.899477,0.988031,1
49,15,5,0.899291,0.987959,1
49,15,6,0.8993,0.987989,1
49,15,7,0.899225,0.987954,1
49,15,8,0.89927,0.987963,1
49,15,9,0.744092,0.956125,0
49,16,0,0.904268,0.988648,1
49,16,1,0.904248,0.988651,1
49,16,2,0.904427,0.988528,1
49,16,3,0.904402,0.988688,1
49,16,4,0.904471,0.9887,1
49,16,5,0.904285,0.988631,1
49,16,6,0.904287,0.988659,1
49,16,7,0.904225,0.988628,1
49,16,8,0.90427,0.988636,1
49,16,9,0.756031,0.95881,0
49,17,0,0.908807,0.989251,1
49,17,1,0.908771,0.989251,1
49,17,2,0.908976,0.98914,1
49,17,3,0.908947,0.989291,1
49,17,4,0.908998,0.9893,1
49,17,5,0.908813,0.989234,1
49,17,6,0.90881,0.989259,1
49,17,7,0.908758,0.98923,1
49,17,8,0.908803,0.989239,1
49,17,9,0.766936,0.961192,0
49,18,0,0.91294,0.989794,1
49,18,1,0.912891,0.989792,1
49,18,2,0.913118,0.98969,1
49,18,3,0.913084,0.989833,1
49,18,4,0.913121,0.98984,1
49,18,5,0.912938,0.989776,1
49,18,6,0.91293,0.9898,1
49,18,7,0.912887,0.989773,1
49,18,8,0.912932,0.989781,1
49,18,9,0.776933,0.963318,0
49,19,0,0.916719,0.990285,1
49,19,1,0.91666,0.990281,1
49,19,2,0.916903,0.990187,1
49,19,3,0.916866,0.990323,1
49,19,4,0.91689,0.990328,1
49,19,5,0.916709,0.990267,1
49,19,6,0.916698,0.990289,1
49,19,7,0.916662,0.990264,1
49,19,8,0.916707,0.990272,1
49,19,9,0.786127,0.965228,0
